ID	Q	A	I	R	P	N	O
4991	1	0	4	0	0	0	0
10631	4	0	0	0	2	0	0
11001	0	5	0	0	0	0	0
11011	0	3	0	0	2	1	0
12021	0	0	0	0	4	0	1
16061	0	0	5	0	0	0	0
20851	5	0	0	0	0	0	0
20861	0	0	0	0	5	0	0
7790	1	4	1	1	1	0	0
1171	5	0	0	0	0	0	0
1291	0	0	0	0	5	0	0
570	0	0	0	0	4	0	1
1401	0	1	0	0	1	1	2
300	0	3	0	0	1	0	0
370	0	3	0	0	2	0	1
390	0	1	0	0	3	0	1
400	0	0	1	0	2	1	1
5930	0	0	2	0	2	0	1
6340	0	1	1	0	2	0	1
6840	1	2	0	0	2	0	0
1581	5	0	0	0	0	0	0
1621	0	5	0	0	0	0	0
350	0	0	0	0	5	0	0
470	0	0	0	0	2	0	3
730	0	4	0	0	0	1	1
1761	0	1	0	0	4	0	0
2081	0	3	0	0	2	0	1
2211	0	2	1	0	2	0	1
2651	0	1	0	0	2	0	2
2911	0	0	0	0	2	1	2
3161	0	0	0	0	5	0	0
3241	0	1	0	0	3	0	1
6880	0	0	0	0	4	0	1
3341	0	4	0	1	0	1	0
790	0	0	0	0	5	0	0
1050	0	0	0	0	5	0	0
3401	0	1	1	0	3	0	0
10781	0	1	0	0	2	0	2
17151	0	0	0	0	4	1	0
17381	0	0	0	1	4	0	0
7721	3	1	1	0	0	0	0
7911	3	0	2	0	1	0	0
7941	0	3	0	2	0	0	0
7961	0	0	2	0	3	1	0
2750	0	0	1	1	4	0	0
8041	0	2	0	1	3	0	1
2510	5	0	0	0	0	0	0
2520	0	3	0	1	1	0	0
2590	5	0	0	0	0	0	0
2600	0	4	0	0	1	0	0
2610	0	0	0	0	4	0	1
2720	5	0	0	0	0	0	0
2730	1	1	0	3	0	0	0
2870	0	0	5	0	0	0	0
2880	0	4	0	1	0	0	0
8071	0	3	0	1	1	0	0
2640	1	0	4	0	0	3	0
8161	0	1	1	1	1	2	0
2550	1	2	0	0	1	2	0
8191	0	1	0	1	0	3	0
2580	0	1	0	2	1	2	0
8371	0	0	3	0	1	4	0
3020	1	2	0	0	0	2	0
3040	0	3	1	0	1	0	0
3820	0	0	3	0	3	0	2
8511	2	0	4	0	1	0	0
3050	1	1	1	0	3	0	0
8531	1	1	3	0	3	0	0
3060	0	1	0	0	4	0	0
3850	0	2	0	0	4	0	0
3870	0	0	0	0	4	1	0
3880	0	1	0	4	0	0	1
8591	0	1	2	0	2	0	0
8621	0	4	0	0	2	0	0
3070	0	0	0	0	5	0	0
3140	2	2	0	0	1	1	0
8631	1	1	1	0	1	0	2
2780	2	0	2	1	0	0	0
2900	1	1	1	5	0	0	0
8671	0	0	3	0	3	0	1
2950	0	0	0	0	5	0	1
8711	0	0	1	0	5	1	0
8891	2	2	0	1	1	0	0
3240	1	0	0	0	4	0	1
3250	5	0	0	0	0	0	0
3270	0	3	0	0	1	0	1
3460	0	0	0	0	2	0	3
3860	4	1	0	0	0	0	0
9011	0	0	0	0	4	0	1
9161	0	0	0	0	5	0	0
9191	2	3	1	0	1	0	0
3010	0	1	1	3	1	0	0
3030	0	0	4	1	1	0	0
9221	0	1	1	0	0	2	2
9241	0	0	2	0	1	2	0
9261	0	0	2	2	1	1	0
9521	5	0	0	0	1	0	0
3230	0	3	1	1	0	0	1
3280	0	4	0	1	0	0	0
3300	5	0	0	0	0	0	0
3320	1	2	1	1	1	0	0
9891	1	1	1	1	0	1	1
3560	0	0	0	0	1	4	0
10011	3	2	0	0	0	0	0
10151	1	0	2	0	3	0	0
10371	2	0	1	0	3	0	0
13441	2	0	4	0	0	0	0
13501	0	0	1	0	5	0	0
5430	1	2	0	0	3	1	0
6310	4	0	1	0	0	0	0
6350	0	4	0	0	0	0	0
13751	0	2	0	0	2	0	1
5980	2	3	2	0	1	2	0
14311	0	2	0	1	3	0	0
18271	0	0	0	0	1	0	5
4971	0	2	0	1	1	0	1
5271	0	1	1	0	2	0	1
5301	4	0	0	0	0	0	1
6691	0	0	0	0	5	0	0
2020	0	0	0	0	5	0	0
6791	0	0	0	0	1	2	2
10601	3	2	0	0	0	0	0
10721	0	2	0	0	3	0	0
10751	0	4	0	1	0	0	0
12741	0	3	0	2	0	0	0
12861	1	3	0	1	1	0	0
16051	0	0	5	0	0	0	0
17021	0	0	1	0	4	0	0
17051	0	0	1	0	3	1	0
17071	0	3	0	1	0	1	0
6860	2	0	2	0	3	0	0
7170	0	2	1	0	4	0	0
20621	0	0	0	0	2	0	3
20761	1	0	0	0	5	0	0
7740	0	0	0	0	5	0	0
20871	0	0	0	0	5	0	0
7750	0	1	0	0	3	0	1
20941	0	0	0	0	5	0	0
7760	0	0	0	0	5	0	0
20951	0	0	0	0	5	0	0
20961	0	0	0	0	5	0	1
21251	0	0	0	0	5	0	0
21261	0	0	0	0	5	0	0
21281	0	0	0	0	5	0	0
21421	0	0	0	0	4	0	1
21461	0	0	0	0	5	0	0
22111	0	0	0	0	5	0	0
1151	4	1	1	0	0	0	0
1181	0	4	0	1	0	1	0
200	0	0	0	0	1	4	0
210	0	2	1	0	2	0	1
1371	0	4	1	1	1	0	0
1381	0	4	0	1	0	0	1
280	0	1	0	0	4	0	0
520	3	0	0	0	4	0	0
1380	0	0	0	0	3	0	2
4451	0	5	0	1	0	0	0
4461	0	5	0	0	0	0	0
6431	0	5	0	0	0	0	0
7671	5	0	0	0	0	0	0
7691	0	5	0	0	1	0	0
8001	0	1	0	0	4	0	0
8241	0	4	0	0	1	0	0
2670	0	2	0	0	1	0	2
2700	4	0	0	0	0	0	1
8311	0	5	0	0	1	0	1
2680	5	0	0	0	0	0	0
2710	1	3	0	0	0	0	1
8321	0	5	0	0	0	0	0
2690	0	0	0	0	5	0	0
8471	1	1	0	0	3	1	1
8501	0	1	0	1	2	0	1
8661	0	1	0	0	3	0	1
2820	0	0	0	0	4	0	0
3160	0	0	0	0	4	0	1
8801	1	1	0	0	3	0	1
3090	0	0	0	0	3	0	2
3100	0	4	0	0	0	0	1
3150	4	0	0	0	0	0	1
3330	0	2	0	0	2	0	1
8811	0	3	0	0	2	0	0
8911	0	1	0	0	2	0	2
9111	0	4	0	0	1	0	0
9471	0	2	1	0	1	0	1
13401	4	0	2	0	1	0	0
13461	0	3	0	2	0	0	0
13701	0	1	0	1	4	0	0
13951	0	1	0	0	5	0	0
14951	0	1	0	1	2	0	1
6210	0	2	0	1	1	1	0
15001	0	3	0	1	1	0	1
15041	0	2	1	0	2	0	0
6250	3	0	1	0	0	1	0
15111	0	5	0	0	0	0	0
15421	0	0	0	0	5	0	1
18261	5	0	0	0	0	0	1
18331	0	4	0	0	0	0	1
4941	0	1	0	0	0	0	4
10561	1	0	4	0	0	0	0
10671	0	0	3	2	4	0	0
16021	0	1	0	0	0	0	4
16031	0	0	0	0	4	0	1
16041	0	0	0	0	4	0	1
16071	0	0	0	0	5	0	0
16091	0	0	0	0	4	0	2
16121	0	0	0	0	4	0	1
16181	0	0	0	1	4	0	0
16251	0	0	0	0	5	0	0
16311	0	0	0	0	5	0	0
16341	0	0	0	0	5	0	0
16441	0	0	0	0	5	0	0
16491	0	0	0	0	4	0	1
16501	0	0	0	0	4	0	1
16511	0	0	0	1	4	0	0
16541	0	0	0	0	5	0	0
16591	0	0	0	0	5	0	0
16831	0	0	0	0	4	0	1
20591	0	0	3	0	0	2	0
20681	1	2	0	0	2	1	1
7770	0	3	1	0	1	0	0
20801	0	0	0	0	5	0	0
20881	0	4	2	1	0	0	0
20891	1	0	0	0	5	0	0
21001	0	4	0	0	0	1	1
7800	1	3	0	1	1	1	1
1141	3	0	2	1	0	0	0
4531	0	4	0	2	1	0	0
7571	0	1	0	0	3	0	2
7651	0	0	0	0	5	0	0
2740	0	0	0	0	5	0	0
8421	0	0	0	0	5	0	0
8431	0	0	0	0	5	0	0
8441	0	0	0	0	4	0	1
10041	4	0	0	0	0	0	1
13381	2	0	3	0	0	0	0
13421	0	5	0	0	0	0	0
5400	0	4	0	2	0	0	0
18251	5	0	0	0	0	0	1
18341	3	2	0	0	0	0	0
18401	2	1	1	0	1	0	0
18411	1	3	0	0	1	0	0
4921	0	0	5	0	0	1	0
5041	0	0	0	3	0	1	1
1480	5	0	0	0	0	0	0
5131	0	0	2	0	3	1	0
5311	2	0	1	0	2	0	0
5341	0	1	0	1	3	0	0
6501	0	1	0	4	0	0	0
6551	0	1	0	1	4	0	0
10541	0	0	4	0	2	0	0
10551	0	1	1	0	1	2	1
10931	0	1	0	0	2	1	1
11021	0	3	0	2	0	0	0
4090	0	1	0	0	4	0	0
11501	0	0	0	5	0	0	0
11521	0	1	0	1	2	1	0
4110	1	2	1	0	2	0	0
4650	0	0	1	0	4	0	0
4720	0	0	1	0	4	1	0
11781	0	2	0	1	2	0	0
11961	1	1	2	0	5	1	0
12331	0	0	0	0	5	0	0
4730	0	0	0	5	0	0	0
12441	0	5	0	0	0	0	0
15931	0	0	0	0	3	0	2
18971	0	0	0	0	5	0	0
7940	0	0	0	0	4	0	2
19011	0	0	0	0	3	0	2
19111	0	0	0	0	3	0	2
19151	0	0	0	0	5	0	0
19181	0	0	0	0	5	0	0
7580	0	0	0	0	5	0	1
19191	0	0	1	0	4	0	1
19401	0	0	0	0	5	0	0
19441	0	0	0	0	4	0	1
19511	0	0	0	0	5	0	0
19571	0	0	2	0	4	0	0
19601	0	0	0	0	5	0	0
19611	0	0	0	0	3	0	2
19631	0	0	0	0	4	0	1
19641	0	0	0	0	4	0	1
19661	0	0	1	1	4	0	1
19691	0	0	0	0	5	0	0
19821	0	0	0	0	5	0	0
19851	0	0	0	0	2	0	3
19891	0	0	0	0	5	0	0
7510	0	0	0	0	4	0	1
19921	0	0	0	0	4	0	1
19941	0	0	0	0	5	0	0
7860	0	0	0	0	5	0	0
20061	0	0	0	0	3	0	2
20081	0	0	0	0	5	0	0
20121	0	0	0	0	5	0	0
20131	0	1	0	0	3	0	1
20151	0	0	0	0	3	0	2
20181	0	0	0	0	5	0	0
20191	0	0	0	0	3	0	2
20211	0	0	0	0	5	0	0
20221	0	0	0	0	3	0	2
20231	0	0	0	0	4	0	1
20251	0	0	0	0	5	0	0
20261	0	0	0	0	5	0	0
20281	0	0	0	0	5	0	0
20301	0	0	0	0	4	0	1
20311	0	0	0	0	4	1	0
20321	4	0	0	0	3	0	0
20331	0	0	0	0	4	0	1
20361	0	0	0	0	4	0	1
20371	0	0	0	0	4	0	1
20401	0	0	0	0	4	0	1
20461	0	0	0	0	5	0	0
20471	0	0	0	0	0	0	5
20651	0	0	0	0	5	0	0
20661	0	1	0	0	3	0	1
20671	0	0	0	1	5	0	1
20831	0	0	0	0	5	0	0
20911	0	0	0	0	5	0	0
21011	0	0	0	0	5	0	1
21021	0	0	0	0	4	0	1
21031	0	0	0	0	4	0	1
21131	0	0	0	0	5	0	0
21141	0	0	0	0	4	0	1
21151	0	0	0	0	5	0	0
21161	0	0	0	0	4	0	1
21171	0	0	0	0	5	0	0
21181	0	0	0	0	3	0	2
21191	0	0	0	0	2	0	3
21211	0	0	0	0	2	0	3
21271	0	0	0	0	5	0	0
21291	0	0	0	0	4	0	1
21301	0	0	0	0	5	0	0
21351	0	0	0	0	5	0	0
21361	0	0	0	0	3	0	2
21401	0	0	0	0	5	0	0
21411	0	0	0	0	4	0	1
21501	0	0	0	0	5	0	0
21511	0	0	0	0	3	0	2
21521	0	0	0	0	3	0	2
21541	0	0	0	0	5	0	0
21581	0	0	0	0	4	0	1
21591	0	0	0	0	4	0	1
21601	0	0	0	0	5	0	0
21621	0	0	0	0	4	0	1
21651	0	0	0	0	4	0	1
21671	0	0	0	0	3	0	2
21681	0	0	0	0	5	0	0
21831	0	0	0	0	5	0	0
21901	0	0	0	0	5	0	0
21941	0	0	0	0	3	0	1
21991	0	0	1	1	3	0	0
22001	0	0	1	0	5	0	0
22011	0	0	0	0	5	0	0
22021	0	0	0	0	5	0	0
22031	0	0	0	0	5	0	0
22061	0	0	0	0	4	0	1
22071	0	0	0	0	5	0	0
22081	0	0	0	0	4	0	1
22101	0	0	0	0	5	0	0
22121	0	0	0	0	5	0	0
22131	0	0	0	0	5	0	0
22141	0	0	0	0	4	0	1
7950	0	0	0	0	4	0	1
20561	0	0	0	0	3	0	2
20841	0	0	0	0	4	0	1
7780	0	0	0	0	5	0	0
7880	0	0	0	0	4	0	1
7890	0	0	0	0	5	0	0
20901	0	0	0	0	5	0	0
20921	0	0	0	0	3	0	2
20931	0	0	0	0	0	0	5
20971	0	0	0	0	3	0	2
20981	2	0	0	0	2	0	1
20991	0	0	0	0	2	0	3
21081	0	0	0	0	4	0	1
21381	0	0	0	0	4	0	1
21441	0	0	0	0	4	0	1
21451	0	0	0	0	4	0	1
21471	0	0	0	0	3	0	2
21481	0	0	0	0	5	0	0
21731	0	0	0	0	4	0	0
21911	0	0	0	0	5	0	0
21931	0	0	0	0	4	0	1
21951	0	0	0	0	5	0	0
21961	0	0	0	0	4	0	1
21971	0	0	0	0	4	0	1
21981	0	0	0	0	3	0	2
1091	4	0	2	0	0	0	0
1121	0	3	0	2	0	0	0
1191	0	5	0	0	1	0	0
310	1	1	1	0	4	0	0
1341	0	5	0	0	0	0	0
7441	0	0	0	0	3	0	2
7781	0	1	0	0	4	0	0
2930	0	0	0	0	5	0	0
3680	0	1	0	0	3	0	0
4200	0	0	1	0	4	0	0
4290	0	0	0	0	4	0	1
4660	2	0	0	0	5	0	0
4670	0	1	0	0	4	0	1
4700	0	0	0	1	4	1	0
8011	0	0	0	0	5	0	0
2490	0	0	1	0	5	0	0
2660	1	1	0	2	1	0	1
3540	1	5	0	0	0	0	0
3550	0	1	0	0	1	0	3
8141	2	0	1	0	5	0	0
4170	0	2	0	2	2	0	0
4190	0	1	0	0	2	0	1
8171	0	3	0	0	2	1	0
2570	0	0	0	1	3	0	1
2800	0	1	0	0	4	0	1
2840	0	0	0	0	5	0	0
8691	0	0	4	0	0	1	0
2790	0	2	0	0	1	0	1
8701	1	0	2	0	3	1	0
8881	0	0	1	0	4	0	0
9071	0	1	0	3	0	0	1
2970	4	0	2	0	0	0	0
2980	0	4	0	0	1	0	0
3000	0	0	1	1	2	0	1
9131	0	0	0	1	5	0	0
2990	0	0	0	0	4	0	0
9151	0	0	0	0	5	0	0
9181	0	0	0	0	5	0	0
9321	0	0	0	0	5	0	0
9421	0	0	0	0	5	0	0
9571	0	0	0	0	5	0	0
9591	0	0	0	0	5	0	0
9931	4	1	0	0	0	0	0
3570	0	4	0	0	0	0	0
4030	0	1	0	0	5	0	0
9971	0	0	0	0	5	0	0
10001	0	0	0	0	5	0	0
10261	0	0	0	0	5	0	0
10621	0	0	0	0	5	0	0
10731	0	0	0	0	4	0	1
11031	0	0	0	0	5	0	0
11081	0	0	0	0	5	0	0
11871	4	0	0	0	1	0	0
4260	0	5	0	0	0	0	0
4310	0	4	0	0	1	0	0
4540	0	0	1	1	3	0	0
4580	0	0	0	0	4	1	0
5820	1	0	3	0	1	0	0
12431	0	1	0	3	3	0	0
4790	1	0	1	0	4	0	0
15221	0	0	0	0	5	0	0
13161	0	0	4	1	0	0	0
18211	5	0	1	0	0	0	0
4771	4	1	0	0	0	0	0
4841	1	4	0	0	0	0	0
13131	0	5	0	0	1	0	0
10521	3	1	3	0	0	0	0
10711	1	3	0	2	1	0	0
4020	0	0	0	0	4	0	1
11051	2	0	3	0	0	0	0
15871	5	0	0	0	0	0	0
15881	1	4	0	0	0	0	0
20551	2	0	0	0	4	0	1
20601	1	2	0	0	2	0	0
1071	0	0	4	0	1	0	0
1111	0	0	1	1	5	0	0
1601	0	0	0	1	0	2	2
320	0	0	1	0	3	0	1
1661	0	0	1	1	1	2	0
380	0	1	0	0	2	0	2
7391	5	0	0	0	1	0	0
7431	1	4	0	0	0	0	0
7461	0	4	0	0	1	0	0
7521	0	2	1	1	3	0	1
7551	1	4	0	1	1	0	0
2810	1	3	1	1	1	0	0
7661	0	5	0	0	0	0	0
7761	0	4	0	0	1	1	0
7831	0	3	0	0	3	0	0
7921	0	1	1	0	1	2	1
2830	1	3	0	0	1	2	0
8601	0	1	0	0	5	0	0
13091	1	2	0	0	3	0	0
13191	0	3	0	1	1	0	1
13261	0	0	0	5	1	0	0
13371	0	0	3	0	1	0	1
5390	0	5	0	0	0	0	0
13431	0	1	0	2	0	0	2
14441	0	0	0	0	5	0	0
18181	0	0	0	0	0	0	5
4751	1	0	0	0	2	0	3
10501	0	0	5	0	0	0	0
15831	1	0	4	0	0	0	0
20341	0	2	0	0	3	0	1
20411	0	0	0	0	5	0	0
20481	0	0	0	0	4	0	1
20531	0	0	0	0	5	0	0
20571	0	0	0	0	5	0	0
1061	0	0	4	0	0	1	0
1131	0	2	0	4	0	0	0
1441	0	0	0	3	2	0	0
1451	0	0	0	0	5	0	0
2291	0	3	1	2	0	0	0
7371	0	0	4	0	0	1	0
13051	2	0	4	0	0	0	0
13571	1	0	1	2	1	0	0
18161	0	1	0	0	1	0	4
18171	0	2	0	0	2	1	0
7160	0	2	0	0	1	2	0
18191	0	2	0	0	0	3	0
18201	1	4	0	0	1	0	0
18231	0	2	0	0	3	0	0
18381	2	0	0	0	4	0	1
20741	0	2	0	0	4	0	0
4711	2	0	3	0	0	1	0
10481	0	0	5	0	0	0	0
10511	1	1	2	1	0	0	1
3840	0	2	1	1	0	0	2
10531	0	0	4	1	0	0	0
15781	0	2	0	0	0	0	3
17871	0	4	0	0	0	0	1
20241	0	0	5	0	0	0	0
20391	0	0	4	0	0	2	0
7630	0	0	2	2	3	0	0
1041	0	1	1	0	1	0	2
1081	0	0	1	0	0	0	4
120	0	1	0	0	3	0	1
140	0	0	0	0	5	0	0
1101	0	3	0	0	1	0	1
160	0	1	0	0	4	0	0
230	0	0	0	0	5	0	0
7321	1	0	4	0	0	0	0
7331	0	0	3	0	3	0	0
7351	0	0	1	0	3	1	0
7451	0	0	1	0	0	5	0
7501	1	0	0	4	1	0	0
7631	0	0	0	2	3	0	0
13041	2	0	4	0	0	0	0
13071	0	4	0	2	3	0	0
5490	0	2	0	0	3	0	0
13361	0	0	0	0	4	0	1
14961	0	0	0	0	4	0	1
18121	5	0	0	0	0	0	0
4601	0	1	0	1	2	0	2
10471	0	0	0	0	5	0	0
11651	0	0	1	0	0	5	0
11991	4	0	0	0	1	0	0
4430	0	0	0	0	2	4	0
12381	0	0	0	0	5	0	0
12391	0	0	0	4	2	0	0
4770	0	0	2	1	4	0	0
6330	0	0	5	0	1	0	0
6950	0	0	1	1	3	0	1
6960	0	2	0	1	3	0	0
6980	0	2	0	0	3	0	0
14751	0	0	0	1	4	1	0
6180	0	1	0	0	4	0	0
6200	0	0	0	0	5	0	0
6730	0	3	0	0	2	0	0
16191	2	0	3	0	0	0	0
16321	0	0	0	0	3	0	2
16861	1	0	1	0	3	0	2
17181	0	0	0	0	5	0	0
7030	0	0	0	0	5	0	0
17581	0	0	0	0	4	0	1
7020	0	0	0	0	4	0	1
7040	0	0	5	0	0	0	0
17691	0	1	0	0	2	0	2
15741	1	1	0	0	0	0	3
15761	0	0	0	0	4	0	1
15791	0	1	0	0	2	0	2
15801	0	0	0	0	2	3	0
6820	0	4	1	0	1	0	0
15971	0	0	0	0	3	0	2
15991	2	1	0	0	2	0	1
6710	0	3	0	0	1	0	1
6830	0	1	0	2	0	1	1
16001	4	0	0	0	0	0	1
6700	0	4	0	0	0	0	1
18131	0	2	0	0	2	0	1
20171	0	0	1	0	4	2	1
1031	1	1	0	0	0	0	3
1261	0	2	0	0	3	0	1
1271	0	0	0	0	1	0	4
1681	0	1	0	0	3	0	1
560	0	1	0	0	2	0	2
880	0	1	0	1	4	0	1
1640	0	1	0	0	4	0	1
1980	0	2	0	0	3	0	2
1701	0	2	0	0	0	0	3
2050	3	0	0	0	4	0	0
1791	1	2	0	0	0	0	2
450	4	0	1	0	2	0	0
990	0	0	0	0	0	2	3
1370	0	2	0	1	1	0	1
1851	0	2	0	0	2	0	1
1891	0	1	0	0	2	0	2
460	5	0	0	0	0	0	0
1030	0	4	0	0	1	0	0
1931	0	3	0	0	1	0	1
890	4	0	0	0	1	0	1
1941	0	1	0	0	1	0	3
1040	4	1	0	0	1	0	0
1110	0	1	0	0	2	0	2
1740	1	1	0	0	2	0	1
1991	0	1	0	0	2	0	2
2031	0	2	0	0	1	0	3
2181	0	1	0	0	2	0	2
1060	0	2	0	0	2	0	1
2231	0	2	0	0	0	0	1
2241	0	1	0	0	1	0	3
2251	0	1	0	0	2	0	2
2261	0	2	0	0	0	0	3
2301	0	1	0	0	3	0	1
1070	0	0	0	0	4	0	1
1530	0	1	0	0	1	2	1
2321	0	2	0	0	2	0	0
900	2	1	0	0	2	0	1
970	0	0	0	1	4	0	0
2331	0	1	0	0	2	0	2
580	2	1	0	0	1	0	1
590	0	2	0	0	3	0	0
1340	1	0	1	0	3	0	0
1630	0	0	0	0	4	0	2
2351	1	1	0	0	3	0	2
2361	0	0	0	0	4	0	1
1670	0	0	0	0	4	0	1
2371	1	1	0	0	3	0	1
2411	0	4	0	0	1	0	0
2461	0	2	0	0	1	0	2
2501	0	1	0	0	2	0	2
2511	0	4	0	0	2	0	1
2521	0	2	0	0	2	0	1
2531	0	3	0	0	0	0	3
2541	0	1	0	0	5	0	0
2551	0	0	0	0	3	0	2
2591	0	1	0	0	3	0	1
2611	1	2	0	0	0	0	2
2661	0	1	0	0	2	0	2
2701	0	2	0	0	1	0	2
2871	0	1	0	0	2	0	2
2891	0	2	0	0	2	0	1
2901	0	1	0	0	2	0	2
1970	0	1	0	0	1	0	2
2931	0	1	0	0	1	0	3
2941	0	0	0	0	3	0	2
2951	1	1	0	0	1	0	2
2971	0	1	0	0	0	0	4
2981	0	3	0	0	0	0	2
700	0	0	0	0	5	0	0
2991	1	1	0	0	2	0	1
3001	0	1	0	0	1	0	3
3011	0	1	0	0	4	0	0
3021	0	2	0	0	3	0	0
810	0	0	0	0	3	0	2
3031	0	2	0	0	3	0	1
3051	0	1	0	0	2	0	2
3061	0	2	0	0	1	0	2
3071	0	1	0	0	2	0	3
820	0	0	0	0	3	0	2
3081	0	0	0	0	1	0	4
3131	0	1	0	0	0	0	4
3141	0	3	0	0	0	0	2
1660	3	0	0	0	3	0	1
3181	0	2	0	0	2	0	1
3201	0	0	0	0	2	0	3
980	0	0	0	0	3	0	2
1290	1	0	0	0	4	0	1
3251	0	2	0	0	2	0	1
3291	0	0	0	0	4	0	2
3361	0	3	0	0	0	0	2
3381	0	1	0	0	1	0	3
910	0	0	0	0	4	0	2
1420	0	0	0	0	4	0	1
3431	0	2	0	0	1	0	2
3461	0	1	0	0	1	0	3
3481	0	1	0	0	2	0	1
3491	0	1	0	0	2	0	2
3551	0	2	0	0	3	0	0
3581	0	0	0	0	2	0	3
3611	0	1	0	0	0	0	4
3641	0	0	0	0	3	0	2
3671	1	0	0	0	3	0	1
3801	0	0	0	0	5	0	0
3831	0	2	0	0	1	0	2
3861	0	0	0	0	2	0	3
3891	0	2	0	0	2	0	1
3911	0	1	0	0	1	0	1
1000	3	0	1	0	0	0	1
1020	1	4	0	0	1	0	0
3951	0	0	0	0	2	0	3
1080	0	0	0	0	4	0	1
1120	0	1	0	0	3	0	2
3961	0	1	0	0	2	0	2
3971	0	2	0	0	2	0	1
4001	0	1	0	0	2	0	3
4061	0	2	0	0	2	0	1
4071	0	3	0	0	2	0	1
4081	0	2	0	0	3	0	0
4161	1	0	1	0	3	0	1
4181	0	2	0	0	2	0	2
4221	0	1	0	0	2	0	2
4281	0	1	0	0	2	0	2
4291	0	1	0	0	1	0	1
4761	0	2	0	0	2	0	2
4811	0	1	0	0	1	0	3
5361	0	1	0	0	2	0	2
5411	0	3	0	0	0	0	2
5541	0	2	0	0	1	0	1
5711	0	1	0	0	2	0	3
5811	0	1	0	0	2	0	2
5971	1	1	0	0	0	0	3
6001	0	0	0	0	3	0	2
6021	0	0	0	0	3	0	2
6031	0	1	0	0	2	0	2
6071	0	2	0	0	2	0	1
6241	0	0	0	0	4	0	1
6291	2	2	0	0	2	0	1
6351	0	1	0	0	2	0	2
6401	0	1	0	0	2	0	2
6421	0	1	0	0	4	0	0
6451	0	1	0	0	2	0	2
6581	0	2	0	0	3	0	0
6701	0	1	0	0	1	0	3
6711	0	1	0	0	3	0	1
6731	0	3	0	0	2	0	1
6821	0	1	0	0	2	0	3
6841	0	1	0	0	4	0	0
6871	2	1	0	0	3	0	1
6881	0	2	0	0	2	0	1
6891	0	1	0	0	1	0	3
7311	0	0	5	0	0	0	0
8481	0	1	2	1	3	0	0
12731	0	0	1	4	2	0	0
12931	5	0	0	0	0	0	0
14931	0	4	1	0	0	0	0
18091	0	2	0	0	0	0	3
4591	4	0	1	0	0	0	0
10401	3	0	5	0	0	0	0
15661	0	0	0	0	1	0	4
15681	0	0	0	0	4	0	2
15771	0	1	0	0	3	0	1
20111	0	0	0	0	5	0	0
20491	0	0	0	0	5	0	0
20581	0	1	0	0	4	0	0
20721	0	1	0	0	1	0	3
20811	0	3	0	0	2	0	0
22051	0	0	0	0	4	0	1
1011	0	0	0	0	2	0	3
7301	0	0	5	0	0	0	0
7901	0	0	1	0	2	2	0
2530	0	0	0	0	3	2	0
2540	0	1	2	0	3	1	0
8201	0	1	0	3	2	0	0
12871	5	0	1	0	0	0	0
12981	0	5	0	0	0	0	0
13021	1	0	1	0	0	3	1
5190	0	5	0	0	0	0	0
13921	0	5	0	0	1	0	0
18031	5	0	0	0	0	0	0
4571	0	1	0	0	1	0	4
5431	0	0	0	0	5	0	0
5461	0	0	0	0	4	0	1
10341	0	0	3	1	0	1	0
10351	0	3	0	0	0	1	1
15651	3	0	1	0	1	1	0
20091	0	2	0	0	0	0	3
21531	0	0	0	0	4	0	1
21611	0	1	0	0	5	0	0
911	0	0	0	0	1	0	4
931	0	2	0	0	1	2	1
7261	0	1	0	0	1	2	2
12801	3	1	1	0	0	0	0
12821	2	2	2	0	1	0	1
5060	0	1	1	0	1	2	0
5080	0	5	0	0	0	0	0
12841	2	0	0	0	4	0	0
13851	0	3	0	1	2	0	0
18001	0	0	0	0	4	0	1
18101	5	0	0	0	1	0	0
18301	0	3	0	0	2	0	0
7180	4	0	0	0	3	0	0
18461	0	0	0	0	5	0	0
18481	2	0	0	0	2	0	1
4491	0	1	0	0	0	0	4
6541	0	0	0	0	2	0	2
10251	5	0	0	0	0	0	0
10291	0	5	0	0	0	0	0
10331	0	3	0	0	3	0	0
3910	5	0	0	0	0	0	0
4010	0	4	0	0	0	0	1
10661	0	4	0	0	0	0	1
3920	0	2	0	0	2	0	1
3930	0	0	0	0	4	0	1
10691	0	5	0	1	0	0	0
3940	1	0	0	0	1	0	2
10741	0	4	0	1	0	0	0
3950	0	2	0	0	4	0	0
10881	0	5	0	0	0	0	0
10961	3	2	0	0	3	0	0
3980	0	0	0	0	4	0	1
4000	0	3	0	0	2	0	0
10991	0	4	0	0	1	0	0
15581	5	0	0	0	0	0	0
19991	5	0	0	0	0	0	0
811	1	0	0	0	2	0	2
1281	0	1	0	0	3	0	1
410	0	1	0	0	3	0	1
1471	0	1	0	0	2	0	2
420	0	0	0	0	4	0	1
2391	0	0	0	0	2	0	3
8101	0	0	0	0	0	0	5
2560	0	0	0	0	4	0	1
7231	5	0	0	0	0	0	0
7281	1	0	2	0	0	1	1
7291	0	3	2	2	1	0	0
7471	0	4	0	1	0	0	0
7481	0	1	3	0	3	0	0
7511	0	2	0	2	1	1	0
7601	2	0	4	0	1	0	0
2310	2	1	1	0	0	0	1
2380	0	1	0	1	4	0	0
2450	0	0	0	0	4	0	1
7641	0	5	1	1	0	0	0
7681	0	4	0	0	2	0	0
2370	0	3	0	2	0	0	0
2400	0	0	0	0	5	0	0
7811	0	0	0	0	5	0	0
7951	0	0	5	0	3	0	0
2770	0	3	3	0	0	0	0
2920	0	0	2	0	2	1	0
8051	0	0	0	4	2	0	0
12761	0	1	0	0	3	1	2
12921	0	0	0	0	5	0	0
5140	0	0	0	0	5	0	1
5660	0	0	0	0	5	0	0
12941	0	0	0	0	5	0	0
5170	0	0	0	0	4	0	1
13061	0	0	0	0	5	0	0
13221	0	0	0	0	5	0	0
13241	0	0	0	0	5	0	0
13711	0	0	0	0	5	0	0
13741	0	0	0	0	5	0	0
13771	0	0	0	0	5	0	0
13891	0	1	0	0	5	0	0
13901	0	0	0	0	5	0	0
13931	0	0	0	0	5	0	0
13941	0	0	0	0	5	0	0
13971	0	0	0	0	5	0	0
14261	0	0	0	0	5	0	0
14321	0	0	0	0	4	0	0
14331	0	0	0	0	4	0	1
14451	0	0	0	0	5	0	0
14521	0	0	0	0	5	0	0
14591	0	0	0	0	5	0	0
14621	0	0	0	0	5	0	0
15951	0	0	0	0	5	0	0
6670	0	3	0	0	1	0	1
6680	0	0	0	0	4	0	0
6690	0	2	0	2	2	0	0
16131	0	0	1	0	5	1	0
16261	0	0	0	0	4	0	1
17971	0	0	1	0	0	0	4
18221	0	0	0	0	4	0	1
4301	4	0	0	0	1	0	0
4341	0	5	0	0	2	0	0
10231	4	0	2	0	0	0	0
15531	1	2	0	0	0	0	2
19961	0	0	4	1	0	1	0
20021	0	2	1	5	1	0	0
20271	2	0	4	0	0	0	0
731	0	0	0	0	1	0	4
851	0	4	0	0	0	0	1
1161	4	0	1	0	1	0	0
190	1	3	1	0	2	0	0
1190	1	4	0	0	0	0	1
1351	0	5	0	0	2	0	0
530	0	0	0	0	5	0	0
1631	0	2	0	0	1	0	3
550	0	2	0	0	5	0	0
1711	0	3	0	0	2	0	0
540	0	0	0	0	5	0	0
2121	0	1	1	0	1	0	2
710	0	0	0	0	4	0	1
3331	0	1	0	0	4	0	1
4561	0	0	0	0	4	0	2
4891	4	1	0	0	1	0	0
4951	0	3	0	0	2	0	0
6221	1	1	0	0	3	0	1
6651	0	0	0	0	4	0	1
6851	0	1	0	0	3	0	1
6861	0	0	0	0	5	0	0
10391	0	0	1	0	5	0	0
10411	0	0	0	0	2	0	3
11701	0	1	0	1	3	0	0
7211	0	1	0	0	0	0	4
7531	0	0	0	1	5	0	0
7561	0	0	0	0	4	0	2
7611	0	0	0	0	4	0	1
10461	0	2	0	0	3	0	1
12681	5	0	0	0	0	0	0
13141	0	5	0	0	0	0	0
13611	0	5	0	0	0	0	0
13641	0	5	0	0	3	0	0
5570	0	0	0	0	4	0	1
17961	5	0	1	0	0	0	0
18631	0	4	0	1	0	0	0
7370	2	1	0	0	3	0	1
18761	2	1	3	0	1	0	0
7280	0	0	1	0	1	0	4
19261	1	4	0	0	0	0	0
4231	0	0	0	0	1	0	4
4251	0	2	0	0	1	0	2
4361	0	0	0	0	5	0	0
4481	0	3	0	0	0	0	2
4551	2	2	0	0	1	0	1
4621	0	1	0	0	3	0	1
7151	0	2	0	0	3	0	0
7181	0	2	0	0	2	0	1
10051	5	0	0	0	0	0	0
10101	0	5	0	0	0	0	0
10581	4	0	0	0	2	0	0
15451	0	0	0	0	1	0	4
15491	0	0	0	0	5	0	0
15501	0	0	0	0	5	0	0
15911	3	0	0	0	4	0	0
15921	0	1	0	0	3	0	1
15961	0	0	0	0	1	1	3
15981	4	1	0	0	1	0	0
16161	0	3	0	0	0	0	2
16421	0	0	0	0	5	0	0
19951	4	1	1	0	0	0	0
20161	0	2	1	0	2	0	0
20501	0	0	0	0	5	0	0
20781	1	4	0	0	0	0	1
20821	2	0	0	0	4	0	0
21551	0	1	0	0	5	1	0
701	0	0	0	0	0	0	5
721	0	3	0	0	1	0	1
1641	1	0	0	0	0	0	4
1741	1	0	0	0	0	0	4
1821	0	0	0	0	0	0	5
1901	0	0	0	0	0	0	5
1921	1	0	0	0	0	0	4
2151	0	0	0	0	0	0	5
3931	0	0	0	0	0	0	5
4511	0	0	0	0	0	1	5
1620	0	0	0	0	0	0	5
5731	0	0	0	0	0	0	5
8461	0	0	0	0	0	0	5
10821	0	0	0	0	0	0	5
10891	0	0	0	0	0	0	5
4270	1	0	1	0	3	0	1
12321	0	0	0	0	0	0	5
12541	0	0	0	0	0	0	5
4930	0	0	0	0	0	0	5
12551	0	0	0	0	0	0	5
7201	0	0	0	0	2	0	3
7241	0	0	0	0	0	4	1
3650	0	1	0	0	0	3	1
7541	0	1	0	2	2	0	0
2410	0	2	1	1	4	0	0
7621	0	2	0	0	4	0	0
7841	0	2	0	0	0	1	2
4050	0	0	0	0	5	0	0
7851	0	0	0	0	4	0	1
9801	3	1	0	0	1	0	1
3480	0	0	1	0	3	0	1
3660	0	1	0	0	3	0	1
3960	0	2	0	0	3	0	1
9961	1	2	0	0	2	1	1
10111	0	1	0	1	1	3	0
10121	0	0	0	0	5	0	0
10131	0	1	0	0	4	0	0
10321	0	1	0	0	2	1	2
3790	0	0	1	0	5	0	0
11041	0	4	0	0	0	0	1
4040	1	2	1	0	1	2	0
12671	1	0	3	0	0	1	0
17921	1	0	4	0	0	0	0
17931	0	2	1	1	0	0	1
17981	0	0	1	3	3	0	0
4191	1	0	5	0	0	0	0
10021	0	0	0	0	0	0	5
10271	0	0	0	0	0	0	5
10421	0	0	0	0	0	0	5
10791	0	0	0	0	0	0	5
10921	0	0	0	0	0	0	5
10941	0	0	0	0	0	0	5
11151	0	0	0	0	0	0	5
13681	0	0	0	0	0	0	5
14101	0	0	0	0	0	0	5
15441	2	0	0	0	1	0	2
15511	0	0	0	2	2	1	0
6420	0	0	0	0	5	0	0
6440	5	0	0	0	0	0	0
15541	3	2	1	0	2	0	0
19911	0	1	4	1	1	0	0
691	0	1	0	0	1	0	3
7171	0	0	5	0	0	0	0
11251	2	1	3	0	0	0	0
11391	0	1	1	2	3	0	0
12571	5	0	0	0	0	0	0
12611	0	4	0	0	1	0	0
17891	5	0	1	0	1	0	0
18011	0	4	0	0	1	0	0
18061	3	1	1	0	1	0	0
4111	0	2	1	0	0	0	2
9951	4	1	0	0	0	0	0
10071	2	3	0	0	0	0	0
10091	3	2	0	0	1	0	0
3640	0	5	0	0	0	0	0
3690	0	4	0	0	0	0	1
3720	0	3	1	0	1	1	0
3990	0	5	0	0	0	0	0
15431	5	0	0	0	0	0	0
15461	0	5	0	0	0	0	0
15521	0	3	0	1	3	0	0
19831	2	0	3	1	0	0	0
20051	0	0	0	5	0	0	0
681	0	0	5	0	1	0	0
981	0	0	3	1	0	0	1
1881	0	0	4	0	2	0	0
440	0	2	0	3	0	0	0
7131	5	0	1	0	0	0	0
20431	4	1	0	0	0	0	0
20441	0	3	0	0	2	1	0
12491	0	0	5	0	1	0	0
17881	4	0	1	0	1	0	0
4101	5	0	0	0	0	0	0
4131	0	5	0	0	0	0	0
4311	0	3	1	0	1	0	0
4351	0	2	1	0	2	0	0
1350	1	1	2	0	3	1	0
1390	0	0	1	0	4	0	0
15371	1	0	3	0	1	0	0
15641	0	4	0	0	1	0	0
19801	0	0	0	0	4	0	1
20041	0	0	2	0	4	0	1
20071	0	0	0	0	4	0	1
20101	0	1	0	0	4	0	0
20641	0	0	0	0	5	0	0
641	4	0	1	0	0	0	1
711	1	4	0	0	0	0	0
841	4	4	0	0	0	0	0
891	0	5	0	0	0	0	0
5031	4	1	1	0	2	0	0
1400	0	4	0	0	1	0	0
2090	0	2	0	1	4	0	1
2200	4	4	0	0	0	0	0
7091	5	0	0	0	0	0	0
2120	0	4	0	0	1	0	0
2210	3	2	0	0	1	0	1
6530	0	0	5	0	1	0	0
7271	1	2	1	2	2	0	0
6991	4	1	0	0	0	0	0
7011	1	1	0	0	4	1	0
7341	0	4	0	0	0	0	1
7881	0	3	0	0	1	1	0
12471	0	0	5	0	0	0	0
12721	0	0	2	3	1	0	0
12811	0	0	0	5	0	0	0
7200	2	0	4	1	3	0	0
18551	0	0	1	4	0	0	0
17741	0	0	0	1	2	0	4
17801	0	1	0	2	2	0	1
7230	0	0	0	0	3	0	1
17901	0	0	0	0	5	0	0
18321	0	0	0	0	5	0	0
18361	0	0	0	0	0	0	5
18651	0	0	0	0	5	0	0
18741	0	0	0	0	5	0	0
18781	0	0	0	0	5	0	0
3981	0	1	0	0	0	0	4
9831	1	0	4	0	0	0	0
15271	0	1	0	0	1	0	4
15291	0	0	0	0	2	1	2
15611	3	0	0	0	2	0	0
15631	4	0	1	0	1	0	0
15691	0	4	0	1	1	0	0
15821	0	0	0	0	5	0	0
16011	0	0	0	0	4	0	1
6800	0	0	0	0	5	0	0
16731	2	0	0	0	5	0	0
17731	4	0	1	0	0	0	0
19671	4	0	1	0	2	0	0
19681	0	0	0	0	3	0	2
19711	0	2	0	0	1	1	2
7440	0	0	1	0	4	1	0
7590	0	0	0	0	5	0	0
19741	0	0	0	0	5	0	0
7600	0	1	0	0	1	0	3
7670	0	0	0	0	4	0	2
19761	0	0	0	0	4	0	1
19781	0	0	0	0	5	0	0
19791	2	1	1	0	2	0	0
7470	0	5	0	0	1	0	0
7490	0	0	0	1	4	0	0
611	1	0	0	0	2	0	2
651	0	0	0	0	4	0	1
110	0	0	0	0	4	0	1
500	3	0	0	0	1	0	2
741	0	1	0	1	2	0	1
100	0	0	0	0	5	0	0
1781	0	1	0	0	3	0	1
490	0	0	0	0	1	0	5
6921	0	2	0	0	0	0	3
7041	0	0	0	0	5	0	0
7051	0	3	0	1	2	0	0
12451	0	0	0	1	0	0	4
12631	0	0	0	0	5	0	0
17651	5	0	1	0	0	0	0
17701	0	2	0	1	3	0	0
17721	0	1	2	1	2	0	0
17821	0	2	0	3	1	0	0
7130	0	0	3	0	1	1	0
7250	0	0	0	5	0	0	0
17831	0	1	0	0	4	0	0
7080	0	0	0	3	4	0	0
18051	0	0	4	1	2	0	0
7120	0	0	3	0	3	1	0
18371	0	2	0	0	3	1	0
7210	0	1	0	0	1	1	2
18431	2	0	2	0	3	0	0
7220	0	4	0	1	1	0	0
7240	2	1	2	0	1	0	0
7260	0	3	0	3	0	0	0
18831	0	0	1	0	4	0	1
3941	5	0	0	0	0	0	0
5051	1	3	0	1	0	0	0
9811	1	0	1	0	0	0	3
12951	2	1	0	0	3	0	1
13251	3	2	0	0	0	0	2
13271	0	0	0	0	2	0	3
14071	0	2	0	0	1	0	2
15261	1	0	0	0	3	0	2
15401	4	1	0	0	2	0	1
15251	0	0	5	0	0	0	0
19621	5	0	0	0	0	0	0
19841	0	3	0	2	0	0	0
601	0	0	5	0	0	0	0
951	0	1	0	4	0	0	0
1541	0	2	0	4	0	0	0
1551	0	2	0	1	0	1	1
2451	0	0	1	3	0	0	1
6901	0	1	1	0	1	0	2
6931	0	4	0	0	0	2	0
7021	1	3	0	0	2	0	0
7701	0	1	0	0	4	0	0
7771	0	2	0	0	1	2	0
12361	0	0	2	0	1	0	2
17621	0	0	5	0	0	0	0
17661	0	0	5	0	1	0	0
17671	0	0	3	0	2	0	0
17771	0	0	2	2	1	0	0
7290	0	0	2	0	3	0	0
18991	0	0	4	0	2	0	0
19021	0	0	1	5	1	0	0
7330	0	0	0	0	4	0	1
19041	0	0	1	5	1	0	0
3701	1	0	2	0	1	1	1
4031	0	0	1	0	4	0	0
12201	0	2	1	1	3	1	0
12501	0	1	0	0	4	0	0
12511	0	1	1	1	2	3	0
4860	0	0	0	0	5	0	0
5160	0	5	0	0	1	0	0
12621	0	0	1	0	4	0	0
4980	5	0	0	0	0	0	0
5020	0	3	0	1	0	1	0
5150	0	0	0	0	4	1	0
12851	0	1	3	0	1	0	0
5620	0	0	0	0	5	0	0
12961	0	0	2	0	3	0	0
13581	0	1	0	1	2	1	0
5730	0	0	1	0	0	3	0
5860	0	4	0	0	1	0	0
13821	0	0	2	0	4	0	0
6380	0	3	0	1	1	1	0
6400	5	0	0	0	0	0	0
6410	0	1	0	0	3	0	1
14241	0	0	2	0	2	1	0
15311	0	0	2	1	3	1	0
15331	0	0	2	2	2	0	0
21061	1	0	3	0	0	1	0
9781	0	0	3	1	0	0	1
9851	0	5	0	0	0	0	0
9861	0	5	0	0	0	0	0
3630	0	0	0	0	5	0	0
10081	0	0	2	0	5	0	0
15211	0	0	4	0	0	0	1
15301	0	1	0	2	1	0	1
15411	1	0	0	0	4	0	1
6360	1	1	0	0	2	2	0
15591	0	2	0	0	2	0	1
16871	0	0	5	0	0	0	0
7090	0	1	2	1	4	0	0
7100	0	1	1	1	2	0	1
16921	0	0	4	0	2	0	0
21071	0	0	4	0	0	1	0
19591	1	0	4	0	0	0	0
19651	0	2	0	1	2	0	0
19721	0	0	2	0	1	2	1
19811	0	2	3	1	0	0	0
20011	0	0	0	5	0	0	0
581	0	1	0	0	1	0	4
661	0	1	1	2	0	0	3
2741	0	1	0	0	2	0	4
6801	4	0	1	0	0	1	0
12311	0	3	2	0	0	0	0
12591	0	0	0	0	5	0	0
13111	3	0	1	0	1	0	0
5350	0	5	0	0	0	0	0
5360	5	0	0	0	0	0	0
7810	1	5	0	0	0	0	1
13151	0	5	0	1	0	0	0
5340	0	2	1	0	0	3	0
17611	4	1	0	0	0	0	0
17711	1	0	0	0	4	0	0
17751	0	1	0	0	4	0	0
7640	0	3	0	0	3	0	0
7650	3	0	0	0	2	0	0
17941	1	1	0	0	1	0	2
17991	1	2	3	1	0	0	0
7660	0	2	1	2	1	0	0
20611	0	4	0	1	0	0	0
7700	0	3	0	0	1	1	0
7710	0	0	0	0	5	0	0
20631	0	0	0	0	3	1	1
20701	0	4	0	2	1	0	0
3601	5	0	0	0	0	0	0
3781	0	5	0	0	0	0	0
950	3	0	0	1	3	0	0
6591	0	3	0	0	4	0	0
2000	0	1	0	0	4	0	0
6631	1	4	0	0	2	0	1
9661	5	0	0	0	0	0	0
9691	1	4	0	1	3	0	0
3400	4	0	0	0	4	1	0
3770	4	1	1	1	0	0	0
3780	0	3	0	0	0	0	2
9711	1	1	0	0	5	0	0
10281	3	0	2	0	0	0	0
10301	0	4	0	0	1	1	0
10441	2	0	0	0	5	0	0
15181	3	0	2	0	1	0	0
15201	0	0	4	0	1	1	0
6320	0	1	2	0	4	1	0
6770	2	0	2	1	0	0	0
7070	1	0	0	0	4	0	0
16941	0	0	5	0	1	0	0
17001	2	0	4	1	1	0	0
17171	0	1	1	3	0	2	0
6890	1	1	2	0	2	2	0
6900	0	0	0	0	5	0	0
6920	1	2	0	0	0	3	0
17191	0	0	1	0	3	1	0
17841	0	0	0	2	0	2	1
18731	0	0	1	0	4	1	0
19561	0	3	0	1	0	0	2
19751	0	0	0	0	5	0	0
551	4	0	1	0	0	0	0
3041	0	0	3	0	4	0	0
680	0	0	1	0	3	0	1
3761	0	0	0	1	5	0	0
1360	0	0	0	4	3	0	0
1880	0	0	0	0	5	0	0
4441	0	0	2	1	3	0	0
1220	0	5	0	0	0	0	0
4641	0	5	1	0	0	0	0
4920	0	1	0	2	2	0	0
4651	0	4	0	1	0	0	0
3740	0	0	0	0	5	0	0
4801	0	0	0	0	5	0	0
5181	3	0	2	0	4	0	0
7101	4	0	1	0	1	0	0
7141	0	0	0	4	2	0	0
2240	0	0	0	0	4	0	1
12531	0	0	0	0	5	0	0
12601	0	0	0	0	5	0	1
18841	0	2	1	2	0	0	2
6781	2	0	3	0	0	0	0
10031	5	0	0	0	1	0	0
10061	0	0	0	1	4	0	0
10381	0	0	1	1	4	0	0
12161	1	1	3	1	0	0	0
12171	2	2	1	0	0	0	0
5260	0	1	3	0	3	0	0
12221	1	0	3	1	2	0	0
12231	0	1	1	0	5	0	0
4940	4	0	0	0	0	0	0
12261	0	0	1	1	3	0	0
4600	0	5	0	1	1	0	0
4760	0	2	0	3	0	1	0
5090	1	0	0	0	4	1	0
5240	0	0	0	0	4	1	0
5250	0	0	0	0	3	2	0
5270	0	0	3	0	3	2	0
5470	1	0	2	0	3	1	0
12271	0	5	0	0	0	0	0
12351	0	2	0	2	1	0	1
12411	0	4	0	2	0	0	0
12461	4	0	1	0	1	0	0
12581	1	0	1	0	3	0	0
12691	0	4	0	1	0	0	0
5010	0	0	0	0	5	0	1
5280	0	4	0	0	0	0	1
5480	0	0	1	0	1	2	2
5810	1	0	1	0	4	0	0
12711	0	1	0	1	3	0	1
12751	0	1	0	0	1	2	1
12891	0	4	0	1	0	0	0
5120	1	1	0	0	4	0	0
5130	0	0	0	0	4	1	0
13201	0	3	0	0	2	0	0
13321	0	0	0	0	5	0	0
13591	0	0	2	0	0	4	0
17501	0	0	4	1	0	0	0
3371	1	0	5	0	1	0	0
3411	2	2	0	0	2	0	0
1990	0	2	0	1	2	3	0
3451	0	3	0	1	1	0	0
1460	0	5	0	0	0	0	0
9641	0	0	0	0	5	0	0
15131	4	0	1	0	0	0	0
15151	0	5	0	0	0	0	0
15161	5	0	1	0	0	1	0
6270	0	4	0	0	0	0	1
15191	0	2	1	0	1	1	0
6300	3	2	1	0	0	0	0
19481	0	0	5	0	0	0	0
19731	0	1	0	3	0	1	0
21851	1	0	4	0	0	0	0
7900	0	3	1	2	0	0	0
541	0	0	0	0	0	0	5
751	0	2	0	0	2	0	1
6681	3	0	3	0	0	0	0
6721	0	4	0	0	1	0	0
6751	0	0	0	0	4	0	1
6771	0	0	0	0	4	0	1
12071	0	0	5	0	0	0	0
12181	0	1	1	3	0	0	0
12701	0	0	0	5	2	0	0
17481	5	0	0	0	2	0	0
3311	5	0	0	0	0	0	0
3321	0	4	0	0	1	0	0
3991	1	4	0	0	0	0	0
4211	0	5	0	0	0	0	0
4411	0	5	0	0	0	1	0
4471	0	5	0	0	0	0	0
4661	2	3	0	0	0	0	0
4831	1	5	0	0	0	0	0
4861	0	4	0	0	2	0	0
4871	0	2	0	0	4	0	0
4901	4	1	0	0	0	0	0
4911	0	4	0	0	1	0	1
5681	0	2	0	0	2	0	1
5721	0	2	0	0	3	0	1
1610	1	3	0	0	1	0	0
5861	5	1	0	0	1	0	0
9551	0	0	5	0	0	0	0
10311	1	0	2	0	4	0	0
10361	0	4	0	1	0	0	0
15091	4	0	0	0	1	0	0
19431	3	0	2	0	0	0	0
19451	0	2	0	0	2	0	1
19491	0	0	3	0	0	3	0
19501	3	0	1	0	2	0	0
19521	1	0	0	0	4	0	0
19531	3	0	2	0	0	0	0
19541	0	1	0	4	1	0	0
7400	0	0	1	0	5	0	0
19551	0	2	0	1	4	1	0
19581	1	0	5	0	0	0	0
7520	0	0	0	0	5	0	0
7530	0	2	1	2	1	0	0
20001	0	0	0	5	0	0	0
20511	3	0	3	0	0	0	0
7690	4	1	0	2	0	0	0
20691	2	0	3	0	0	0	0
531	0	1	0	0	1	0	4
761	1	1	0	0	1	0	2
6441	0	0	0	0	2	0	2
8571	0	1	0	0	3	0	1
8641	0	0	0	0	5	0	1
8751	0	0	0	0	4	0	1
8871	0	0	0	0	4	0	1
9491	0	1	0	0	2	0	3
9921	0	0	0	0	4	0	1
10161	0	1	0	0	1	0	3
10191	0	1	0	0	1	0	3
10201	0	0	0	0	2	0	3
10211	0	0	0	0	1	0	4
10221	0	0	0	0	2	0	3
10241	0	0	0	0	3	0	2
10771	0	1	0	0	0	0	4
10801	0	1	0	0	1	0	3
10871	0	0	0	0	2	0	3
11121	0	0	0	0	3	0	2
11161	0	2	0	0	2	0	1
11771	0	3	0	0	2	0	1
21841	0	0	0	0	2	0	3
22041	0	1	0	0	3	0	1
22151	0	0	0	0	3	0	2
12061	5	0	0	0	0	0	0
12091	1	4	0	2	0	0	0
12101	0	5	0	0	0	0	0
12111	0	0	0	0	4	0	1
12401	0	5	0	0	0	0	0
13011	5	0	0	0	0	0	0
14301	0	0	1	0	2	0	2
14671	0	3	0	1	0	0	1
14711	0	4	0	0	1	0	0
17471	1	0	5	0	0	0	0
3231	0	0	0	0	1	0	4
9531	0	4	0	0	1	0	0
9761	0	0	1	0	4	0	0
15021	2	0	4	0	0	0	0
15031	0	3	0	2	0	0	0
15051	5	1	0	0	0	0	0
6220	0	3	0	1	0	1	0
6230	4	1	0	0	0	1	0
6240	0	5	0	0	0	0	0
6430	0	5	0	0	0	0	0
15341	0	5	0	0	0	0	0
6450	1	1	1	2	1	0	1
15381	0	5	0	0	0	0	0
15471	0	2	0	1	3	0	0
15481	0	0	3	0	1	1	0
6370	0	0	2	0	3	1	0
6390	0	1	1	0	0	3	0
16461	0	1	3	0	0	0	1
19411	0	0	1	0	1	0	3
19881	0	2	0	0	3	1	0
7480	0	2	0	1	3	0	0
19901	0	2	0	0	2	0	1
19931	0	0	0	0	4	0	1
20381	0	1	0	0	3	0	1
521	1	1	1	0	0	3	0
591	1	2	0	1	0	1	0
901	0	0	0	0	5	0	0
1571	1	2	0	0	3	0	0
2341	1	2	0	1	0	1	0
4331	0	2	1	0	2	0	0
6331	4	0	2	0	0	0	0
6341	0	1	0	0	2	1	1
6481	0	0	0	1	4	0	0
6661	2	0	4	0	1	1	0
12041	0	0	0	0	1	0	4
12081	0	0	0	0	5	0	0
12121	0	0	0	0	5	0	0
12191	0	0	0	0	4	0	1
17361	0	1	0	1	1	0	3
17421	0	1	0	2	3	0	1
17441	0	0	0	0	4	0	1
3221	5	0	1	0	0	0	0
3421	0	3	0	1	1	0	0
1450	0	4	1	0	2	0	0
3441	2	5	0	0	0	0	0
1240	0	5	0	0	0	0	0
4011	1	5	0	0	0	0	0
1280	1	3	0	0	2	1	0
4141	0	2	0	0	4	0	0
1200	0	0	1	0	5	0	0
1250	0	1	0	0	5	0	0
4381	0	5	0	0	0	0	0
4541	0	3	1	1	0	0	1
1260	0	3	0	0	1	0	1
4611	0	4	1	0	0	0	0
1270	0	3	0	0	3	0	0
1300	0	2	0	0	3	0	0
1700	0	0	0	0	5	0	0
4631	0	5	0	0	0	0	0
5171	0	4	0	1	1	0	0
5231	0	3	0	0	0	1	1
1490	0	4	0	0	1	0	0
1500	0	2	0	0	3	0	0
1580	0	0	0	0	5	0	0
1680	0	4	0	0	1	0	0
1860	0	5	0	1	1	0	0
5491	0	4	0	0	1	0	0
1570	0	3	0	0	2	0	0
1780	2	1	0	0	1	1	0
5551	0	4	0	0	1	0	0
1710	0	1	0	0	5	0	0
5561	0	4	0	0	1	0	0
1770	0	1	0	0	5	0	0
6141	1	3	0	0	3	0	0
6511	0	4	0	0	1	0	0
7061	0	3	0	0	1	0	1
8331	1	2	0	1	1	0	0
12971	0	4	0	1	0	0	0
9501	2	0	3	0	0	0	0
9721	0	0	0	1	2	0	2
3530	0	0	0	0	5	0	0
3580	0	0	3	0	2	0	1
14991	3	0	3	0	0	0	0
15141	0	2	0	1	1	0	1
15281	0	4	0	0	1	0	1
15711	0	0	1	0	4	0	0
15861	0	3	0	1	2	0	0
16301	4	0	0	0	0	0	0
6750	1	4	0	0	0	0	0
19371	0	0	5	0	0	0	0
19391	0	3	0	3	0	0	0
511	0	0	0	0	4	0	1
571	0	0	0	0	2	0	3
2421	0	0	0	0	2	0	3
6261	0	1	0	0	1	0	3
12031	0	0	5	0	0	0	0
13001	0	0	2	0	4	0	0
18151	2	0	4	0	0	0	0
18241	1	0	4	0	1	2	0
19321	1	1	4	0	0	0	0
19381	1	4	0	0	0	0	0
7410	0	0	0	0	5	0	0
17351	0	1	0	0	2	0	2
17811	0	0	1	0	4	2	0
20771	0	3	0	0	2	0	1
3191	0	0	0	0	3	0	2
9401	0	0	0	0	2	0	3
9631	0	0	0	0	5	0	0
9771	0	0	0	0	5	0	0
9791	0	0	0	0	5	0	0
3900	0	0	0	0	5	0	0
14941	4	0	1	0	0	0	0
15061	2	3	0	2	0	0	0
15071	2	4	0	0	1	0	0
15081	4	3	0	0	1	0	0
19361	5	0	0	0	0	0	0
461	0	0	0	0	0	0	5
491	0	0	0	0	4	0	1
781	0	1	0	0	3	0	1
6211	5	0	0	0	1	0	0
6601	0	0	0	0	3	0	2
6641	0	2	0	0	4	0	0
7001	1	1	0	0	1	0	2
2060	0	2	0	0	4	0	1
2260	0	1	0	0	3	0	2
7421	0	0	0	0	5	0	0
2280	0	2	0	0	3	0	1
7741	0	1	0	0	3	0	2
8841	0	0	0	0	1	0	4
13491	0	1	0	0	3	0	1
13691	0	2	0	0	0	0	3
14001	0	3	0	0	1	0	1
16701	0	0	0	0	1	0	4
7150	0	3	0	0	1	0	1
17121	0	1	0	0	5	0	0
7340	1	0	0	0	4	0	0
17681	0	4	0	0	3	0	2
19231	0	1	0	0	1	0	3
19301	0	0	0	0	4	0	0
12011	4	0	0	0	0	0	1
12051	0	4	0	0	2	0	0
13351	0	3	0	0	2	0	1
17341	4	1	1	0	0	0	0
2921	5	0	0	0	0	0	0
3271	0	3	0	1	0	0	1
9351	5	0	2	0	0	0	0
9361	0	2	0	4	0	0	0
9391	0	1	1	1	3	0	0
9441	0	0	4	0	1	0	0
9451	1	2	0	2	0	0	0
14881	2	0	0	0	0	1	4
14891	2	0	0	0	2	1	0
14901	1	1	0	0	1	0	2
6160	0	3	0	0	2	0	1
15241	0	1	0	0	3	1	0
19211	3	0	0	0	1	0	1
19291	0	5	0	0	0	0	0
7350	1	1	0	0	3	0	0
421	0	0	0	0	1	0	4
791	0	2	0	0	2	0	2
2781	2	0	0	0	0	4	0
690	0	1	0	0	4	0	0
720	0	3	0	0	1	1	0
850	0	0	0	0	5	0	0
920	0	1	0	0	3	1	1
930	0	4	0	1	3	0	0
3101	1	1	0	1	2	0	1
3151	0	0	1	1	4	0	0
8291	4	0	0	0	0	0	2
8391	0	0	0	0	5	0	0
3670	0	1	0	0	3	0	1
6051	3	0	2	0	0	0	0
6111	0	2	2	2	0	0	0
6491	0	4	1	0	1	0	0
11981	3	0	2	0	0	0	0
12001	0	2	0	3	1	0	0
12281	0	2	0	3	1	0	0
12881	4	0	1	1	0	0	0
12911	0	2	0	2	0	0	1
13101	0	5	0	0	0	0	0
13211	0	0	0	1	4	0	0
17321	0	0	0	0	3	0	2
2631	0	0	4	2	0	0	0
11941	0	0	5	0	0	0	0
11951	0	0	0	4	2	0	0
9281	5	0	0	0	0	0	0
9381	2	0	0	0	3	0	0
9731	0	5	0	0	0	0	0
9821	0	1	0	0	5	0	1
14851	0	0	5	0	0	0	0
15121	0	1	3	0	3	0	0
6280	0	2	0	0	4	0	0
6290	0	0	0	0	5	0	0
15171	1	2	0	3	0	0	0
19201	0	0	2	0	0	0	3
19221	0	0	0	0	4	0	1
7360	0	0	0	0	5	0	1
7380	2	1	0	0	0	3	0
7390	1	5	0	0	0	0	0
7420	0	2	1	0	1	2	0
7450	0	0	0	0	5	0	0
19311	0	4	0	0	1	0	0
19331	4	0	1	0	0	0	0
19341	0	5	0	0	0	0	0
19351	4	0	3	1	0	0	0
19421	0	3	0	0	1	1	0
19471	0	0	3	0	2	0	1
19861	0	2	0	1	1	1	1
7460	0	1	0	0	4	0	0
381	3	0	0	0	2	0	1
831	0	1	0	1	2	0	1
1001	0	0	0	0	1	0	5
3571	2	0	0	0	1	0	2
3621	0	0	0	0	2	0	3
7251	0	3	0	0	1	0	1
5961	5	0	0	0	0	0	0
5981	0	3	0	0	0	2	0
1890	0	1	0	0	2	2	0
6061	0	3	0	0	3	0	0
6101	0	4	0	0	3	0	0
6311	0	0	1	0	3	1	1
6321	0	2	0	0	2	0	1
7071	0	1	0	0	1	1	2
7191	0	1	0	0	2	3	0
7221	1	2	1	0	2	1	0
7411	0	2	0	0	0	0	3
8271	0	4	0	0	2	1	0
11971	0	1	0	0	2	0	2
17291	0	1	0	0	1	0	3
17311	0	0	1	1	4	0	0
17331	0	0	0	0	2	0	3
17431	0	0	0	0	5	0	0
17451	0	1	0	0	4	0	0
17531	0	0	0	0	5	0	0
17551	0	0	0	0	5	0	0
17571	0	0	0	0	4	0	1
17641	0	0	0	0	4	0	1
17781	0	0	0	0	4	0	1
17791	0	0	0	0	5	0	0
7060	0	0	0	1	4	0	0
17951	0	0	0	0	5	0	0
18311	0	0	0	0	4	0	2
2381	1	1	2	0	0	0	2
4171	2	0	3	0	0	0	0
1330	0	5	0	0	0	0	0
1440	0	0	0	0	5	0	0
1510	0	0	0	0	5	0	0
1650	0	0	0	0	5	0	0
1900	0	0	0	0	5	0	1
4261	0	2	1	0	2	0	1
1320	0	1	0	2	1	0	1
4271	5	0	1	0	0	0	0
1150	0	2	0	3	0	0	0
1730	0	0	0	0	5	0	0
1920	0	3	0	2	1	0	0
4080	1	4	0	0	0	0	0
4321	0	4	0	0	2	0	0
1160	0	0	0	0	5	0	0
4681	0	0	0	0	5	0	0
1310	0	4	0	1	1	0	0
1560	0	0	0	0	4	0	0
4701	0	0	0	0	5	0	0
4961	0	0	0	0	5	0	0
5011	0	0	0	0	5	0	0
5521	0	1	0	0	3	1	0
5771	0	0	0	0	5	0	0
5791	0	0	0	0	5	0	0
5901	0	0	0	0	5	0	0
6011	0	0	0	0	5	0	0
6191	0	0	0	0	4	0	1
6371	0	0	0	0	5	0	0
7791	0	0	0	0	5	0	0
2480	0	0	0	0	5	0	0
8021	0	0	0	0	5	0	0
8521	5	0	0	0	2	0	0
8611	0	2	0	2	2	0	0
9251	4	1	0	0	0	0	0
9271	0	3	0	2	3	0	0
14741	1	0	2	0	2	0	1
14801	0	0	0	0	4	0	1
14841	0	1	0	1	4	0	1
15321	0	1	0	0	2	1	1
15601	0	0	0	0	4	0	1
16841	0	0	1	1	3	1	1
19171	0	1	2	2	0	0	0
291	0	0	0	0	0	0	5
341	4	0	0	0	1	0	1
30	0	0	0	0	4	0	1
40	5	0	1	0	0	0	1
431	0	1	0	0	2	0	2
441	0	2	0	1	3	0	0
801	0	1	0	1	2	0	2
1051	3	0	0	0	1	0	0
3691	0	0	0	0	3	0	2
7381	0	0	0	0	2	0	3
5951	5	0	0	0	0	0	1
6151	0	4	0	1	0	0	0
11911	2	2	1	0	1	0	0
17231	2	0	2	1	0	0	0
17261	0	1	2	1	3	0	0
17271	0	2	1	1	0	0	2
17301	2	0	2	0	1	0	1
17461	2	0	2	0	3	0	0
17491	0	1	0	0	3	1	0
17591	0	0	0	4	2	0	0
2171	0	0	0	0	0	0	5
2691	0	3	0	1	0	1	0
800	0	5	0	0	0	0	0
2711	0	3	0	0	1	0	1
2771	0	4	0	1	1	1	0
9211	0	1	1	0	0	1	2
9481	0	1	0	0	4	1	0
9541	0	1	0	1	2	2	0
9681	0	0	0	0	5	0	0
4250	0	0	0	0	4	0	1
9701	1	1	0	0	5	0	0
3450	0	5	0	0	0	0	0
9881	0	2	0	0	4	0	0
9901	1	0	0	0	4	0	1
10981	0	3	0	0	0	2	0
4750	0	1	1	0	4	0	1
11171	0	1	0	1	0	0	3
11231	0	0	0	0	5	0	0
11281	0	2	0	0	4	1	0
12641	0	3	0	0	1	0	2
14681	0	0	0	0	5	0	0
19081	0	2	0	0	1	0	2
20141	0	3	0	1	3	0	0
20201	2	1	0	0	2	0	1
20351	4	1	0	0	1	0	0
7610	0	5	0	0	0	0	0
7620	0	0	0	0	4	0	1
7680	0	0	0	0	3	0	2
20521	0	1	0	0	2	1	1
281	3	0	0	0	0	0	2
941	0	1	0	0	2	0	2
971	0	4	0	0	0	0	0
2141	0	2	0	0	3	0	1
4851	2	2	0	0	1	0	0
8111	0	0	0	0	3	0	2
8131	0	0	0	0	2	0	3
5931	1	2	1	0	0	0	1
6121	5	0	0	0	0	0	0
1940	0	1	0	0	4	0	0
7031	5	0	0	0	0	0	0
8261	0	4	0	1	0	0	0
2630	0	0	0	0	5	0	0
2650	1	2	0	0	3	0	1
8401	0	0	0	0	5	0	0
11901	5	0	0	0	0	0	0
14021	0	4	0	0	1	0	0
14421	0	0	0	0	5	0	0
17211	5	0	0	0	0	0	0
17241	0	5	0	0	0	0	0
17251	0	5	0	0	0	0	0
7050	0	0	0	0	5	0	0
17281	1	1	0	0	4	0	0
17411	0	2	0	0	3	0	0
17541	1	0	3	0	0	1	0
6990	0	5	0	1	0	0	0
7000	0	0	0	0	4	0	0
17601	0	4	1	2	2	0	0
17861	1	2	0	1	0	0	0
17911	1	3	0	0	2	0	0
18021	1	2	1	0	4	1	0
18041	1	2	0	2	0	0	0
18081	1	2	0	0	1	1	1
18281	0	3	0	0	2	0	0
7190	0	0	0	0	5	0	0
18291	0	2	0	0	3	0	0
2051	5	0	0	0	0	0	0
2281	0	4	0	0	2	0	0
1810	1	2	0	1	3	0	0
2180	1	4	0	0	0	0	0
2961	1	2	0	0	0	0	2
1820	0	4	0	0	2	1	0
3211	5	0	0	1	1	0	0
3301	1	3	0	0	0	0	1
1830	0	3	0	1	3	0	0
3741	0	3	1	0	1	0	0
1760	3	0	0	0	2	0	0
1790	0	2	1	0	1	1	0
4041	0	4	0	0	1	0	0
4051	4	0	1	0	3	0	0
1800	0	3	0	0	0	0	2
4091	1	2	1	0	0	4	0
4391	0	1	2	0	0	2	0
4421	0	2	0	1	3	0	0
4981	0	1	1	0	1	0	2
5071	0	2	0	1	3	0	0
1840	0	3	0	0	3	0	0
5851	0	0	0	0	2	0	3
1960	0	0	0	1	5	0	0
6201	0	1	0	0	3	0	1
1850	0	4	0	1	0	0	0
1930	0	0	0	0	5	0	0
1950	0	1	0	0	3	0	1
6381	0	1	0	0	4	0	1
2150	0	2	0	0	5	1	0
9081	5	0	2	0	0	0	0
9291	0	5	0	0	0	0	0
3120	2	2	0	0	0	1	0
3170	3	0	2	0	0	0	0
3180	0	5	0	0	0	0	0
3190	0	0	2	0	1	2	0
3210	1	1	0	0	4	0	0
9331	0	0	3	0	3	0	0
3290	0	5	0	0	0	0	0
3350	0	0	2	0	3	0	0
3440	0	0	0	0	5	0	0
9371	0	4	0	1	0	0	0
3700	0	4	0	2	0	0	0
9561	3	2	0	0	1	0	0
9611	5	0	1	0	0	0	0
9671	5	0	1	0	0	0	0
3260	0	5	0	0	0	0	0
3360	4	0	0	0	0	1	0
9741	1	1	1	0	1	1	0
3370	3	0	2	0	0	0	0
3390	0	5	0	0	0	0	0
3410	5	0	0	0	0	1	0
3420	0	5	0	0	0	0	0
3430	0	0	0	0	4	0	1
3470	0	0	0	0	5	0	0
9841	4	1	0	0	0	0	0
3520	0	5	0	1	0	0	0
3620	0	4	0	1	0	0	0
9911	4	0	0	0	1	0	0
3600	1	4	0	0	0	0	0
3610	0	0	0	0	5	0	0
9981	0	5	0	0	0	0	0
3730	3	0	1	0	0	4	0
3750	3	1	0	0	2	0	0
9991	0	1	2	0	1	2	0
10171	4	0	0	0	0	0	1
10431	5	0	0	0	1	0	0
3810	0	4	0	0	1	0	0
3830	0	4	0	1	0	0	0
10591	1	0	0	0	1	1	2
10611	0	2	1	0	2	0	0
14651	5	0	0	0	0	0	0
14661	0	0	2	0	5	0	0
14701	0	4	0	1	3	0	0
14811	0	1	1	0	1	1	1
14821	4	0	0	0	0	1	0
14831	0	4	0	0	0	0	1
19071	5	0	0	0	0	0	0
19121	0	5	0	0	0	0	0
19701	0	1	0	0	3	0	1
19771	0	0	2	1	4	1	0
20731	0	5	0	0	0	0	0
21101	0	1	3	0	1	0	0
7870	1	2	0	0	3	0	0
271	4	0	0	0	0	0	1
361	0	3	0	0	1	0	1
401	0	3	0	0	3	0	0
821	0	2	0	0	3	0	0
1251	0	1	0	0	4	0	0
830	0	0	0	0	4	0	1
1590	0	1	0	0	3	0	2
3501	0	1	0	0	3	0	1
870	0	1	0	0	1	0	3
5641	0	0	0	0	4	0	1
9871	0	1	0	0	1	0	3
5970	0	2	0	0	2	1	1
11211	0	1	0	0	2	0	3
12991	0	0	0	0	4	0	1
13411	0	2	0	0	2	0	1
13761	0	2	0	0	3	0	0
13781	0	1	0	0	1	0	3
14481	0	1	0	0	2	0	2
5921	2	2	0	0	0	0	3
6131	0	2	0	0	3	0	0
11881	5	0	0	0	0	0	0
11891	1	4	0	0	0	0	0
12651	0	4	0	1	0	2	0
5070	4	0	0	0	3	0	0
5410	0	5	0	0	0	1	0
5540	0	2	0	0	1	2	1
12831	0	4	0	1	0	0	0
5200	1	2	1	1	0	2	0
5220	0	3	0	0	4	0	0
13171	0	3	0	1	0	1	0
5210	0	3	0	0	0	2	0
5230	1	4	0	0	1	0	0
5910	5	0	0	0	0	0	0
5920	1	4	0	0	1	0	0
17161	2	0	3	0	0	0	0
2041	0	0	0	0	2	0	3
2431	0	1	0	0	0	0	4
2761	4	0	0	0	2	0	1
2821	0	1	0	0	3	0	2
3121	0	2	0	0	2	0	1
3521	0	0	0	0	1	1	3
3591	0	1	0	0	0	0	4
3651	3	1	0	0	0	0	1
3661	0	3	0	0	1	0	1
3751	0	1	0	0	3	0	1
3771	0	1	0	0	3	0	1
960	0	2	0	0	3	0	0
2080	0	1	0	0	2	0	2
3821	0	0	0	0	1	1	4
4121	3	3	1	0	0	0	1
4501	0	0	0	0	2	0	2
5631	0	3	0	1	0	0	1
6361	0	1	0	0	1	0	3
6611	0	0	0	0	2	0	3
9061	4	0	1	1	0	0	0
9101	0	4	0	2	0	0	0
2940	0	5	0	0	0	0	0
2960	0	0	0	1	4	0	0
14631	1	0	4	0	0	0	0
16741	0	0	0	0	5	0	0
18981	5	0	0	0	0	0	0
19871	0	4	0	0	0	0	1
7500	1	5	0	0	0	0	0
7540	4	1	0	0	0	0	0
7550	0	4	0	0	4	0	0
20031	0	4	0	0	0	1	0
7570	0	0	1	1	4	0	0
20421	0	4	0	0	0	0	1
241	3	0	2	0	0	0	0
411	0	3	0	1	1	0	0
60	0	0	0	0	5	0	0
70	0	0	0	1	4	0	0
80	0	0	0	0	4	0	1
861	0	4	0	0	1	0	0
6620	0	0	0	0	5	0	0
15851	0	0	0	0	5	0	0
5781	0	0	0	0	0	0	5
9651	0	0	0	0	0	0	5
13031	0	0	0	0	0	0	5
15571	0	1	0	0	1	0	3
16911	0	0	0	0	0	0	5
18141	0	0	0	0	1	0	4
19031	0	1	1	0	0	0	2
20711	0	0	0	0	0	0	5
11851	0	0	0	0	4	0	1
17111	0	1	3	1	1	0	0
17141	0	0	0	0	5	0	0
17631	0	0	0	2	0	0	3
17851	0	1	0	1	4	0	0
2021	0	0	5	0	0	0	0
9021	4	0	0	0	0	1	0
9041	2	1	0	0	1	0	1
3220	0	0	0	0	5	0	0
3380	2	0	3	0	0	0	0
9621	4	0	2	0	1	0	0
13661	0	4	0	0	1	0	0
14501	1	0	4	0	0	0	0
18961	0	0	0	0	1	0	4
19141	0	1	0	0	3	1	0
231	0	0	0	0	1	0	4
501	0	1	0	0	2	0	2
771	0	1	0	0	2	0	2
5751	0	1	0	0	0	0	4
11801	2	0	5	0	0	0	0
11811	0	5	0	0	0	0	0
4230	1	0	2	0	3	1	0
11821	0	0	5	0	0	0	0
4710	0	0	0	0	3	0	2
12211	0	3	0	2	0	0	0
5180	0	0	0	0	4	0	1
5610	1	0	4	1	0	0	0
12661	2	0	4	1	0	0	0
17031	5	0	0	0	0	0	0
17061	0	5	0	1	0	0	0
6870	1	4	0	0	0	0	0
2011	0	3	0	0	0	0	3
8981	0	0	3	0	1	1	1
9141	1	0	4	0	0	0	0
9431	4	1	0	0	4	0	0
14491	4	0	1	0	0	0	0
14611	0	0	0	0	4	0	1
14691	0	4	0	1	1	0	0
6050	3	1	3	1	0	0	0
6130	0	1	1	3	2	0	0
6150	0	5	0	0	0	0	1
14981	3	1	4	0	0	0	0
6190	0	2	0	3	1	0	0
15011	0	3	0	1	2	0	0
6610	0	0	0	0	5	0	0
15361	0	0	0	1	4	0	0
18941	5	0	0	0	0	0	0
221	1	0	3	0	1	0	0
331	0	4	0	2	2	0	0
471	0	0	1	1	3	0	1
1801	0	3	0	0	2	0	1
2101	0	0	0	3	2	0	0
740	0	0	0	1	3	0	0
3681	0	0	0	0	5	0	0
5741	5	0	0	0	0	0	0
5911	1	3	0	1	1	0	0
6251	1	1	0	0	5	0	0
6281	0	0	0	0	5	0	0
6411	5	0	0	0	2	0	0
6561	0	4	0	1	1	0	0
11091	1	1	1	0	2	0	0
12291	1	1	4	0	0	0	0
4890	0	2	0	3	0	1	0
11791	4	0	1	0	1	0	0
11841	3	0	2	0	1	0	0
4340	2	3	4	0	0	1	0
11921	0	4	0	0	0	1	0
4330	0	1	0	1	0	5	0
4410	1	2	0	1	1	1	0
4450	0	4	1	0	0	2	0
4470	0	2	1	0	2	0	0
12131	0	3	0	1	1	0	0
12151	2	4	0	1	0	0	1
4590	1	4	0	0	0	0	0
12421	0	4	0	0	3	0	0
4740	3	0	0	0	3	0	0
4960	0	3	0	0	2	0	0
12781	0	1	1	1	2	0	0
5040	0	2	3	0	1	0	0
17011	0	0	5	0	0	0	0
17081	0	2	1	2	0	0	0
1981	0	0	5	1	1	0	0
8931	0	0	5	0	0	0	0
8941	0	0	2	0	4	0	0
8971	0	0	5	0	2	0	0
9051	0	0	4	0	1	0	0
3080	0	0	2	1	2	0	1
9301	0	0	4	0	2	0	0
9311	0	0	0	4	2	0	0
3110	0	3	1	3	0	0	1
3130	0	1	4	0	0	0	0
14461	5	0	0	0	0	0	0
14471	1	1	0	2	3	0	0
14551	0	4	0	1	0	0	0
14781	1	5	1	1	0	0	0
15621	0	2	0	0	2	0	2
6590	0	0	0	0	5	0	0
15671	5	0	0	0	0	0	0
15941	0	3	0	0	1	0	1
16381	4	2	0	0	0	0	0
16411	0	4	0	0	1	0	0
18931	2	0	4	0	0	0	0
19051	0	0	0	0	5	0	0
21111	0	2	3	0	4	0	0
21321	0	0	1	0	4	0	0
191	2	1	1	0	1	0	0
391	0	3	0	1	0	1	0
50	0	1	0	1	3	0	0
481	0	0	0	0	5	0	0
621	0	2	0	4	1	0	0
330	0	0	0	0	5	0	1
631	2	2	1	1	1	0	0
360	0	1	0	0	4	0	0
671	0	2	1	0	3	0	0
921	0	2	1	1	1	0	0
961	0	3	0	2	0	0	0
340	0	0	0	0	5	0	0
5671	0	0	0	0	1	0	4
11761	0	2	0	0	0	0	3
16881	4	0	0	0	0	0	1
1871	0	0	0	0	2	0	3
2061	0	0	0	0	4	0	1
750	0	0	0	0	4	0	1
2860	5	0	0	0	2	0	0
2111	3	0	0	0	1	0	1
760	0	3	0	0	1	0	1
2581	0	2	0	0	3	0	0
2681	1	1	0	0	4	0	0
770	0	0	0	0	5	0	0
2721	0	0	0	0	3	0	2
2751	0	1	0	0	1	0	3
780	0	0	0	0	5	0	0
2811	0	1	0	0	2	0	2
2831	0	0	0	0	4	0	1
1230	3	0	0	0	1	0	1
2851	1	1	0	0	2	0	1
2861	0	2	0	0	3	0	1
3111	0	2	0	0	2	0	1
3171	0	0	0	0	5	0	0
3541	0	0	0	0	2	0	3
3631	0	2	0	0	1	0	2
3731	0	0	0	0	4	0	1
3871	0	0	0	0	2	0	3
3901	0	1	0	0	1	0	3
1010	4	1	0	0	0	0	0
1090	0	5	0	0	0	0	0
1100	0	0	0	0	2	0	3
1130	0	3	0	0	1	0	1
1170	0	4	0	0	1	0	1
1690	0	3	0	0	2	0	0
4021	0	2	0	0	1	0	3
4201	0	0	0	0	2	0	3
4241	0	0	0	0	2	0	3
1140	0	0	0	0	1	0	4
4371	0	0	0	0	3	0	2
1180	3	0	0	0	1	0	2
4401	0	0	0	0	1	0	4
4671	0	1	0	0	2	0	2
4691	0	0	0	0	2	0	3
4721	0	0	0	0	1	0	4
4741	0	0	0	0	2	0	4
2850	3	0	0	0	1	0	2
2890	0	4	0	0	0	0	0
4821	0	0	0	0	2	0	3
4881	0	0	0	0	0	0	5
1470	0	0	0	0	4	0	1
5021	0	1	0	0	2	0	2
1410	0	0	1	0	3	0	1
5101	0	1	0	0	3	0	2
5221	0	0	0	1	0	0	4
5281	0	1	0	0	3	0	1
5591	0	0	0	0	2	0	3
5801	0	1	0	0	3	0	2
5821	0	1	0	0	4	0	0
5881	0	0	0	0	4	0	1
1910	0	1	0	0	2	0	3
5891	0	1	0	0	1	0	3
5941	0	1	0	0	2	0	2
6181	1	0	0	0	2	0	2
6231	0	1	0	0	2	0	2
6531	0	1	0	0	2	0	2
8861	5	0	0	0	0	0	0
9001	0	3	2	1	0	0	0
9091	0	5	0	0	0	0	0
9121	1	4	0	0	0	0	1
10451	3	5	0	0	0	0	0
10491	0	4	0	1	1	0	0
14401	4	0	0	0	0	0	0
15231	0	5	0	0	0	0	0
6480	2	0	0	0	3	0	0
18911	5	0	1	0	0	0	0
19061	0	0	3	0	4	0	0
19131	4	0	2	0	1	0	0
181	0	1	0	1	0	1	2
251	1	0	0	0	2	0	2
311	0	0	1	0	2	2	1
371	0	3	0	0	3	1	0
240	0	0	0	0	1	3	1
991	0	2	1	1	0	0	1
250	0	0	0	0	2	1	2
1021	0	3	0	0	1	0	1
260	0	1	0	0	0	4	0
1331	0	3	0	0	1	0	1
270	0	0	0	0	5	0	0
1611	0	5	0	0	0	0	0
5621	3	0	2	0	0	0	0
6811	2	2	0	1	1	0	0
2160	3	0	0	0	4	0	0
2170	0	4	0	0	0	0	1
2360	0	0	0	0	5	0	0
6911	0	1	0	0	4	0	1
6941	0	0	0	0	3	0	2
6951	0	1	0	0	4	0	0
6961	4	1	0	0	0	0	1
6971	0	3	0	0	3	0	0
6981	0	0	0	0	1	0	4
2220	2	0	1	0	0	0	2
7751	0	0	0	0	5	0	0
7871	0	3	0	1	1	0	0
11421	0	1	0	0	0	0	4
11431	5	1	0	0	0	0	0
4160	0	5	0	0	0	0	0
11441	1	3	0	0	1	0	1
4180	0	5	0	0	0	0	0
4240	0	4	0	0	0	0	1
4440	1	4	1	1	1	0	1
4460	0	4	0	0	0	0	1
4480	5	0	0	0	0	0	0
4510	0	4	0	0	1	0	0
4690	0	3	0	0	1	0	1
11451	0	5	0	0	0	0	0
11461	1	1	1	0	0	0	2
4210	0	3	0	0	1	0	1
4520	0	4	0	0	0	0	1
5500	0	3	0	0	0	0	2
11471	0	4	0	0	1	0	0
11481	1	1	0	0	1	0	2
4220	0	5	0	0	0	0	0
4550	0	4	0	0	0	0	1
5510	0	4	0	0	0	0	1
11491	0	5	0	1	2	0	0
11511	0	1	0	0	0	0	4
4370	0	3	0	0	0	0	2
4570	0	3	0	0	1	0	1
11531	1	4	0	1	0	0	1
4380	0	3	0	0	1	0	1
4610	0	1	1	0	2	0	2
11541	0	3	0	0	0	0	2
4620	0	3	0	0	1	0	1
11551	1	2	0	0	0	0	3
4400	0	3	1	1	0	0	0
4630	0	3	0	1	0	0	1
11561	0	4	0	1	0	0	0
4390	0	4	0	0	1	0	0
4640	0	3	0	0	1	0	1
11571	4	0	0	0	0	0	1
12251	1	0	1	0	0	4	0
4680	0	3	0	3	0	0	0
4910	0	4	2	0	1	0	0
4970	0	1	1	1	3	0	1
5100	0	1	1	3	1	1	0
5110	0	0	1	1	4	0	0
5600	4	1	1	0	1	0	0
16671	4	0	0	0	0	0	0
16711	0	5	0	0	0	0	0
16981	0	5	0	0	0	0	0
6910	0	0	0	0	5	0	0
6970	0	4	0	0	1	0	0
17221	0	5	0	0	0	0	0
17401	0	5	0	0	0	0	0
1841	1	1	1	0	0	0	2
1971	0	1	0	0	1	1	2
2001	2	1	0	0	1	0	1
2131	0	2	0	0	3	0	0
2191	1	1	0	0	4	0	0
2641	0	2	0	0	2	0	1
3811	0	1	0	0	1	0	3
3921	0	1	0	0	3	0	1
4151	3	1	0	0	3	0	0
7361	5	0	0	0	1	0	0
15731	1	3	0	0	2	0	0
15891	0	2	0	0	3	0	1
15901	1	2	0	0	3	0	1
8851	5	0	0	0	0	0	0
9171	0	5	0	0	0	0	0
4070	0	0	0	0	2	0	3
9231	5	0	0	0	2	0	0
14381	5	0	0	0	0	0	0
14531	3	0	1	0	2	0	0
14571	0	4	0	1	0	0	0
15101	1	1	0	0	1	0	2
18821	5	0	0	0	0	0	0
19281	0	5	0	0	0	0	0
161	3	0	4	0	0	0	0
5571	0	1	0	0	1	0	3
11411	4	0	2	0	0	0	0
11731	1	4	0	1	0	0	0
4320	1	0	0	0	4	0	1
16641	0	0	0	1	0	0	4
16781	0	0	0	0	5	0	0
16901	0	2	0	1	0	1	1
17761	0	0	1	0	3	0	1
7140	0	3	0	0	0	1	1
1771	1	3	0	0	0	0	1
1831	0	3	0	1	1	0	0
510	0	2	0	1	3	0	0
640	0	1	0	0	4	0	0
8731	3	0	2	0	0	0	0
8781	0	3	0	2	0	0	0
8791	0	4	0	1	0	0	0
14371	4	0	1	0	1	0	0
18801	0	0	0	0	1	0	4
19161	0	4	0	0	2	0	0
19241	0	2	0	0	1	0	2
19271	0	1	0	1	1	1	2
20791	0	1	0	0	3	0	1
151	5	0	0	0	0	0	0
871	0	5	0	0	0	0	0
881	0	3	0	0	0	0	2
3711	0	4	0	0	2	0	0
5531	2	0	0	0	2	0	1
11331	3	2	0	0	0	0	0
11351	0	5	0	0	0	0	0
4350	0	2	1	0	0	3	0
4360	1	0	2	1	0	0	1
4780	1	3	1	0	4	0	0
4820	0	5	0	0	0	0	0
4830	0	5	0	0	0	0	0
4850	0	1	0	0	5	0	0
11361	2	3	0	0	2	0	0
4840	0	1	0	0	5	0	0
11401	3	1	0	0	2	0	1
11581	0	4	0	0	1	0	0
11601	3	1	1	0	4	0	0
11631	0	4	1	0	0	1	0
11641	1	4	1	0	0	1	0
4800	0	0	0	0	3	1	0
11671	0	3	0	1	1	0	0
11691	5	1	0	0	2	0	0
11711	0	5	0	0	0	0	0
12481	2	1	0	0	3	1	0
12521	1	4	0	0	0	0	0
13231	2	1	1	0	1	0	0
13531	4	1	0	0	0	0	0
5450	0	2	1	0	1	0	1
13541	0	5	0	0	0	0	0
5460	4	1	0	0	0	0	0
13561	0	0	0	0	4	0	1
5530	0	1	0	0	4	0	0
5550	2	0	2	0	0	2	1
5640	0	4	1	0	0	0	0
5850	1	0	2	0	1	1	0
16631	1	0	4	0	0	0	0
1751	0	0	5	0	0	0	0
4931	0	0	1	5	0	0	0
8651	5	0	1	0	0	0	0
10141	3	2	1	0	0	0	0
14361	0	3	1	0	0	1	1
15391	0	2	0	2	0	0	1
18791	0	1	0	0	0	0	4
141	3	0	1	0	0	0	1
451	2	0	0	0	3	0	0
130	0	2	0	1	4	0	0
180	0	4	1	0	0	0	0
1221	0	5	0	0	0	0	0
5481	5	0	0	0	0	0	1
5511	1	2	0	0	0	0	4
5871	1	2	1	0	2	0	1
6041	0	0	0	0	3	0	3
6301	0	1	0	0	2	0	2
6521	0	0	0	0	3	0	2
11271	0	0	5	0	0	0	0
16601	5	0	2	0	0	0	0
16961	0	1	0	1	4	0	0
16971	5	0	0	0	2	0	0
16991	4	0	2	0	1	0	0
17041	0	2	2	2	2	0	0
6850	0	5	0	0	0	0	0
17101	1	1	1	0	2	0	0
17561	2	0	0	0	4	0	0
1731	0	1	0	0	1	0	3
8561	5	0	0	0	0	0	0
8901	0	4	0	0	0	0	1
8991	1	1	0	1	3	0	1
14351	2	0	3	0	0	1	0
14431	0	0	0	0	4	0	1
14721	0	3	0	0	1	1	0
6640	0	2	0	0	0	3	0
6660	0	0	0	0	2	3	1
14861	0	5	0	0	0	0	0
6650	0	3	1	0	3	0	0
14871	0	0	0	0	3	1	1
14921	0	1	0	0	3	1	1
6170	2	1	0	0	1	0	1
15551	4	0	1	0	2	0	0
6500	0	4	0	0	2	0	0
6570	0	4	1	0	0	1	0
6600	0	0	0	0	4	0	0
15811	0	4	0	1	0	0	0
18671	3	0	2	0	1	0	1
18681	1	4	0	0	0	0	0
18691	0	3	1	2	0	0	0
18921	0	1	1	0	3	0	1
131	0	0	5	0	0	0	0
2071	0	0	0	4	1	0	0
2881	0	0	4	0	2	0	0
3791	0	0	2	4	0	0	0
4521	5	0	0	0	0	0	0
1210	0	0	0	4	3	0	0
5471	5	0	0	0	0	0	0
5661	0	5	0	0	0	0	0
1600	0	0	0	0	3	0	2
5701	0	0	0	0	5	0	0
5761	2	0	0	0	3	0	0
11221	4	1	0	0	0	0	0
11301	0	3	0	0	1	1	1
11381	0	3	0	0	2	0	1
4120	4	0	0	0	3	0	0
4150	1	4	0	0	0	0	0
16571	3	0	2	0	0	0	0
16751	0	0	4	0	1	0	0
1691	0	0	0	0	0	0	5
1861	0	1	0	0	3	0	1
610	0	0	0	0	3	0	3
6260	4	1	0	0	0	0	0
6630	5	0	0	0	0	0	0
1911	0	0	0	0	2	0	2
1961	0	0	0	0	3	0	2
600	0	1	1	1	4	0	0
2601	0	1	0	0	2	0	2
8091	0	0	0	0	2	0	3
2620	0	2	0	0	5	0	0
2760	1	0	0	1	4	0	0
5560	0	3	0	1	2	0	0
8681	0	2	0	1	2	0	1
8411	1	0	3	0	1	0	0
8451	0	0	4	0	2	1	0
8551	1	0	1	2	1	0	0
8581	0	0	2	0	3	0	0
9461	0	0	3	0	2	1	0
14271	5	0	2	0	0	0	0
14791	0	3	1	0	1	0	1
6110	0	3	1	1	0	1	0
6120	0	4	0	1	1	0	0
6140	0	1	0	0	3	3	0
14971	0	1	1	1	2	0	1
18661	0	0	5	0	0	0	0
18701	0	0	2	1	3	0	0
18721	0	1	0	5	3	0	0
18861	0	0	1	1	5	0	0
18881	0	2	1	1	1	0	0
18891	0	0	0	5	1	0	0
18951	0	0	0	5	0	0	0
121	3	0	1	0	1	0	0
171	0	2	1	2	2	0	0
10	1	1	0	0	2	2	0
150	1	1	3	0	2	2	0
170	0	3	0	0	0	1	1
670	0	2	1	1	1	0	0
2250	0	2	0	2	2	0	0
2300	0	0	0	2	2	0	1
201	3	0	2	0	1	0	0
20	1	5	0	0	0	0	0
220	0	0	0	0	5	0	0
430	0	2	0	0	0	1	3
480	0	0	0	0	4	1	0
650	0	3	0	0	1	0	1
2330	0	5	0	0	0	1	0
211	1	0	4	0	0	0	0
261	0	4	0	0	0	0	1
321	0	3	0	3	1	0	0
351	0	5	0	0	0	0	0
90	0	0	0	0	4	0	1
1321	0	2	0	4	1	0	0
2801	0	0	0	0	1	2	2
1750	0	0	0	0	4	1	0
2230	1	0	0	0	4	0	0
2320	0	0	0	0	5	0	0
2420	0	2	0	0	3	0	0
5991	0	1	0	0	3	0	1
7081	0	1	0	0	3	0	1
7111	0	0	0	0	4	0	1
2140	0	0	0	0	5	0	0
7581	0	0	0	0	5	0	0
2290	0	1	0	0	1	1	2
2350	0	2	2	0	0	0	1
7711	1	2	0	0	0	0	2
2390	0	0	0	0	2	1	3
8921	0	0	2	0	0	2	1
2910	0	0	0	1	3	2	0
9031	0	1	0	0	2	1	1
5451	3	0	1	0	1	0	1
5611	0	1	0	0	4	0	0
5651	1	1	0	0	3	0	0
1870	0	0	0	0	4	0	1
5831	0	3	0	1	1	0	0
5841	0	2	0	0	1	1	1
6161	0	1	0	1	4	0	0
6171	0	3	0	0	1	0	1
6571	0	1	0	0	3	0	1
11191	5	0	0	0	0	0	0
11201	0	1	0	3	0	0	1
4100	5	0	0	0	0	0	0
4140	1	4	1	0	0	0	0
4490	0	4	0	0	1	0	0
11371	5	0	0	0	0	0	0
4130	1	3	1	1	0	0	0
4300	0	0	0	0	4	0	0
11591	4	1	0	0	0	0	0
5030	0	5	0	0	1	0	0
5290	0	4	1	0	0	0	0
11611	0	3	0	0	1	0	1
6090	0	0	0	0	5	0	0
11621	1	2	1	1	1	0	0
4420	0	1	1	1	4	1	0
11721	2	1	2	1	0	0	0
5300	0	5	0	0	0	0	0
5330	5	0	0	0	0	0	0
5520	0	0	0	0	5	0	0
5880	1	1	2	0	0	2	0
11741	0	3	0	0	1	0	1
4500	4	1	0	0	0	0	0
11931	5	1	1	0	0	0	0
4280	0	4	0	1	0	0	0
12371	5	0	1	0	0	2	0
4870	0	0	1	0	0	5	0
4880	0	0	3	0	0	2	0
4900	0	0	0	1	1	4	0
5000	2	0	0	0	0	4	0
5830	0	3	0	0	1	1	0
6010	0	0	4	0	1	1	0
12561	2	1	0	0	2	0	0
13081	1	4	0	0	2	0	0
13281	1	2	1	2	0	0	0
13341	0	5	0	0	0	0	0
5580	1	2	2	0	0	1	0
13511	0	4	0	1	0	0	0
13671	0	1	0	2	3	0	0
13791	0	0	1	0	3	1	0
5690	0	0	0	0	2	0	3
14281	0	1	4	0	0	2	0
5900	0	0	1	0	2	2	0
5990	0	1	0	0	3	0	1
14291	0	3	1	1	1	0	0
6100	0	0	0	1	5	0	0
14541	0	0	3	0	2	3	0
14561	0	5	1	0	0	0	0
6000	1	1	0	0	4	0	1
14601	0	1	2	1	1	0	0
14641	0	0	3	0	1	1	0
14761	0	0	3	0	0	3	0
14771	1	1	3	0	2	1	0
16561	2	0	3	0	0	0	0
16721	2	0	2	0	2	0	0
16761	2	0	0	0	4	0	0
16771	0	0	3	0	2	0	0
16791	3	0	3	0	3	0	0
16821	1	0	1	4	2	0	0
16951	0	3	0	1	1	0	0
6940	0	0	0	0	5	0	0
17511	2	0	3	1	0	0	0
17521	0	1	1	0	1	2	0
1671	0	0	0	0	0	0	5
2201	0	0	0	0	0	0	5
2271	0	0	0	0	0	0	5
2441	0	0	0	0	0	0	5
2471	0	0	0	0	0	0	5
2561	0	0	0	0	0	0	5
2621	0	0	0	0	0	0	5
660	0	0	0	0	1	0	4
1430	0	0	0	0	0	0	5
4581	0	0	0	0	0	0	5
6081	0	0	0	0	0	0	5
2010	0	0	0	0	0	0	5
2070	0	0	0	0	1	0	5
11061	0	0	0	0	0	0	5
11241	0	1	0	0	0	0	4
14171	0	0	0	0	0	0	5
5840	0	0	0	0	0	0	5
14511	0	0	0	0	0	0	5
7310	0	0	0	0	0	0	5
7320	0	0	0	0	0	0	5
8361	5	0	2	0	2	0	0
8381	1	4	0	0	1	0	0
8831	0	1	0	0	4	0	0
14221	2	1	2	0	0	0	0
14341	0	0	1	3	2	0	0
14581	0	0	0	1	4	0	0
18611	5	0	0	0	1	0	0
19001	2	1	0	2	3	0	0
7300	3	0	0	0	4	0	0
111	0	1	2	0	1	0	2
5381	1	1	1	1	0	0	1
6621	0	1	0	0	5	0	0
2030	0	1	0	0	4	0	1
11181	0	0	0	0	0	0	5
11261	0	2	0	1	0	1	1
16551	5	0	0	0	1	0	0
21861	4	0	1	0	0	0	0
21891	0	1	1	2	1	0	0
1531	1	0	0	0	1	0	3
1591	0	4	0	0	0	1	0
2161	0	2	0	0	1	0	2
3281	0	3	0	1	4	0	0
3841	0	0	0	0	3	0	2
8341	5	0	0	0	0	0	0
9341	0	5	0	0	0	0	0
9411	0	4	0	1	1	0	0
14191	5	0	0	0	0	0	0
14211	0	5	0	0	0	0	0
5960	0	4	0	0	2	0	0
18581	5	0	0	0	0	0	0
19251	1	5	0	0	1	0	0
20451	0	0	0	0	5	0	0
20541	0	4	0	0	1	0	1
101	0	0	0	0	1	0	4
5371	0	0	1	1	0	0	4
11131	0	2	0	0	4	0	0
12771	0	0	0	0	5	0	0
12901	0	0	0	0	5	0	0
16531	2	0	3	0	0	0	0
21811	4	0	2	0	0	0	0
21821	2	0	1	0	4	0	0
21871	3	0	0	0	4	0	0
21881	0	5	0	1	1	0	0
1521	2	2	0	0	0	0	1
1561	0	3	0	0	0	1	1
840	0	4	1	0	0	1	0
860	0	4	0	0	1	0	0
1651	0	3	1	0	0	0	1
940	0	3	0	0	2	0	0
1721	0	2	0	0	3	0	0
1811	0	3	1	1	1	0	0
3511	0	5	0	0	1	0	0
3561	0	2	0	0	3	0	1
3721	5	0	0	0	0	0	0
8301	4	0	0	0	1	0	0
8351	1	5	0	0	1	0	0
8721	0	0	0	0	5	0	0
13121	0	1	1	0	3	0	1
14121	0	0	5	0	0	0	0
18571	5	0	0	0	0	0	0
18591	1	3	0	0	2	0	0
18601	2	2	0	0	3	0	0
18641	0	0	0	0	5	0	0
18711	0	0	0	0	5	0	0
18751	0	0	0	0	5	0	0
18771	0	1	0	0	4	0	0
18811	3	0	0	0	5	0	0
18851	0	0	0	0	3	0	2
18871	0	5	0	0	1	0	0
91	1	0	0	1	1	0	3
5321	4	1	0	0	0	0	0
5391	0	5	0	0	0	0	0
11111	0	1	0	1	1	0	3
13721	2	1	1	0	3	0	0
5590	0	2	0	0	2	1	0
13811	0	3	0	0	1	1	0
5740	1	3	0	0	1	0	0
16481	0	0	5	0	0	0	0
17201	0	1	0	5	1	0	0
21771	2	0	3	0	0	0	0
21781	0	4	0	1	0	0	0
21791	1	2	0	2	1	0	0
21801	5	0	0	0	2	0	0
1491	3	0	2	0	0	0	0
2401	0	0	1	0	3	0	1
4791	0	2	0	1	1	0	1
6741	0	0	2	0	2	1	0
2040	0	2	0	0	2	0	1
7861	0	0	1	0	4	0	0
2460	0	4	0	1	2	0	0
8031	1	0	2	0	2	0	1
2470	0	1	0	0	4	0	0
12301	0	0	3	1	1	1	0
4530	0	0	2	0	5	0	0
7730	1	2	0	0	1	1	0
15841	0	0	0	1	5	0	0
8281	0	1	0	0	0	0	4
8771	0	0	0	0	5	0	0
14031	0	0	2	0	1	0	2
14061	3	0	0	0	0	2	0
5750	0	1	0	0	5	0	0
14151	0	3	0	0	2	0	0
14181	1	1	0	0	5	0	0
14201	0	4	0	0	0	0	1
14251	2	2	0	0	2	0	1
5870	0	3	0	0	3	0	0
5890	0	1	0	0	3	0	2
16661	0	2	0	0	3	0	0
18561	1	0	0	0	1	0	3
21561	0	1	0	0	3	0	1
81	0	1	0	0	0	0	4
5261	0	1	0	0	1	0	3
6461	0	0	0	0	5	0	0
6471	0	0	0	0	5	0	0
7121	4	0	0	0	1	0	0
2100	0	4	0	0	0	0	1
2130	1	1	0	1	2	1	0
2190	3	2	0	1	0	0	1
2340	0	1	0	0	2	0	2
3310	2	3	0	0	0	0	1
7161	1	1	0	0	1	0	3
10841	3	1	0	1	1	0	0
3970	0	3	0	0	0	0	2
11071	0	0	1	0	1	1	2
11751	0	1	0	0	0	2	2
6720	0	2	0	1	2	0	1
12341	0	2	0	0	4	0	0
12791	2	0	0	0	4	0	0
5050	0	3	0	0	3	0	0
11101	4	0	1	0	0	0	0
11291	0	2	2	0	0	1	0
15351	0	0	3	0	1	3	0
16471	0	0	4	0	0	1	0
16611	0	0	1	0	5	0	0
16681	2	1	3	0	1	0	0
16801	0	0	2	0	2	3	0
16891	0	4	0	1	0	0	0
21751	5	0	1	0	0	0	0
21921	0	5	0	0	0	0	0
22091	5	0	1	0	1	0	0
1481	0	0	5	0	0	0	0
8181	5	0	0	0	0	0	0
8741	1	4	0	0	0	0	0
3340	0	3	0	1	1	0	0
14011	0	1	2	0	0	0	2
14051	0	2	0	0	2	0	1
5710	0	0	0	0	3	0	2
5760	1	0	0	0	3	0	1
5770	0	1	0	0	2	0	2
5780	0	2	0	0	4	0	0
6460	0	0	1	0	2	0	2
14111	0	0	0	0	2	1	3
14161	0	0	1	1	1	0	2
6470	0	2	0	0	2	0	1
6490	1	1	1	0	2	0	0
6540	0	2	0	0	3	0	0
6930	0	1	0	0	1	1	1
15701	3	1	0	0	1	0	1
6550	0	4	0	0	1	0	0
6560	2	0	0	0	2	0	1
15721	2	2	0	0	2	0	1
17131	3	2	0	0	3	0	0
17371	0	5	0	0	0	0	0
18521	4	0	2	0	0	0	0
18541	0	0	0	4	2	0	0
71	0	0	1	0	0	0	4
5211	3	0	4	0	0	1	0
5241	0	3	0	1	0	0	1
10971	0	0	5	0	0	0	0
16291	1	0	3	0	0	0	1
16451	1	1	0	2	3	0	0
16521	0	0	2	0	4	1	0
16581	0	1	2	0	1	0	1
16931	1	0	4	0	1	0	0
21661	0	0	0	0	3	3	1
21701	0	0	0	0	5	0	0
1461	5	0	0	0	0	0	0
2731	0	2	0	0	2	0	2
3091	3	2	0	0	1	0	2
3391	0	1	0	0	3	0	1
3471	0	2	0	0	2	0	1
8121	4	0	0	0	0	0	1
8151	0	5	0	0	0	0	0
8221	4	0	0	0	3	0	0
8231	2	4	0	0	1	0	0
8491	0	3	0	0	2	0	1
8761	0	3	0	0	2	0	0
8821	0	5	0	0	0	0	0
13981	0	0	5	0	0	0	0
14081	0	0	0	4	1	0	0
14231	0	0	5	0	2	0	0
14731	0	1	0	4	0	0	0
15561	0	0	5	0	0	0	0
18511	1	0	4	0	0	0	0
18531	0	0	0	4	2	0	0
7270	0	0	1	1	4	0	0
61	1	0	1	0	0	0	3
5151	5	0	0	0	2	0	0
5161	1	1	0	0	0	0	3
5251	0	5	0	0	0	0	0
1520	1	0	0	0	4	0	0
5291	0	4	0	0	0	0	1
5331	1	4	0	0	1	0	0
5351	5	1	0	1	0	0	0
1550	0	4	0	0	2	0	0
10901	0	0	0	0	3	0	3
11141	0	0	0	0	5	1	0
16281	2	0	3	0	0	0	0
16361	0	0	1	1	1	1	1
6790	0	0	0	1	4	0	0
16401	0	0	2	0	2	0	1
16431	0	0	2	0	4	0	0
16621	5	0	0	0	0	0	0
21641	5	0	0	0	0	0	0
21711	0	4	1	1	0	0	0
21721	0	0	3	0	0	1	1
21741	0	4	0	1	0	0	0
1431	5	0	0	0	0	0	0
2311	0	5	0	0	0	0	0
2671	4	0	0	0	4	0	0
3531	0	5	0	0	0	0	0
5401	0	5	0	0	0	0	0
8081	0	0	4	1	0	0	0
8211	0	1	2	2	1	0	0
13961	0	1	2	0	0	0	2
13991	0	3	0	0	4	0	0
14041	0	4	1	1	2	0	0
5720	0	4	0	1	0	1	0
6020	0	2	0	0	4	0	0
6060	0	2	2	0	1	0	0
6070	0	2	1	0	0	1	1
6080	1	4	0	0	1	0	0
6510	2	0	3	0	0	0	0
6580	0	5	0	2	0	0	0
14141	5	0	1	0	0	0	0
5790	0	3	1	0	1	0	0
5800	4	1	0	0	0	0	0
6030	3	1	0	0	0	0	0
6040	0	4	0	0	0	0	1
6520	0	4	1	0	0	0	0
15751	1	4	0	0	1	0	0
18501	1	0	4	0	0	0	0
51	0	1	0	0	1	0	3
5121	3	2	0	0	0	0	0
5501	0	4	1	0	1	0	0
1720	3	0	0	0	1	1	0
5581	0	4	0	0	0	0	0
5601	1	4	0	0	0	0	0
10861	0	0	5	0	0	0	0
10911	0	0	1	1	3	0	0
16271	0	0	5	0	0	0	0
16351	0	2	0	3	0	0	0
16371	0	0	0	0	5	0	0
16651	0	2	0	3	0	0	0
6810	1	2	3	0	0	0	0
21571	1	2	2	0	1	0	0
1421	2	2	0	0	0	0	1
5441	3	1	0	0	1	1	0
1540	0	3	0	0	2	0	0
6761	0	3	0	1	3	0	0
2430	5	1	0	0	0	0	0
4950	0	5	0	0	1	0	0
7991	4	1	0	0	0	0	0
13861	4	0	1	0	0	0	0
13881	2	0	1	0	4	0	0
14131	0	0	0	2	0	0	3
18491	4	0	0	0	2	0	0
41	1	0	0	1	1	0	2
5111	0	0	0	0	0	0	5
5141	0	0	0	0	0	0	5
5191	0	0	0	0	1	0	5
5201	0	0	0	0	1	0	4
6091	0	0	0	0	0	0	5
6671	0	0	0	0	0	0	5
6831	0	0	0	0	0	0	5
7401	0	0	0	0	0	0	5
7891	0	0	0	0	0	0	5
9201	0	0	0	0	0	0	5
3200	0	0	0	0	1	0	4
3500	0	0	0	0	0	0	5
3510	0	0	0	0	0	0	5
3760	0	0	0	0	2	0	3
3890	0	0	0	0	0	0	5
9581	0	0	0	0	0	0	5
3490	0	0	0	0	0	0	5
3590	0	0	0	0	1	0	5
10811	0	0	0	0	0	0	5
17391	0	0	0	0	0	0	5
18071	0	0	0	0	0	0	5
21761	0	0	0	0	0	0	5
10831	3	0	2	0	0	1	0
11311	0	4	0	2	0	0	0
16141	3	0	3	0	0	0	0
16211	0	1	1	0	2	1	0
16221	0	3	0	1	1	0	1
6740	0	0	0	0	5	0	0
16231	1	2	0	2	0	0	1
6760	0	0	0	0	5	0	0
16241	0	0	0	1	5	0	0
16691	4	0	0	0	1	0	0
16811	0	4	0	1	1	0	0
21391	4	0	0	0	0	0	1
21431	0	4	0	0	1	0	0
21491	0	3	0	0	1	1	0
7920	1	2	0	1	1	0	1
1311	0	0	0	0	2	0	3
1361	0	0	0	0	5	0	0
1391	5	0	0	0	0	0	0
290	0	4	0	1	0	0	0
1951	0	0	0	0	4	0	1
2571	3	0	1	1	1	0	0
630	0	4	0	0	0	1	0
2841	4	0	1	0	0	0	0
2110	0	5	0	0	0	0	0
11661	2	0	3	0	0	0	1
4990	0	0	1	3	1	0	0
7981	4	1	0	0	0	0	0
8061	0	5	0	0	0	0	0
8251	0	5	0	0	0	0	0
8541	0	4	0	0	0	0	1
13801	5	0	0	0	0	0	0
13831	1	4	0	0	1	0	0
5630	0	0	0	0	4	0	0
13841	0	3	0	0	3	0	0
5650	3	0	0	0	3	0	0
7430	1	3	0	0	0	0	1
7820	0	2	1	1	0	3	0
21091	0	4	0	0	0	0	0
18441	4	1	0	0	0	0	0
18471	0	4	0	1	1	0	0
18621	1	3	0	0	1	0	0
31	0	0	0	1	0	0	4
5081	1	0	5	0	0	0	0
10761	5	0	0	0	0	0	0
10951	0	5	0	0	0	0	0
11321	0	0	0	1	4	0	0
16111	2	0	2	1	0	0	0
21051	1	0	3	0	0	1	0
21121	0	1	0	1	0	3	0
7830	0	0	0	0	1	4	0
7840	1	1	2	0	0	2	0
21241	5	0	1	0	2	0	0
7910	0	4	1	0	1	1	0
21341	5	0	1	0	0	0	0
21691	0	3	0	1	0	0	1
1241	0	1	0	0	2	0	2
3261	0	0	0	0	5	0	0
7931	0	2	2	1	0	0	0
13601	2	1	0	1	0	0	2
13621	0	1	0	1	3	0	0
13631	0	0	0	0	5	0	0
13911	4	0	0	0	5	0	0
5670	0	3	0	2	0	0	0
5700	0	2	0	2	0	0	1
14391	0	0	0	0	5	0	0
14411	0	0	0	0	5	0	0
5940	5	0	0	0	3	0	0
5950	0	4	0	0	0	0	1
18421	4	0	0	0	0	0	1
18451	0	4	1	0	0	0	0
5061	0	0	0	0	1	0	4
5091	0	0	0	0	4	0	1
5421	0	1	0	0	3	0	1
10681	1	0	4	1	0	0	0
10701	0	1	0	2	3	0	0
11831	0	0	0	0	5	0	0
12141	1	3	1	0	0	0	0
16101	5	0	0	0	0	0	0
16151	0	1	0	0	3	0	1
16201	0	1	0	0	5	0	0
6780	0	4	0	1	0	0	0
7010	0	4	0	0	1	0	0
16391	0	0	0	0	5	0	0
16851	0	0	0	0	5	0	0
18901	0	1	0	0	4	0	0
20751	0	0	0	0	5	0	0
21311	4	0	1	0	0	0	0
21331	0	5	0	1	0	0	0
1231	4	0	1	0	0	0	0
1301	0	5	0	0	1	0	0
1411	0	4	0	1	0	0	0
1501	0	5	0	0	1	0	0
1511	0	5	0	0	1	0	0
3351	0	5	0	0	0	0	0
7821	5	0	1	0	0	0	0
7971	0	3	0	2	0	0	0
9751	2	4	0	1	0	0	0
10181	0	4	0	0	1	0	0
3710	5	0	0	0	0	0	0
13551	1	0	4	0	0	0	0
14091	0	0	0	3	3	0	0
18391	4	0	1	0	0	0	0
11	0	0	0	0	3	0	2
5001	1	1	4	0	0	0	0
5691	0	0	5	0	0	0	0
10641	4	0	1	0	0	0	0
10651	2	2	0	1	0	0	0
16081	2	0	2	0	0	1	0
21201	2	0	3	0	0	0	0
21221	0	1	0	4	1	0	0
21231	1	0	0	0	4	0	0
7850	0	0	2	0	3	0	1
21371	0	0	3	1	1	0	0
21631	0	1	0	4	2	0	0
1201	0	1	0	0	0	0	4
1211	0	0	0	0	4	0	1
4781	0	0	0	1	3	1	0
7731	0	0	0	0	1	0	4
13451	3	1	1	0	0	0	0
13471	0	5	0	0	0	0	0
13481	1	2	2	0	0	0	0
5420	0	1	0	1	3	1	0
13651	0	4	0	0	1	0	0
13731	0	1	0	1	4	0	1
