ID	DAYS	HOURS	MINUTES
4991	7.0000	149.0000	8924.0000
10631	3.0000	55.0000	3298.0000
11001	2.0000	45.0000	2677.0000
11011	2.0000	44.0000	2639.0000
12021	1.0000	4.0000	184.0000
16061	2.0000	45.0000	2676.0000
20851	2.0000	27.0000	1619.0000
20861	2.0000	25.0000	1486.0000
7790	1.0000	2.0000	117.0000
1171	9.0000	215.0000	12866.0000
1291	9.0000	213.0000	12776.0000
570	9.0000	194.0000	11587.0000
1401	9.0000	212.0000	12668.0000
300	9.0000	209.0000	12510.0000
370	9.0000	207.0000	12382.0000
390	9.0000	200.0000	11988.0000
400	9.0000	200.0000	11985.0000
5930	2.0000	42.0000	2469.0000
6340	6.0000	132.0000	7898.0000
6840	9.0000	195.0000	11652.0000
1581	9.0000	208.0000	12443.0000
1621	9.0000	207.0000	12393.0000
350	9.0000	207.0000	12389.0000
470	9.0000	198.0000	11826.0000
730	8.0000	185.0000	11068.0000
1761	9.0000	201.0000	12051.0000
2081	9.0000	196.0000	11731.0000
2211	9.0000	194.0000	11601.0000
2651	8.0000	190.0000	11368.0000
2911	8.0000	187.0000	11206.0000
3161	8.0000	186.0000	11106.0000
3241	8.0000	185.0000	11065.0000
6880	7.0000	146.0000	8722.0000
3341	8.0000	183.0000	10954.0000
790	8.0000	183.0000	10949.0000
1050	8.0000	171.0000	10248.0000
3401	8.0000	182.0000	10909.0000
10781	3.0000	50.0000	2979.0000
17151	6.0000	137.0000	8163.0000
17381	5.0000	108.0000	6474.0000
7721	2.0000	40.0000	2353.0000
7911	2.0000	32.0000	1889.0000
7941	2.0000	31.0000	1836.0000
7961	2.0000	30.0000	1769.0000
2750	1.0000	9.0000	513.0000
8041	2.0000	29.0000	1705.0000
2510	2.0000	27.0000	1581.0000
2520	2.0000	26.0000	1544.0000
2590	1.0000	22.0000	1303.0000
2600	1.0000	22.0000	1301.0000
2610	1.0000	22.0000	1291.0000
2720	1.0000	15.0000	891.0000
2730	1.0000	15.0000	880.0000
2870	7.0000	164.0000	9838.0000
2880	7.0000	164.0000	9833.0000
8071	2.0000	28.0000	1671.0000
2640	1.0000	21.0000	1235.0000
8161	2.0000	26.0000	1526.0000
2550	2.0000	25.0000	1462.0000
8191	2.0000	25.0000	1465.0000
2580	1.0000	22.0000	1313.0000
8371	1.0000	17.0000	966.0000
3020	7.0000	148.0000	8824.0000
3040	7.0000	146.0000	8748.0000
3820	3.0000	66.0000	3926.0000
8511	1.0000	9.0000	520.0000
3050	7.0000	146.0000	8711.0000
8531	1.0000	7.0000	378.0000
3060	7.0000	146.0000	8706.0000
3850	3.0000	61.0000	3640.0000
3870	3.0000	61.0000	3602.0000
3880	3.0000	51.0000	3019.0000
8591	1.0000	5.0000	259.0000
8621	1.0000	5.0000	241.0000
3070	7.0000	145.0000	8697.0000
3140	6.0000	139.0000	8339.0000
8631	1.0000	4.0000	238.0000
2780	1.0000	4.0000	188.0000
2900	7.0000	163.0000	9777.0000
8671	1.0000	3.0000	121.0000
2950	7.0000	149.0000	8940.0000
8711	7.0000	168.0000	10053.0000
8891	7.0000	163.0000	9777.0000
3240	6.0000	124.0000	7422.0000
3250	6.0000	124.0000	7413.0000
3270	6.0000	123.0000	7371.0000
3460	5.0000	118.0000	7068.0000
3860	3.0000	61.0000	3634.0000
9011	7.0000	161.0000	9657.0000
9161	7.0000	148.0000	8855.0000
9191	7.0000	148.0000	8832.0000
3010	7.0000	148.0000	8828.0000
3030	7.0000	148.0000	8823.0000
9221	7.0000	146.0000	8742.0000
9241	7.0000	146.0000	8710.0000
9261	7.0000	145.0000	8682.0000
9521	6.0000	134.0000	8026.0000
3230	6.0000	125.0000	7484.0000
3280	6.0000	123.0000	7368.0000
3300	6.0000	123.0000	7323.0000
3320	6.0000	122.0000	7315.0000
9891	5.0000	117.0000	6964.0000
3560	5.0000	108.0000	6442.0000
10011	5.0000	101.0000	6012.0000
10151	4.0000	86.0000	5115.0000
10371	3.0000	69.0000	4082.0000
13441	5.0000	107.0000	6387.0000
13501	5.0000	104.0000	6199.0000
5430	5.0000	104.0000	6192.0000
6310	7.0000	145.0000	8690.0000
6350	6.0000	132.0000	7880.0000
13751	4.0000	81.0000	4841.0000
5980	2.0000	30.0000	1775.0000
14311	2.0000	44.0000	2625.0000
18271	1.0000	3.0000	139.0000
4971	7.0000	149.0000	8928.0000
5271	6.0000	144.0000	8622.0000
5301	6.0000	144.0000	8595.0000
6691	4.0000	74.0000	4413.0000
2020	4.0000	73.0000	4374.0000
6791	3.0000	72.0000	4298.0000
10601	3.0000	57.0000	3407.0000
10721	3.0000	52.0000	3086.0000
10751	3.0000	51.0000	3027.0000
12741	7.0000	147.0000	8801.0000
12861	6.0000	139.0000	8297.0000
16051	2.0000	47.0000	2769.0000
17021	8.0000	174.0000	10405.0000
17051	7.0000	168.0000	10059.0000
17071	7.0000	152.0000	9078.0000
6860	7.0000	152.0000	9068.0000
7170	1.0000	6.0000	319.0000
20621	3.0000	49.0000	2905.0000
20761	2.0000	29.0000	1712.0000
7740	2.0000	26.0000	1560.0000
20871	2.0000	25.0000	1483.0000
7750	1.0000	24.0000	1389.0000
20941	1.0000	22.0000	1276.0000
7760	1.0000	18.0000	1076.0000
20951	1.0000	10.0000	571.0000
20961	1.0000	8.0000	456.0000
21251	6.0000	143.0000	8536.0000
21261	6.0000	142.0000	8497.0000
21281	6.0000	140.0000	8371.0000
21421	5.0000	119.0000	7095.0000
21461	5.0000	115.0000	6858.0000
22111	1.0000	6.0000	301.0000
1151	9.0000	215.0000	12878.0000
1181	9.0000	215.0000	12863.0000
200	9.0000	213.0000	12743.0000
210	9.0000	213.0000	12728.0000
1371	9.0000	212.0000	12718.0000
1381	9.0000	212.0000	12711.0000
280	9.0000	211.0000	12623.0000
520	9.0000	195.0000	11683.0000
1380	7.0000	149.0000	8881.0000
4451	7.0000	167.0000	10007.0000
4461	7.0000	167.0000	10000.0000
6431	4.0000	93.0000	5558.0000
7671	2.0000	42.0000	2500.0000
7691	2.0000	41.0000	2423.0000
8001	2.0000	30.0000	1747.0000
8241	1.0000	22.0000	1299.0000
2670	1.0000	18.0000	1070.0000
2700	1.0000	18.0000	1063.0000
8311	1.0000	19.0000	1106.0000
2680	1.0000	18.0000	1066.0000
2710	1.0000	18.0000	1029.0000
8321	1.0000	19.0000	1082.0000
2690	1.0000	18.0000	1065.0000
8471	1.0000	12.0000	692.0000
8501	1.0000	10.0000	573.0000
8661	1.0000	3.0000	147.0000
2820	7.0000	166.0000	9937.0000
3160	6.0000	135.0000	8066.0000
8801	7.0000	166.0000	9954.0000
3090	6.0000	144.0000	8594.0000
3100	6.0000	143.0000	8580.0000
3150	6.0000	137.0000	8180.0000
3330	6.0000	122.0000	7300.0000
8811	7.0000	166.0000	9943.0000
8911	7.0000	163.0000	9742.0000
9111	7.0000	151.0000	9034.0000
9471	6.0000	137.0000	8197.0000
13401	5.0000	109.0000	6524.0000
13461	5.0000	106.0000	6344.0000
13701	4.0000	86.0000	5152.0000
13951	3.0000	64.0000	3824.0000
14951	7.0000	165.0000	9883.0000
6210	7.0000	160.0000	9542.0000
15001	7.0000	163.0000	9735.0000
15041	7.0000	160.0000	9566.0000
6250	7.0000	158.0000	9449.0000
15111	7.0000	152.0000	9096.0000
15421	6.0000	133.0000	7946.0000
18261	1.0000	7.0000	407.0000
18331	7.0000	168.0000	10023.0000
4941	7.0000	150.0000	8976.0000
10561	3.0000	59.0000	3537.0000
10671	3.0000	53.0000	3180.0000
16021	2.0000	48.0000	2878.0000
16031	2.0000	48.0000	2857.0000
16041	2.0000	48.0000	2832.0000
16071	2.0000	44.0000	2583.0000
16091	2.0000	41.0000	2416.0000
16121	2.0000	35.0000	2054.0000
16181	2.0000	27.0000	1601.0000
16251	1.0000	24.0000	1439.0000
16311	1.0000	22.0000	1303.0000
16341	1.0000	22.0000	1279.0000
16441	1.0000	18.0000	1042.0000
16491	1.0000	10.0000	597.0000
16501	1.0000	10.0000	574.0000
16511	1.0000	9.0000	534.0000
16541	1.0000	6.0000	333.0000
16591	1.0000	3.0000	160.0000
16831	9.0000	212.0000	12699.0000
20591	3.0000	52.0000	3112.0000
20681	2.0000	40.0000	2352.0000
7770	1.0000	5.0000	273.0000
20801	2.0000	29.0000	1691.0000
20881	2.0000	25.0000	1483.0000
20891	2.0000	25.0000	1483.0000
21001	1.0000	3.0000	123.0000
7800	1.0000	1.0000	52.0000
1141	9.0000	215.0000	12880.0000
4531	7.0000	166.0000	9954.0000
7571	2.0000	44.0000	2598.0000
7651	2.0000	42.0000	2510.0000
2740	1.0000	12.0000	688.0000
8421	1.0000	14.0000	810.0000
8431	1.0000	13.0000	775.0000
8441	1.0000	13.0000	763.0000
10041	5.0000	99.0000	5897.0000
13381	5.0000	112.0000	6664.0000
13421	5.0000	109.0000	6491.0000
5400	5.0000	108.0000	6480.0000
18251	1.0000	7.0000	410.0000
18341	7.0000	167.0000	10009.0000
18401	7.0000	157.0000	9405.0000
18411	7.0000	156.0000	9337.0000
4921	7.0000	151.0000	9007.0000
5041	7.0000	149.0000	8885.0000
1480	6.0000	144.0000	8590.0000
5131	7.0000	147.0000	8801.0000
5311	6.0000	144.0000	8592.0000
5341	6.0000	142.0000	8473.0000
6501	4.0000	90.0000	5382.0000
6551	4.0000	85.0000	5067.0000
10541	3.0000	61.0000	3623.0000
10551	3.0000	60.0000	3545.0000
10931	2.0000	46.0000	2745.0000
11021	2.0000	44.0000	2620.0000
4090	2.0000	25.0000	1447.0000
11501	1.0000	24.0000	1403.0000
11521	1.0000	24.0000	1402.0000
4110	1.0000	23.0000	1349.0000
4650	7.0000	165.0000	9855.0000
4720	7.0000	162.0000	9692.0000
11781	1.0000	17.0000	994.0000
11961	1.0000	5.0000	259.0000
12331	7.0000	165.0000	9892.0000
4730	7.0000	162.0000	9688.0000
12441	7.0000	162.0000	9672.0000
15931	3.0000	65.0000	3883.0000
18971	2.0000	44.0000	2636.0000
7940	1.0000	4.0000	191.0000
19011	2.0000	33.0000	1974.0000
19111	1.0000	18.0000	1032.0000
19151	1.0000	6.0000	318.0000
19181	7.0000	168.0000	10049.0000
7580	4.0000	91.0000	5401.0000
19191	7.0000	167.0000	9996.0000
19401	6.0000	140.0000	8371.0000
19441	6.0000	132.0000	7874.0000
19511	6.0000	127.0000	7607.0000
19571	6.0000	126.0000	7523.0000
19601	6.0000	125.0000	7456.0000
19611	6.0000	123.0000	7370.0000
19631	6.0000	123.0000	7352.0000
19641	6.0000	122.0000	7307.0000
19661	6.0000	121.0000	7215.0000
19691	5.0000	119.0000	7110.0000
19821	5.0000	116.0000	6950.0000
19851	5.0000	113.0000	6780.0000
19891	5.0000	109.0000	6528.0000
7510	5.0000	107.0000	6364.0000
19921	5.0000	105.0000	6274.0000
19941	5.0000	104.0000	6191.0000
7860	6.0000	138.0000	8250.0000
20061	4.0000	95.0000	5675.0000
20081	4.0000	94.0000	5620.0000
20121	4.0000	93.0000	5531.0000
20131	4.0000	92.0000	5496.0000
20151	4.0000	91.0000	5451.0000
20181	4.0000	82.0000	4894.0000
20191	4.0000	81.0000	4856.0000
20211	4.0000	80.0000	4789.0000
20221	4.0000	79.0000	4702.0000
20231	4.0000	78.0000	4645.0000
20251	4.0000	76.0000	4545.0000
20261	4.0000	76.0000	4541.0000
20281	4.0000	75.0000	4445.0000
20301	4.0000	74.0000	4431.0000
20311	4.0000	74.0000	4421.0000
20321	4.0000	73.0000	4348.0000
20331	3.0000	72.0000	4274.0000
20361	3.0000	70.0000	4146.0000
20371	3.0000	68.0000	4079.0000
20401	3.0000	67.0000	4014.0000
20461	3.0000	64.0000	3802.0000
20471	3.0000	64.0000	3794.0000
20651	2.0000	46.0000	2760.0000
20661	2.0000	46.0000	2718.0000
20671	2.0000	44.0000	2614.0000
20831	2.0000	28.0000	1627.0000
20911	2.0000	25.0000	1446.0000
21011	1.0000	2.0000	112.0000
21021	1.0000	1.0000	52.0000
21031	7.0000	167.0000	9963.0000
21131	7.0000	162.0000	9695.0000
21141	7.0000	162.0000	9687.0000
21151	7.0000	156.0000	9349.0000
21161	7.0000	154.0000	9207.0000
21171	7.0000	153.0000	9136.0000
21181	7.0000	153.0000	9133.0000
21191	7.0000	152.0000	9119.0000
21211	7.0000	145.0000	8641.0000
21271	6.0000	140.0000	8372.0000
21291	6.0000	139.0000	8302.0000
21301	6.0000	138.0000	8250.0000
21351	6.0000	124.0000	7382.0000
21361	6.0000	122.0000	7308.0000
21401	5.0000	120.0000	7143.0000
21411	5.0000	119.0000	7115.0000
21501	5.0000	108.0000	6462.0000
21511	5.0000	107.0000	6361.0000
21521	5.0000	105.0000	6292.0000
21541	5.0000	98.0000	5828.0000
21581	4.0000	95.0000	5699.0000
21591	4.0000	95.0000	5680.0000
21601	4.0000	93.0000	5529.0000
21621	4.0000	86.0000	5133.0000
21651	4.0000	84.0000	5012.0000
21671	4.0000	82.0000	4901.0000
21681	4.0000	82.0000	4899.0000
21831	3.0000	68.0000	4063.0000
21901	3.0000	62.0000	3670.0000
21941	3.0000	50.0000	2995.0000
21991	2.0000	43.0000	2538.0000
22001	2.0000	40.0000	2371.0000
22011	2.0000	32.0000	1871.0000
22021	1.0000	21.0000	1257.0000
22031	1.0000	20.0000	1191.0000
22061	1.0000	15.0000	852.0000
22071	1.0000	15.0000	841.0000
22081	1.0000	12.0000	709.0000
22101	1.0000	6.0000	336.0000
22121	1.0000	3.0000	166.0000
22131	1.0000	2.0000	115.0000
22141	1.0000	2.0000	104.0000
7950	1.0000	1.0000	10.0000
20561	3.0000	54.0000	3230.0000
20841	2.0000	28.0000	1626.0000
7780	1.0000	2.0000	118.0000
7880	5.0000	117.0000	7017.0000
7890	5.0000	108.0000	6470.0000
20901	2.0000	25.0000	1473.0000
20921	1.0000	22.0000	1314.0000
20931	1.0000	22.0000	1313.0000
20971	1.0000	6.0000	344.0000
20981	1.0000	5.0000	269.0000
20991	1.0000	4.0000	214.0000
21081	7.0000	166.0000	9911.0000
21381	6.0000	122.0000	7264.0000
21441	5.0000	117.0000	7015.0000
21451	5.0000	115.0000	6859.0000
21471	5.0000	114.0000	6799.0000
21481	5.0000	112.0000	6718.0000
21731	4.0000	78.0000	4675.0000
21911	3.0000	60.0000	3563.0000
21931	3.0000	53.0000	3136.0000
21951	2.0000	48.0000	2855.0000
21961	2.0000	48.0000	2833.0000
21971	2.0000	47.0000	2766.0000
21981	2.0000	45.0000	2653.0000
1091	9.0000	216.0000	12921.0000
1121	9.0000	215.0000	12890.0000
1191	9.0000	215.0000	12861.0000
310	9.0000	207.0000	12403.0000
1341	9.0000	213.0000	12746.0000
7441	2.0000	46.0000	2751.0000
7781	2.0000	39.0000	2314.0000
2930	7.0000	154.0000	9233.0000
3680	4.0000	89.0000	5296.0000
4200	1.0000	19.0000	1124.0000
4290	1.0000	5.0000	265.0000
4660	7.0000	163.0000	9776.0000
4670	7.0000	163.0000	9749.0000
4700	7.0000	163.0000	9729.0000
8011	2.0000	29.0000	1736.0000
2490	2.0000	28.0000	1652.0000
2660	1.0000	20.0000	1166.0000
3540	5.0000	108.0000	6446.0000
3550	5.0000	108.0000	6445.0000
8141	2.0000	27.0000	1573.0000
4170	1.0000	22.0000	1306.0000
4190	1.0000	20.0000	1193.0000
8171	2.0000	26.0000	1519.0000
2570	1.0000	23.0000	1331.0000
2800	7.0000	167.0000	9964.0000
2840	7.0000	166.0000	9920.0000
8691	1.0000	2.0000	91.0000
2790	1.0000	1.0000	29.0000
8701	1.0000	2.0000	84.0000
8881	7.0000	164.0000	9786.0000
9071	7.0000	158.0000	9431.0000
2970	7.0000	149.0000	8887.0000
2980	7.0000	149.0000	8885.0000
3000	7.0000	148.0000	8855.0000
9131	7.0000	150.0000	8958.0000
2990	7.0000	148.0000	8858.0000
9151	7.0000	149.0000	8927.0000
9181	7.0000	148.0000	8833.0000
9321	6.0000	143.0000	8568.0000
9421	6.0000	139.0000	8340.0000
9571	6.0000	131.0000	7858.0000
9591	6.0000	127.0000	7594.0000
9931	5.0000	110.0000	6600.0000
3570	5.0000	107.0000	6420.0000
4030	2.0000	40.0000	2383.0000
9971	5.0000	106.0000	6326.0000
10001	5.0000	102.0000	6066.0000
10261	4.0000	73.0000	4367.0000
10621	3.0000	56.0000	3314.0000
10731	3.0000	52.0000	3081.0000
11031	2.0000	43.0000	2539.0000
11081	2.0000	41.0000	2431.0000
11871	1.0000	11.0000	604.0000
4260	1.0000	9.0000	504.0000
4310	1.0000	4.0000	229.0000
4540	7.0000	166.0000	9912.0000
4580	7.0000	165.0000	9891.0000
5820	3.0000	50.0000	2972.0000
12431	7.0000	162.0000	9682.0000
4790	7.0000	159.0000	9485.0000
15221	7.0000	147.0000	8811.0000
13161	6.0000	122.0000	7288.0000
18211	1.0000	23.0000	1339.0000
4771	7.0000	161.0000	9629.0000
4841	7.0000	155.0000	9293.0000
13131	6.0000	122.0000	7293.0000
10521	3.0000	62.0000	3681.0000
10711	3.0000	52.0000	3099.0000
4020	2.0000	43.0000	2553.0000
11051	2.0000	42.0000	2464.0000
15871	3.0000	68.0000	4058.0000
15881	3.0000	67.0000	4014.0000
20551	3.0000	55.0000	3276.0000
20601	3.0000	52.0000	3105.0000
1071	9.0000	216.0000	12956.0000
1111	9.0000	215.0000	12892.0000
1601	9.0000	208.0000	12432.0000
320	9.0000	207.0000	12392.0000
1661	9.0000	206.0000	12342.0000
380	9.0000	205.0000	12297.0000
7391	2.0000	47.0000	2784.0000
7431	2.0000	46.0000	2754.0000
7461	2.0000	46.0000	2718.0000
7521	2.0000	44.0000	2629.0000
7551	2.0000	44.0000	2601.0000
2810	7.0000	166.0000	9948.0000
7661	2.0000	42.0000	2502.0000
7761	2.0000	39.0000	2320.0000
7831	2.0000	36.0000	2156.0000
7921	2.0000	31.0000	1837.0000
2830	7.0000	166.0000	9936.0000
8601	1.0000	5.0000	254.0000
13091	6.0000	123.0000	7360.0000
13191	5.0000	120.0000	7173.0000
13261	5.0000	118.0000	7050.0000
13371	5.0000	112.0000	6667.0000
5390	5.0000	109.0000	6516.0000
13431	5.0000	108.0000	6470.0000
14441	2.0000	34.0000	2003.0000
18181	2.0000	25.0000	1465.0000
4751	7.0000	162.0000	9711.0000
10501	3.0000	62.0000	3691.0000
15831	3.0000	70.0000	4185.0000
20341	3.0000	71.0000	4245.0000
20411	3.0000	67.0000	3994.0000
20481	3.0000	62.0000	3675.0000
20531	3.0000	57.0000	3378.0000
20571	3.0000	53.0000	3172.0000
1061	10.0000	217.0000	12967.0000
1131	9.0000	215.0000	12887.0000
1441	9.0000	211.0000	12620.0000
1451	9.0000	211.0000	12614.0000
2291	9.0000	193.0000	11558.0000
7371	2.0000	47.0000	2808.0000
13051	6.0000	125.0000	7463.0000
13571	5.0000	98.0000	5880.0000
18161	2.0000	25.0000	1493.0000
18171	2.0000	25.0000	1478.0000
7160	2.0000	25.0000	1472.0000
18191	2.0000	25.0000	1452.0000
18201	2.0000	25.0000	1446.0000
18231	1.0000	21.0000	1223.0000
18381	7.0000	162.0000	9676.0000
20741	2.0000	29.0000	1717.0000
4711	7.0000	163.0000	9754.0000
10481	3.0000	63.0000	3769.0000
10511	3.0000	62.0000	3686.0000
3840	3.0000	62.0000	3674.0000
10531	3.0000	61.0000	3636.0000
15781	3.0000	72.0000	4272.0000
17871	3.0000	64.0000	3794.0000
20241	4.0000	77.0000	4610.0000
20391	3.0000	68.0000	4032.0000
7630	3.0000	66.0000	3938.0000
1041	10.0000	217.0000	12994.0000
1081	9.0000	216.0000	12931.0000
120	9.0000	216.0000	12928.0000
140	9.0000	216.0000	12918.0000
1101	9.0000	215.0000	12895.0000
160	9.0000	215.0000	12891.0000
230	9.0000	212.0000	12703.0000
7321	2.0000	48.0000	2874.0000
7331	2.0000	48.0000	2864.0000
7351	2.0000	48.0000	2849.0000
7451	2.0000	46.0000	2728.0000
7501	2.0000	44.0000	2634.0000
7631	2.0000	43.0000	2534.0000
13041	6.0000	125.0000	7475.0000
13071	6.0000	125.0000	7444.0000
5490	5.0000	98.0000	5867.0000
13361	5.0000	112.0000	6679.0000
14961	7.0000	165.0000	9841.0000
18121	2.0000	39.0000	2315.0000
4601	7.0000	165.0000	9863.0000
10471	3.0000	63.0000	3772.0000
11651	1.0000	22.0000	1295.0000
11991	1.0000	4.0000	188.0000
4430	1.0000	2.0000	80.0000
12381	7.0000	162.0000	9717.0000
12391	7.0000	162.0000	9709.0000
4770	7.0000	159.0000	9537.0000
6330	6.0000	141.0000	8459.0000
6950	5.0000	107.0000	6411.0000
6960	5.0000	106.0000	6338.0000
6980	5.0000	101.0000	6055.0000
14751	1.0000	6.0000	322.0000
6180	7.0000	164.0000	9814.0000
6200	7.0000	162.0000	9689.0000
6730	2.0000	27.0000	1613.0000
16191	2.0000	26.0000	1549.0000
16321	1.0000	22.0000	1300.0000
16861	9.0000	204.0000	12194.0000
17181	6.0000	131.0000	7826.0000
7030	4.0000	92.0000	5520.0000
17581	4.0000	96.0000	5728.0000
7020	4.0000	93.0000	5558.0000
7040	4.0000	91.0000	5437.0000
17691	4.0000	82.0000	4908.0000
15741	4.0000	77.0000	4576.0000
15761	4.0000	75.0000	4495.0000
15791	3.0000	72.0000	4270.0000
15801	3.0000	72.0000	4265.0000
6820	9.0000	211.0000	12647.0000
15971	3.0000	58.0000	3449.0000
15991	3.0000	55.0000	3251.0000
6710	2.0000	45.0000	2687.0000
6830	9.0000	211.0000	12645.0000
16001	3.0000	50.0000	2951.0000
6700	2.0000	46.0000	2709.0000
18131	2.0000	32.0000	1915.0000
20171	4.0000	89.0000	5305.0000
1031	10.0000	218.0000	13036.0000
1261	9.0000	214.0000	12797.0000
1271	9.0000	214.0000	12781.0000
1681	9.0000	205.0000	12270.0000
560	9.0000	194.0000	11595.0000
880	8.0000	179.0000	10723.0000
1640	6.0000	126.0000	7539.0000
1980	4.0000	93.0000	5530.0000
1701	9.0000	205.0000	12263.0000
2050	3.0000	69.0000	4124.0000
1791	9.0000	201.0000	12021.0000
450	9.0000	198.0000	11838.0000
990	8.0000	173.0000	10376.0000
1370	7.0000	150.0000	8977.0000
1851	9.0000	199.0000	11889.0000
1891	9.0000	198.0000	11855.0000
460	9.0000	198.0000	11838.0000
1030	8.0000	171.0000	10252.0000
1931	9.0000	198.0000	11831.0000
890	8.0000	177.0000	10588.0000
1941	9.0000	197.0000	11819.0000
1040	8.0000	171.0000	10249.0000
1110	8.0000	170.0000	10183.0000
1740	5.0000	120.0000	7159.0000
1991	9.0000	197.0000	11803.0000
2031	9.0000	197.0000	11784.0000
2181	9.0000	194.0000	11629.0000
1060	8.0000	171.0000	10240.0000
2231	9.0000	194.0000	11593.0000
2241	9.0000	194.0000	11593.0000
2251	9.0000	194.0000	11583.0000
2261	9.0000	193.0000	11573.0000
2301	9.0000	193.0000	11554.0000
1070	8.0000	171.0000	10240.0000
1530	6.0000	140.0000	8394.0000
2321	9.0000	193.0000	11547.0000
900	8.0000	177.0000	10587.0000
970	8.0000	174.0000	10412.0000
2331	9.0000	193.0000	11536.0000
580	9.0000	193.0000	11523.0000
590	8.0000	192.0000	11483.0000
1340	7.0000	159.0000	9514.0000
1630	6.0000	127.0000	7564.0000
2351	9.0000	193.0000	11531.0000
2361	9.0000	193.0000	11522.0000
1670	6.0000	124.0000	7437.0000
2371	9.0000	193.0000	11521.0000
2411	8.0000	192.0000	11511.0000
2461	8.0000	192.0000	11480.0000
2501	8.0000	192.0000	11464.0000
2511	8.0000	191.0000	11441.0000
2521	8.0000	191.0000	11420.0000
2531	8.0000	191.0000	11417.0000
2541	8.0000	191.0000	11413.0000
2551	8.0000	191.0000	11402.0000
2591	8.0000	190.0000	11383.0000
2611	8.0000	190.0000	11383.0000
2661	8.0000	190.0000	11364.0000
2701	8.0000	190.0000	11353.0000
2871	8.0000	188.0000	11238.0000
2891	8.0000	187.0000	11217.0000
2901	8.0000	187.0000	11215.0000
1970	4.0000	93.0000	5530.0000
2931	8.0000	187.0000	11202.0000
2941	8.0000	187.0000	11195.0000
2951	8.0000	187.0000	11194.0000
2971	8.0000	187.0000	11187.0000
2981	8.0000	187.0000	11186.0000
700	8.0000	186.0000	11135.0000
2991	8.0000	187.0000	11181.0000
3001	8.0000	187.0000	11171.0000
3011	8.0000	187.0000	11170.0000
3021	8.0000	187.0000	11167.0000
810	8.0000	181.0000	10854.0000
3031	8.0000	187.0000	11166.0000
3051	8.0000	186.0000	11149.0000
3061	8.0000	186.0000	11147.0000
3071	8.0000	186.0000	11146.0000
820	8.0000	181.0000	10849.0000
3081	8.0000	186.0000	11145.0000
3131	8.0000	186.0000	11127.0000
3141	8.0000	186.0000	11110.0000
1660	6.0000	124.0000	7439.0000
3181	8.0000	186.0000	11101.0000
3201	8.0000	185.0000	11094.0000
980	8.0000	174.0000	10402.0000
1290	7.0000	161.0000	9658.0000
3251	8.0000	185.0000	11061.0000
3291	8.0000	185.0000	11042.0000
3361	8.0000	183.0000	10942.0000
3381	8.0000	182.0000	10918.0000
910	8.0000	177.0000	10584.0000
1420	7.0000	147.0000	8807.0000
3431	8.0000	182.0000	10885.0000
3461	8.0000	182.0000	10872.0000
3481	8.0000	182.0000	10869.0000
3491	8.0000	181.0000	10845.0000
3551	8.0000	179.0000	10717.0000
3581	8.0000	178.0000	10661.0000
3611	8.0000	178.0000	10648.0000
3641	8.0000	178.0000	10623.0000
3671	8.0000	177.0000	10590.0000
3801	8.0000	175.0000	10462.0000
3831	8.0000	175.0000	10443.0000
3861	8.0000	174.0000	10403.0000
3891	8.0000	174.0000	10387.0000
3911	8.0000	173.0000	10377.0000
1000	8.0000	173.0000	10363.0000
1020	8.0000	173.0000	10337.0000
3951	8.0000	173.0000	10360.0000
1080	8.0000	171.0000	10233.0000
1120	8.0000	170.0000	10174.0000
3961	8.0000	173.0000	10355.0000
3971	8.0000	173.0000	10353.0000
4001	8.0000	173.0000	10334.0000
4061	8.0000	172.0000	10299.0000
4071	8.0000	172.0000	10295.0000
4081	8.0000	172.0000	10293.0000
4161	8.0000	171.0000	10233.0000
4181	8.0000	171.0000	10228.0000
4221	8.0000	171.0000	10212.0000
4281	8.0000	170.0000	10160.0000
4291	8.0000	170.0000	10151.0000
4761	7.0000	161.0000	9648.0000
4811	7.0000	156.0000	9336.0000
5361	6.0000	141.0000	8403.0000
5411	6.0000	140.0000	8354.0000
5541	6.0000	136.0000	8125.0000
5711	6.0000	129.0000	7728.0000
5811	6.0000	124.0000	7435.0000
5971	5.0000	120.0000	7173.0000
6001	5.0000	120.0000	7141.0000
6021	5.0000	119.0000	7136.0000
6031	5.0000	119.0000	7125.0000
6071	5.0000	118.0000	7038.0000
6241	5.0000	112.0000	6665.0000
6291	5.0000	105.0000	6258.0000
6351	5.0000	99.0000	5928.0000
6401	5.0000	97.0000	5763.0000
6421	4.0000	94.0000	5622.0000
6451	4.0000	93.0000	5528.0000
6581	4.0000	83.0000	4939.0000
6701	4.0000	74.0000	4398.0000
6711	4.0000	73.0000	4379.0000
6731	4.0000	73.0000	4377.0000
6821	3.0000	70.0000	4174.0000
6841	3.0000	70.0000	4151.0000
6871	3.0000	69.0000	4133.0000
6881	3.0000	69.0000	4129.0000
6891	3.0000	68.0000	4040.0000
7311	2.0000	48.0000	2876.0000
8481	1.0000	10.0000	594.0000
12731	7.0000	147.0000	8814.0000
12931	6.0000	136.0000	8110.0000
14931	7.0000	167.0000	9996.0000
18091	2.0000	44.0000	2601.0000
4591	7.0000	165.0000	9879.0000
10401	3.0000	68.0000	4056.0000
15661	4.0000	92.0000	5482.0000
15681	4.0000	85.0000	5049.0000
15771	4.0000	74.0000	4404.0000
20111	4.0000	93.0000	5547.0000
20491	3.0000	61.0000	3636.0000
20581	3.0000	53.0000	3122.0000
20721	2.0000	30.0000	1747.0000
20811	2.0000	29.0000	1688.0000
22051	1.0000	15.0000	876.0000
1011	10.0000	218.0000	13058.0000
7301	3.0000	49.0000	2886.0000
7901	2.0000	32.0000	1908.0000
2530	2.0000	26.0000	1525.0000
2540	2.0000	26.0000	1514.0000
8201	2.0000	25.0000	1465.0000
12871	6.0000	139.0000	8286.0000
12981	6.0000	130.0000	7760.0000
13021	6.0000	126.0000	7532.0000
5190	6.0000	123.0000	7329.0000
13921	3.0000	66.0000	3905.0000
18031	3.0000	50.0000	2957.0000
4571	7.0000	166.0000	9920.0000
5431	6.0000	139.0000	8311.0000
5461	6.0000	138.0000	8244.0000
10341	3.0000	71.0000	4248.0000
10351	3.0000	70.0000	4174.0000
15651	4.0000	93.0000	5536.0000
20091	4.0000	94.0000	5596.0000
21531	5.0000	99.0000	5920.0000
21611	4.0000	92.0000	5491.0000
911	10.0000	219.0000	13134.0000
931	10.0000	219.0000	13095.0000
7261	3.0000	51.0000	3004.0000
12801	6.0000	144.0000	8623.0000
12821	6.0000	143.0000	8562.0000
5060	6.0000	143.0000	8553.0000
5080	6.0000	143.0000	8549.0000
12841	6.0000	142.0000	8497.0000
13851	3.0000	71.0000	4231.0000
18001	3.0000	52.0000	3120.0000
18101	2.0000	41.0000	2436.0000
18301	1.0000	2.0000	104.0000
7180	7.0000	168.0000	10042.0000
18461	7.0000	147.0000	8804.0000
18481	6.0000	141.0000	8421.0000
4491	7.0000	167.0000	9994.0000
6541	4.0000	87.0000	5211.0000
10251	4.0000	74.0000	4399.0000
10291	4.0000	73.0000	4336.0000
10331	3.0000	71.0000	4251.0000
3910	2.0000	46.0000	2754.0000
4010	2.0000	43.0000	2564.0000
10661	3.0000	54.0000	3239.0000
3920	2.0000	46.0000	2746.0000
3930	2.0000	46.0000	2740.0000
10691	3.0000	53.0000	3160.0000
3940	2.0000	46.0000	2734.0000
10741	3.0000	51.0000	3052.0000
3950	2.0000	46.0000	2732.0000
10881	2.0000	47.0000	2811.0000
10961	2.0000	46.0000	2710.0000
3980	2.0000	45.0000	2689.0000
4000	2.0000	45.0000	2668.0000
10991	2.0000	45.0000	2677.0000
15581	5.0000	106.0000	6356.0000
19991	5.0000	99.0000	5917.0000
811	10.0000	220.0000	13173.0000
1281	9.0000	213.0000	12777.0000
410	9.0000	200.0000	11981.0000
1471	9.0000	210.0000	12598.0000
420	9.0000	200.0000	11980.0000
2391	8.0000	192.0000	11518.0000
8101	2.0000	28.0000	1642.0000
2560	2.0000	25.0000	1446.0000
7231	3.0000	52.0000	3074.0000
7281	3.0000	50.0000	2963.0000
7291	3.0000	50.0000	2961.0000
7471	2.0000	45.0000	2658.0000
7481	2.0000	44.0000	2638.0000
7511	2.0000	44.0000	2633.0000
7601	2.0000	44.0000	2586.0000
2310	2.0000	42.0000	2514.0000
2380	2.0000	40.0000	2390.0000
2450	2.0000	30.0000	1764.0000
7641	2.0000	42.0000	2514.0000
7681	2.0000	42.0000	2478.0000
2370	2.0000	40.0000	2392.0000
2400	2.0000	38.0000	2230.0000
7811	2.0000	37.0000	2206.0000
7951	2.0000	30.0000	1800.0000
2770	1.0000	6.0000	314.0000
2920	7.0000	160.0000	9591.0000
8051	2.0000	29.0000	1691.0000
12761	7.0000	146.0000	8750.0000
12921	6.0000	136.0000	8123.0000
5140	6.0000	135.0000	8090.0000
5660	3.0000	66.0000	3948.0000
12941	6.0000	134.0000	8017.0000
5170	6.0000	125.0000	7451.0000
13061	6.0000	125.0000	7452.0000
13221	5.0000	119.0000	7091.0000
13241	5.0000	118.0000	7056.0000
13711	4.0000	86.0000	5109.0000
13741	4.0000	82.0000	4868.0000
13771	4.0000	78.0000	4657.0000
13891	3.0000	70.0000	4158.0000
13901	3.0000	68.0000	4035.0000
13931	3.0000	65.0000	3888.0000
13941	3.0000	65.0000	3876.0000
13971	3.0000	61.0000	3657.0000
14261	2.0000	47.0000	2811.0000
14321	2.0000	44.0000	2605.0000
14331	2.0000	44.0000	2585.0000
14451	2.0000	34.0000	1999.0000
14521	2.0000	28.0000	1660.0000
14591	2.0000	26.0000	1528.0000
14621	1.0000	23.0000	1345.0000
15951	3.0000	61.0000	3630.0000
6670	3.0000	53.0000	3134.0000
6680	3.0000	52.0000	3107.0000
6690	2.0000	48.0000	2860.0000
16131	2.0000	34.0000	2018.0000
16261	1.0000	24.0000	1429.0000
17971	3.0000	53.0000	3156.0000
18221	1.0000	22.0000	1281.0000
4301	8.0000	170.0000	10149.0000
4341	8.0000	169.0000	10132.0000
10231	4.0000	74.0000	4436.0000
15531	6.0000	121.0000	7235.0000
19961	5.0000	101.0000	6040.0000
20021	5.0000	99.0000	5904.0000
20271	4.0000	76.0000	4539.0000
731	10.0000	220.0000	13184.0000
851	10.0000	220.0000	13170.0000
1161	9.0000	215.0000	12870.0000
190	9.0000	213.0000	12753.0000
1190	7.0000	168.0000	10039.0000
1351	9.0000	213.0000	12733.0000
530	9.0000	195.0000	11675.0000
1631	9.0000	207.0000	12380.0000
550	9.0000	195.0000	11665.0000
1711	9.0000	205.0000	12260.0000
540	9.0000	195.0000	11670.0000
2121	9.0000	195.0000	11680.0000
710	8.0000	186.0000	11118.0000
3331	8.0000	183.0000	10968.0000
4561	7.0000	166.0000	9934.0000
4891	7.0000	153.0000	9173.0000
4951	7.0000	150.0000	8971.0000
6221	5.0000	113.0000	6745.0000
6651	4.0000	76.0000	4518.0000
6851	3.0000	69.0000	4138.0000
6861	3.0000	69.0000	4134.0000
10391	3.0000	68.0000	4067.0000
10411	3.0000	68.0000	4027.0000
11701	1.0000	22.0000	1261.0000
7211	3.0000	52.0000	3110.0000
7531	2.0000	44.0000	2613.0000
7561	2.0000	44.0000	2600.0000
7611	2.0000	43.0000	2568.0000
10461	3.0000	65.0000	3887.0000
12681	7.0000	148.0000	8873.0000
13141	6.0000	122.0000	7291.0000
13611	4.0000	96.0000	5710.0000
13641	4.0000	95.0000	5643.0000
5570	4.0000	94.0000	5599.0000
17961	3.0000	54.0000	3190.0000
18631	5.0000	104.0000	6186.0000
7370	6.0000	141.0000	8409.0000
18761	4.0000	96.0000	5745.0000
7280	4.0000	88.0000	5279.0000
19261	7.0000	158.0000	9466.0000
4231	8.0000	171.0000	10203.0000
4251	8.0000	170.0000	10186.0000
4361	8.0000	169.0000	10098.0000
4481	7.0000	167.0000	9996.0000
4551	7.0000	166.0000	9940.0000
4621	7.0000	164.0000	9834.0000
7151	3.0000	55.0000	3247.0000
7181	3.0000	53.0000	3164.0000
10051	5.0000	98.0000	5851.0000
10101	5.0000	97.0000	5772.0000
10581	3.0000	58.0000	3442.0000
15451	6.0000	130.0000	7748.0000
15491	6.0000	124.0000	7400.0000
15501	6.0000	123.0000	7368.0000
15911	3.0000	66.0000	3916.0000
15921	3.0000	65.0000	3898.0000
15961	3.0000	58.0000	3453.0000
15981	3.0000	56.0000	3355.0000
16161	2.0000	28.0000	1625.0000
16421	1.0000	19.0000	1098.0000
19951	5.0000	103.0000	6155.0000
20161	4.0000	90.0000	5372.0000
20501	3.0000	61.0000	3605.0000
20781	2.0000	29.0000	1703.0000
20821	2.0000	28.0000	1675.0000
21551	4.0000	96.0000	5753.0000
701	10.0000	220.0000	13196.0000
721	10.0000	220.0000	13184.0000
1641	9.0000	207.0000	12362.0000
1741	9.0000	203.0000	12172.0000
1821	9.0000	200.0000	11957.0000
1901	9.0000	198.0000	11851.0000
1921	9.0000	198.0000	11834.0000
2151	9.0000	195.0000	11646.0000
3931	8.0000	173.0000	10374.0000
4511	7.0000	167.0000	9973.0000
1620	6.0000	127.0000	7570.0000
5731	6.0000	127.0000	7570.0000
8461	1.0000	12.0000	703.0000
10821	3.0000	49.0000	2898.0000
10891	2.0000	47.0000	2810.0000
4270	1.0000	8.0000	459.0000
12321	7.0000	166.0000	9905.0000
12541	7.0000	155.0000	9288.0000
4930	7.0000	153.0000	9147.0000
12551	7.0000	155.0000	9259.0000
7201	3.0000	53.0000	3142.0000
7241	3.0000	51.0000	3052.0000
3650	4.0000	94.0000	5637.0000
7541	2.0000	44.0000	2605.0000
2410	2.0000	37.0000	2193.0000
7621	2.0000	43.0000	2557.0000
7841	2.0000	36.0000	2144.0000
4050	2.0000	28.0000	1637.0000
7851	2.0000	35.0000	2082.0000
9801	5.0000	119.0000	7139.0000
3480	5.0000	118.0000	7049.0000
3660	4.0000	94.0000	5635.0000
3960	2.0000	46.0000	2708.0000
9961	5.0000	109.0000	6483.0000
10111	4.0000	96.0000	5752.0000
10121	4.0000	94.0000	5633.0000
10131	4.0000	94.0000	5599.0000
10321	3.0000	72.0000	4310.0000
3790	3.0000	71.0000	4207.0000
11041	2.0000	42.0000	2518.0000
4040	2.0000	31.0000	1836.0000
12671	7.0000	149.0000	8920.0000
17921	3.0000	56.0000	3311.0000
17931	3.0000	56.0000	3306.0000
17981	3.0000	53.0000	3148.0000
4191	8.0000	171.0000	10227.0000
10021	5.0000	100.0000	5942.0000
10271	4.0000	73.0000	4360.0000
10421	3.0000	67.0000	4012.0000
10791	3.0000	50.0000	2972.0000
10921	2.0000	46.0000	2755.0000
10941	2.0000	46.0000	2728.0000
11151	2.0000	32.0000	1882.0000
13681	4.0000	92.0000	5483.0000
14101	3.0000	52.0000	3095.0000
15441	6.0000	132.0000	7892.0000
15511	6.0000	122.0000	7317.0000
6420	6.0000	121.0000	7253.0000
6440	5.0000	118.0000	7023.0000
15541	5.0000	117.0000	6999.0000
19911	5.0000	105.0000	6288.0000
691	10.0000	220.0000	13200.0000
7171	3.0000	54.0000	3181.0000
11251	2.0000	27.0000	1611.0000
11391	2.0000	25.0000	1450.0000
12571	7.0000	151.0000	9034.0000
12611	7.0000	150.0000	8979.0000
17891	3.0000	57.0000	3370.0000
18011	3.0000	52.0000	3073.0000
18061	2.0000	44.0000	2626.0000
4111	8.0000	171.0000	10257.0000
9951	5.0000	109.0000	6532.0000
10071	5.0000	97.0000	5803.0000
10091	5.0000	97.0000	5786.0000
3640	5.0000	97.0000	5765.0000
3690	4.0000	84.0000	5014.0000
3720	4.0000	77.0000	4561.0000
3990	2.0000	45.0000	2680.0000
15431	6.0000	133.0000	7935.0000
15461	6.0000	128.0000	7660.0000
15521	6.0000	122.0000	7286.0000
19831	5.0000	116.0000	6947.0000
20051	4.0000	96.0000	5735.0000
681	10.0000	220.0000	13200.0000
981	10.0000	218.0000	13067.0000
1881	9.0000	198.0000	11856.0000
440	9.0000	198.0000	11854.0000
7131	3.0000	55.0000	3286.0000
20431	3.0000	66.0000	3910.0000
20441	3.0000	65.0000	3852.0000
12491	7.0000	159.0000	9487.0000
17881	3.0000	57.0000	3398.0000
4101	8.0000	172.0000	10263.0000
4131	8.0000	171.0000	10247.0000
4311	8.0000	169.0000	10139.0000
4351	8.0000	169.0000	10111.0000
1350	7.0000	158.0000	9464.0000
1390	7.0000	148.0000	8870.0000
15371	6.0000	139.0000	8318.0000
15641	4.0000	95.0000	5648.0000
19801	5.0000	117.0000	6999.0000
20041	5.0000	97.0000	5762.0000
20071	4.0000	95.0000	5669.0000
20101	4.0000	93.0000	5575.0000
20641	2.0000	48.0000	2859.0000
641	10.0000	221.0000	13206.0000
711	10.0000	220.0000	13191.0000
841	10.0000	220.0000	13171.0000
891	10.0000	220.0000	13142.0000
5031	7.0000	149.0000	8895.0000
1400	7.0000	148.0000	8844.0000
2090	3.0000	58.0000	3445.0000
2200	3.0000	50.0000	2987.0000
7091	3.0000	60.0000	3580.0000
2120	3.0000	53.0000	3176.0000
2210	3.0000	50.0000	2971.0000
6530	4.0000	84.0000	5024.0000
7271	3.0000	50.0000	2996.0000
6991	3.0000	66.0000	3921.0000
7011	3.0000	65.0000	3872.0000
7341	2.0000	48.0000	2859.0000
7881	2.0000	34.0000	1998.0000
12471	7.0000	159.0000	9513.0000
12721	7.0000	148.0000	8821.0000
12811	6.0000	144.0000	8585.0000
7200	7.0000	156.0000	9319.0000
18551	6.0000	125.0000	7488.0000
17741	4.0000	74.0000	4391.0000
17801	3.0000	71.0000	4252.0000
7230	7.0000	149.0000	8887.0000
17901	3.0000	56.0000	3329.0000
18321	1.0000	1.0000	45.0000
18361	7.0000	164.0000	9831.0000
18651	5.0000	102.0000	6071.0000
18741	5.0000	97.0000	5778.0000
18781	4.0000	92.0000	5464.0000
3981	8.0000	173.0000	10344.0000
9831	5.0000	119.0000	7095.0000
15271	6.0000	142.0000	8520.0000
15291	6.0000	142.0000	8483.0000
15611	5.0000	103.0000	6125.0000
15631	4.0000	95.0000	5696.0000
15691	4.0000	84.0000	5036.0000
15821	3.0000	71.0000	4224.0000
16011	3.0000	49.0000	2911.0000
6800	1.0000	3.0000	159.0000
16731	10.0000	236.0000	14159.0000
17731	4.0000	75.0000	4487.0000
19671	5.0000	120.0000	7147.0000
19681	5.0000	119.0000	7123.0000
19711	5.0000	118.0000	7073.0000
7440	5.0000	118.0000	7057.0000
7590	3.0000	72.0000	4269.0000
19741	5.0000	118.0000	7060.0000
7600	3.0000	68.0000	4074.0000
7670	3.0000	57.0000	3381.0000
19761	5.0000	118.0000	7056.0000
19781	5.0000	118.0000	7052.0000
19791	5.0000	118.0000	7050.0000
7470	5.0000	113.0000	6751.0000
7490	5.0000	112.0000	6680.0000
611	10.0000	221.0000	13217.0000
651	10.0000	221.0000	13205.0000
110	10.0000	218.0000	13064.0000
500	9.0000	197.0000	11796.0000
741	10.0000	220.0000	13183.0000
100	10.0000	218.0000	13066.0000
1781	9.0000	201.0000	12036.0000
490	9.0000	197.0000	11798.0000
6921	3.0000	66.0000	3958.0000
7041	3.0000	64.0000	3799.0000
7051	3.0000	64.0000	3791.0000
12451	7.0000	162.0000	9665.0000
12631	7.0000	150.0000	8967.0000
17651	4.0000	87.0000	5187.0000
17701	4.0000	79.0000	4737.0000
17721	4.0000	76.0000	4534.0000
17821	3.0000	67.0000	3983.0000
7130	2.0000	46.0000	2717.0000
7250	7.0000	145.0000	8688.0000
17831	3.0000	66.0000	3935.0000
7080	3.0000	65.0000	3844.0000
18051	2.0000	48.0000	2827.0000
7120	2.0000	46.0000	2717.0000
18371	7.0000	163.0000	9755.0000
7210	7.0000	149.0000	8902.0000
18431	7.0000	149.0000	8910.0000
7220	7.0000	149.0000	8892.0000
7240	7.0000	148.0000	8878.0000
7260	7.0000	145.0000	8687.0000
18831	4.0000	82.0000	4904.0000
3941	8.0000	173.0000	10370.0000
5051	7.0000	149.0000	8882.0000
9811	5.0000	119.0000	7133.0000
12951	6.0000	132.0000	7861.0000
13251	5.0000	118.0000	7053.0000
13271	5.0000	118.0000	7043.0000
14071	3.0000	53.0000	3137.0000
15261	6.0000	143.0000	8567.0000
15401	6.0000	137.0000	8171.0000
15251	6.0000	144.0000	8619.0000
19621	6.0000	123.0000	7357.0000
19841	5.0000	116.0000	6929.0000
601	10.0000	221.0000	13228.0000
951	10.0000	218.0000	13077.0000
1541	9.0000	208.0000	12479.0000
1551	9.0000	208.0000	12468.0000
2451	8.0000	192.0000	11485.0000
6901	3.0000	67.0000	3962.0000
6931	3.0000	66.0000	3957.0000
7021	3.0000	65.0000	3862.0000
7701	2.0000	40.0000	2361.0000
7771	2.0000	39.0000	2319.0000
12361	7.0000	164.0000	9785.0000
17621	4.0000	90.0000	5354.0000
17661	4.0000	86.0000	5149.0000
17671	4.0000	86.0000	5142.0000
17771	3.0000	72.0000	4295.0000
7290	2.0000	42.0000	2493.0000
18991	2.0000	43.0000	2536.0000
19021	2.0000	31.0000	1805.0000
7330	2.0000	28.0000	1640.0000
19041	2.0000	27.0000	1564.0000
3701	8.0000	176.0000	10528.0000
4031	8.0000	173.0000	10321.0000
12201	7.0000	168.0000	10059.0000
12501	7.0000	159.0000	9485.0000
12511	7.0000	158.0000	9466.0000
4860	7.0000	156.0000	9336.0000
5160	6.0000	127.0000	7616.0000
12621	7.0000	150.0000	8972.0000
4980	7.0000	150.0000	8964.0000
5020	7.0000	147.0000	8788.0000
5150	6.0000	132.0000	7862.0000
12851	6.0000	140.0000	8399.0000
5620	3.0000	72.0000	4300.0000
12961	6.0000	131.0000	7831.0000
13581	5.0000	98.0000	5873.0000
5730	3.0000	54.0000	3211.0000
5860	2.0000	48.0000	2840.0000
13821	3.0000	72.0000	4304.0000
6380	6.0000	123.0000	7336.0000
6400	6.0000	122.0000	7320.0000
6410	6.0000	122.0000	7309.0000
14241	2.0000	48.0000	2825.0000
15311	6.0000	141.0000	8450.0000
15331	6.0000	141.0000	8427.0000
21061	7.0000	166.0000	9929.0000
9781	5.0000	120.0000	7154.0000
9851	5.0000	117.0000	7020.0000
9861	5.0000	117.0000	7000.0000
3630	5.0000	98.0000	5822.0000
10081	5.0000	97.0000	5798.0000
15211	7.0000	147.0000	8815.0000
15301	6.0000	142.0000	8474.0000
15411	6.0000	135.0000	8087.0000
6360	6.0000	123.0000	7378.0000
15591	5.0000	103.0000	6136.0000
16871	9.0000	203.0000	12128.0000
7090	3.0000	58.0000	3433.0000
7100	3.0000	58.0000	3428.0000
16921	9.0000	197.0000	11798.0000
21071	7.0000	166.0000	9928.0000
19591	6.0000	125.0000	7468.0000
19651	6.0000	122.0000	7288.0000
19721	5.0000	118.0000	7070.0000
19811	5.0000	116.0000	6953.0000
20011	5.0000	99.0000	5904.0000
581	10.0000	221.0000	13256.0000
661	10.0000	221.0000	13203.0000
2741	8.0000	189.0000	11336.0000
6801	3.0000	72.0000	4274.0000
12311	7.0000	166.0000	9929.0000
12591	7.0000	150.0000	8996.0000
13111	6.0000	122.0000	7299.0000
5350	5.0000	113.0000	6761.0000
5360	5.0000	112.0000	6720.0000
7810	7.0000	165.0000	9875.0000
13151	6.0000	122.0000	7288.0000
5340	5.0000	114.0000	6781.0000
17611	4.0000	90.0000	5392.0000
17711	4.0000	78.0000	4644.0000
17751	3.0000	72.0000	4314.0000
7640	3.0000	60.0000	3550.0000
7650	3.0000	60.0000	3546.0000
17941	3.0000	55.0000	3298.0000
17991	3.0000	53.0000	3124.0000
7660	3.0000	57.0000	3385.0000
20611	3.0000	52.0000	3089.0000
7700	2.0000	48.0000	2824.0000
7710	2.0000	47.0000	2817.0000
20631	2.0000	48.0000	2878.0000
20701	2.0000	30.0000	1763.0000
3601	8.0000	178.0000	10651.0000
3781	8.0000	175.0000	10471.0000
950	8.0000	175.0000	10462.0000
6591	4.0000	81.0000	4803.0000
2000	4.0000	77.0000	4591.0000
6631	4.0000	77.0000	4590.0000
9661	6.0000	124.0000	7404.0000
9691	6.0000	123.0000	7373.0000
3400	6.0000	121.0000	7217.0000
3770	4.0000	73.0000	4333.0000
3780	3.0000	72.0000	4286.0000
9711	6.0000	123.0000	7361.0000
10281	4.0000	73.0000	4343.0000
10301	4.0000	73.0000	4334.0000
10441	3.0000	66.0000	3948.0000
15181	7.0000	149.0000	8897.0000
15201	7.0000	148.0000	8827.0000
6320	6.0000	142.0000	8472.0000
6770	1.0000	17.0000	967.0000
7070	3.0000	68.0000	4062.0000
16941	9.0000	195.0000	11682.0000
17001	8.0000	182.0000	10866.0000
17171	6.0000	131.0000	7834.0000
6890	6.0000	131.0000	7821.0000
6900	6.0000	130.0000	7780.0000
6920	6.0000	128.0000	7643.0000
17191	6.0000	127.0000	7574.0000
17841	3.0000	65.0000	3848.0000
18731	5.0000	97.0000	5781.0000
19561	6.0000	126.0000	7539.0000
19751	5.0000	118.0000	7057.0000
551	10.0000	222.0000	13268.0000
3041	8.0000	187.0000	11165.0000
680	8.0000	186.0000	11144.0000
3761	8.0000	175.0000	10474.0000
1360	7.0000	150.0000	8983.0000
1880	5.0000	102.0000	6082.0000
4441	7.0000	168.0000	10031.0000
1220	7.0000	166.0000	9953.0000
4641	7.0000	164.0000	9821.0000
4920	7.0000	153.0000	9160.0000
4651	7.0000	164.0000	9810.0000
3740	4.0000	75.0000	4473.0000
4801	7.0000	157.0000	9410.0000
5181	7.0000	146.0000	8743.0000
7101	3.0000	57.0000	3373.0000
7141	3.0000	55.0000	3265.0000
2240	2.0000	48.0000	2839.0000
12531	7.0000	156.0000	9326.0000
12601	7.0000	150.0000	8982.0000
18841	4.0000	80.0000	4753.0000
6781	4.0000	73.0000	4349.0000
10031	5.0000	99.0000	5898.0000
10061	5.0000	97.0000	5806.0000
10381	3.0000	68.0000	4075.0000
12161	1.0000	1.0000	41.0000
12171	1.0000	1.0000	15.0000
5260	5.0000	118.0000	7057.0000
12221	7.0000	168.0000	10037.0000
12231	7.0000	168.0000	10030.0000
4940	7.0000	152.0000	9104.0000
12261	7.0000	167.0000	9982.0000
4600	7.0000	165.0000	9881.0000
4760	7.0000	160.0000	9553.0000
5090	6.0000	142.0000	8472.0000
5240	5.0000	120.0000	7168.0000
5250	5.0000	120.0000	7158.0000
5270	5.0000	118.0000	7037.0000
5470	5.0000	99.0000	5917.0000
12271	7.0000	167.0000	9976.0000
12351	7.0000	165.0000	9851.0000
12411	7.0000	162.0000	9701.0000
12461	7.0000	159.0000	9540.0000
12581	7.0000	151.0000	9028.0000
12691	7.0000	148.0000	8871.0000
5010	7.0000	148.0000	8848.0000
5280	5.0000	118.0000	7033.0000
5480	5.0000	98.0000	5872.0000
5810	3.0000	50.0000	2976.0000
12711	7.0000	148.0000	8824.0000
12751	7.0000	147.0000	8795.0000
12891	6.0000	138.0000	8234.0000
5120	6.0000	137.0000	8188.0000
5130	6.0000	136.0000	8145.0000
13201	5.0000	119.0000	7132.0000
13321	5.0000	117.0000	7004.0000
13591	5.0000	98.0000	5866.0000
17501	5.0000	98.0000	5857.0000
3371	8.0000	183.0000	10921.0000
3411	8.0000	182.0000	10903.0000
1990	4.0000	91.0000	5419.0000
3451	8.0000	182.0000	10879.0000
1460	6.0000	144.0000	8613.0000
9641	6.0000	124.0000	7429.0000
15131	7.0000	150.0000	8998.0000
15151	7.0000	150.0000	8982.0000
15161	7.0000	150.0000	8978.0000
6270	7.0000	150.0000	8958.0000
15191	7.0000	148.0000	8833.0000
6300	7.0000	146.0000	8709.0000
19481	6.0000	130.0000	7776.0000
19731	5.0000	118.0000	7062.0000
21851	3.0000	65.0000	3899.0000
7900	3.0000	58.0000	3430.0000
541	10.0000	222.0000	13269.0000
751	10.0000	220.0000	13182.0000
6681	4.0000	75.0000	4455.0000
6721	4.0000	73.0000	4378.0000
6751	4.0000	73.0000	4374.0000
6771	4.0000	73.0000	4354.0000
12071	1.0000	3.0000	134.0000
12181	7.0000	168.0000	10068.0000
12701	7.0000	148.0000	8830.0000
17481	5.0000	99.0000	5889.0000
3311	8.0000	184.0000	10986.0000
3321	8.0000	183.0000	10974.0000
3991	8.0000	173.0000	10342.0000
4211	8.0000	171.0000	10217.0000
4411	7.0000	168.0000	10046.0000
4471	7.0000	167.0000	9998.0000
4661	7.0000	164.0000	9792.0000
4831	7.0000	155.0000	9296.0000
4861	7.0000	154.0000	9205.0000
4871	7.0000	154.0000	9188.0000
4901	7.0000	153.0000	9169.0000
4911	7.0000	151.0000	9052.0000
5681	6.0000	131.0000	7833.0000
5721	6.0000	128.0000	7660.0000
1610	6.0000	127.0000	7597.0000
5861	6.0000	123.0000	7362.0000
9551	6.0000	132.0000	7881.0000
10311	4.0000	73.0000	4327.0000
10361	3.0000	70.0000	4163.0000
15091	7.0000	156.0000	9314.0000
19431	6.0000	132.0000	7878.0000
19451	6.0000	131.0000	7813.0000
19491	6.0000	128.0000	7672.0000
19501	6.0000	127.0000	7613.0000
19521	6.0000	127.0000	7597.0000
19531	6.0000	127.0000	7572.0000
19541	6.0000	126.0000	7557.0000
7400	6.0000	125.0000	7491.0000
19551	6.0000	126.0000	7557.0000
19581	6.0000	125.0000	7471.0000
7520	5.0000	106.0000	6360.0000
7530	5.0000	106.0000	6310.0000
20001	5.0000	99.0000	5905.0000
20511	3.0000	60.0000	3574.0000
7690	3.0000	49.0000	2933.0000
20691	2.0000	37.0000	2164.0000
531	10.0000	222.0000	13277.0000
761	10.0000	220.0000	13179.0000
6441	4.0000	93.0000	5534.0000
8571	1.0000	6.0000	304.0000
8641	1.0000	4.0000	202.0000
8751	7.0000	167.0000	9984.0000
8871	7.0000	164.0000	9790.0000
9491	6.0000	136.0000	8138.0000
9921	5.0000	111.0000	6654.0000
10161	4.0000	83.0000	4936.0000
10191	4.0000	76.0000	4527.0000
10201	4.0000	75.0000	4466.0000
10211	4.0000	75.0000	4456.0000
10221	4.0000	75.0000	4452.0000
10241	4.0000	74.0000	4412.0000
10771	3.0000	50.0000	2991.0000
10801	3.0000	50.0000	2967.0000
10871	2.0000	48.0000	2839.0000
11121	2.0000	37.0000	2184.0000
11161	2.0000	32.0000	1876.0000
11771	1.0000	17.0000	1010.0000
21841	3.0000	67.0000	4007.0000
22041	1.0000	20.0000	1142.0000
22151	1.0000	1.0000	30.0000
12061	1.0000	3.0000	134.0000
12091	1.0000	3.0000	127.0000
12101	1.0000	2.0000	104.0000
12111	1.0000	2.0000	86.0000
12401	7.0000	162.0000	9705.0000
13011	6.0000	129.0000	7686.0000
14301	2.0000	45.0000	2693.0000
14671	1.0000	19.0000	1131.0000
14711	1.0000	16.0000	939.0000
17471	5.0000	99.0000	5890.0000
3231	8.0000	185.0000	11068.0000
9531	6.0000	134.0000	8020.0000
9761	5.0000	120.0000	7167.0000
15021	7.0000	161.0000	9616.0000
15031	7.0000	160.0000	9575.0000
15051	7.0000	160.0000	9548.0000
6220	7.0000	159.0000	9535.0000
6230	7.0000	159.0000	9527.0000
6240	7.0000	159.0000	9519.0000
6430	5.0000	118.0000	7047.0000
15341	6.0000	141.0000	8408.0000
6450	5.0000	99.0000	5900.0000
15381	6.0000	137.0000	8220.0000
15471	6.0000	126.0000	7523.0000
15481	6.0000	126.0000	7504.0000
6370	6.0000	123.0000	7359.0000
6390	6.0000	123.0000	7329.0000
16461	1.0000	17.0000	1019.0000
19411	6.0000	140.0000	8346.0000
19881	5.0000	112.0000	6696.0000
7480	5.0000	112.0000	6682.0000
19901	5.0000	109.0000	6526.0000
19931	5.0000	104.0000	6207.0000
20381	3.0000	68.0000	4037.0000
521	10.0000	222.0000	13281.0000
591	10.0000	221.0000	13236.0000
901	10.0000	219.0000	13136.0000
1571	9.0000	208.0000	12460.0000
2341	9.0000	193.0000	11535.0000
4331	8.0000	169.0000	10138.0000
6331	5.0000	100.0000	5992.0000
6341	5.0000	100.0000	5973.0000
6481	4.0000	91.0000	5443.0000
6661	4.0000	75.0000	4499.0000
12041	1.0000	3.0000	173.0000
12081	1.0000	3.0000	133.0000
12121	1.0000	2.0000	84.0000
12191	7.0000	168.0000	10065.0000
17361	5.0000	111.0000	6637.0000
17421	5.0000	102.0000	6106.0000
17441	5.0000	102.0000	6063.0000
3221	8.0000	185.0000	11075.0000
3421	8.0000	182.0000	10888.0000
1450	7.0000	145.0000	8698.0000
3441	8.0000	182.0000	10881.0000
1240	7.0000	162.0000	9714.0000
4011	8.0000	173.0000	10332.0000
1280	7.0000	162.0000	9686.0000
4141	8.0000	171.0000	10246.0000
1200	7.0000	167.0000	10009.0000
1250	7.0000	162.0000	9706.0000
4381	7.0000	168.0000	10049.0000
4541	7.0000	166.0000	9943.0000
1260	7.0000	162.0000	9697.0000
4611	7.0000	165.0000	9842.0000
1270	7.0000	162.0000	9693.0000
1300	7.0000	161.0000	9655.0000
1700	6.0000	124.0000	7390.0000
4631	7.0000	164.0000	9822.0000
5171	7.0000	146.0000	8756.0000
5231	7.0000	145.0000	8645.0000
1490	6.0000	144.0000	8586.0000
1500	6.0000	143.0000	8559.0000
1580	6.0000	135.0000	8086.0000
1680	6.0000	124.0000	7431.0000
1860	5.0000	109.0000	6526.0000
5491	6.0000	138.0000	8222.0000
1570	6.0000	136.0000	8115.0000
1780	5.0000	115.0000	6864.0000
5551	6.0000	136.0000	8123.0000
1710	6.0000	124.0000	7384.0000
5561	6.0000	136.0000	8112.0000
1770	5.0000	115.0000	6871.0000
6141	5.0000	115.0000	6873.0000
6511	4.0000	89.0000	5333.0000
7061	3.0000	63.0000	3780.0000
8331	1.0000	18.0000	1050.0000
12971	6.0000	131.0000	7808.0000
9501	6.0000	136.0000	8131.0000
9721	6.0000	123.0000	7355.0000
3530	5.0000	110.0000	6547.0000
3580	5.0000	107.0000	6416.0000
14991	7.0000	163.0000	9745.0000
15141	7.0000	150.0000	8993.0000
15281	6.0000	142.0000	8501.0000
15711	4.0000	83.0000	4923.0000
15861	3.0000	68.0000	4064.0000
16301	1.0000	24.0000	1381.0000
6750	1.0000	21.0000	1248.0000
19371	6.0000	140.0000	8391.0000
19391	6.0000	140.0000	8376.0000
511	10.0000	222.0000	13283.0000
571	10.0000	221.0000	13258.0000
2421	8.0000	192.0000	11511.0000
6261	5.0000	107.0000	6367.0000
12031	1.0000	4.0000	181.0000
13001	6.0000	129.0000	7696.0000
18151	2.0000	26.0000	1532.0000
18241	1.0000	11.0000	655.0000
19321	7.0000	149.0000	8921.0000
19381	6.0000	140.0000	8382.0000
7410	6.0000	124.0000	7411.0000
17351	5.0000	113.0000	6773.0000
17811	3.0000	71.0000	4207.0000
20771	2.0000	29.0000	1709.0000
3191	8.0000	185.0000	11100.0000
9401	6.0000	141.0000	8410.0000
9631	6.0000	125.0000	7488.0000
9771	5.0000	120.0000	7158.0000
9791	5.0000	120.0000	7149.0000
3900	2.0000	48.0000	2865.0000
14941	7.0000	167.0000	9984.0000
15061	7.0000	159.0000	9515.0000
15071	7.0000	158.0000	9430.0000
15081	7.0000	157.0000	9395.0000
19361	6.0000	142.0000	8491.0000
461	10.0000	222.0000	13303.0000
491	10.0000	222.0000	13289.0000
781	10.0000	220.0000	13177.0000
6211	5.0000	113.0000	6778.0000
6601	4.0000	78.0000	4655.0000
6641	4.0000	76.0000	4546.0000
7001	3.0000	66.0000	3909.0000
2060	3.0000	64.0000	3808.0000
2260	2.0000	46.0000	2739.0000
7421	2.0000	46.0000	2756.0000
2280	2.0000	44.0000	2595.0000
7741	2.0000	40.0000	2347.0000
8841	7.0000	166.0000	9928.0000
13491	5.0000	104.0000	6226.0000
13691	4.0000	92.0000	5468.0000
14001	3.0000	58.0000	3432.0000
16701	10.0000	239.0000	14299.0000
7150	2.0000	33.0000	1963.0000
17121	6.0000	139.0000	8291.0000
7340	2.0000	27.0000	1569.0000
17681	4.0000	85.0000	5087.0000
19231	7.0000	160.0000	9594.0000
19301	7.0000	153.0000	9171.0000
12011	1.0000	4.0000	185.0000
12051	1.0000	3.0000	171.0000
13351	5.0000	112.0000	6713.0000
17341	5.0000	115.0000	6854.0000
2921	8.0000	187.0000	11203.0000
3271	8.0000	185.0000	11049.0000
9351	6.0000	142.0000	8466.0000
9361	6.0000	141.0000	8453.0000
9391	6.0000	141.0000	8413.0000
9441	6.0000	138.0000	8224.0000
9451	6.0000	137.0000	8215.0000
14881	1.0000	2.0000	92.0000
14891	1.0000	1.0000	55.0000
14901	1.0000	1.0000	34.0000
6160	1.0000	1.0000	30.0000
15241	7.0000	145.0000	8699.0000
19211	7.0000	165.0000	9884.0000
19291	7.0000	156.0000	9341.0000
7350	7.0000	152.0000	9120.0000
421	10.0000	222.0000	13309.0000
791	10.0000	220.0000	13176.0000
2781	8.0000	189.0000	11294.0000
690	8.0000	186.0000	11136.0000
720	8.0000	185.0000	11096.0000
850	8.0000	181.0000	10824.0000
920	8.0000	177.0000	10575.0000
930	8.0000	176.0000	10546.0000
3101	8.0000	186.0000	11139.0000
3151	8.0000	186.0000	11107.0000
8291	1.0000	19.0000	1133.0000
8391	1.0000	16.0000	940.0000
3670	4.0000	91.0000	5413.0000
6051	5.0000	119.0000	7089.0000
6111	5.0000	116.0000	6936.0000
6491	4.0000	91.0000	5429.0000
11981	1.0000	4.0000	192.0000
12001	1.0000	4.0000	185.0000
12281	7.0000	167.0000	9971.0000
12881	6.0000	139.0000	8283.0000
12911	6.0000	137.0000	8164.0000
13101	6.0000	122.0000	7309.0000
13211	5.0000	119.0000	7103.0000
17321	5.0000	117.0000	6986.0000
2631	8.0000	190.0000	11371.0000
11941	1.0000	5.0000	268.0000
11951	1.0000	5.0000	263.0000
9281	6.0000	144.0000	8606.0000
9381	6.0000	141.0000	8430.0000
9731	6.0000	123.0000	7354.0000
9821	5.0000	119.0000	7106.0000
14851	1.0000	3.0000	149.0000
15121	7.0000	152.0000	9085.0000
6280	7.0000	150.0000	8948.0000
6290	7.0000	147.0000	8799.0000
15171	7.0000	150.0000	8950.0000
19201	7.0000	166.0000	9903.0000
19221	7.0000	165.0000	9870.0000
7360	7.0000	145.0000	8668.0000
7380	6.0000	139.0000	8324.0000
7390	6.0000	131.0000	7837.0000
7420	6.0000	121.0000	7206.0000
7450	5.0000	113.0000	6765.0000
19311	7.0000	149.0000	8940.0000
19331	7.0000	146.0000	8734.0000
19341	6.0000	144.0000	8640.0000
19351	6.0000	144.0000	8614.0000
19421	6.0000	139.0000	8322.0000
19471	6.0000	130.0000	7782.0000
19861	5.0000	113.0000	6765.0000
7460	5.0000	113.0000	6761.0000
381	10.0000	223.0000	13338.0000
831	10.0000	220.0000	13172.0000
1001	10.0000	218.0000	13063.0000
3571	8.0000	178.0000	10666.0000
3621	8.0000	178.0000	10640.0000
7251	3.0000	51.0000	3006.0000
5961	5.0000	120.0000	7189.0000
5981	5.0000	120.0000	7164.0000
1890	5.0000	102.0000	6062.0000
6061	5.0000	119.0000	7082.0000
6101	5.0000	117.0000	7015.0000
6311	5.0000	103.0000	6141.0000
6321	5.0000	102.0000	6101.0000
7071	3.0000	60.0000	3598.0000
7191	3.0000	53.0000	3154.0000
7221	3.0000	52.0000	3095.0000
7411	2.0000	46.0000	2760.0000
8271	1.0000	21.0000	1256.0000
11971	1.0000	5.0000	248.0000
17291	5.0000	117.0000	7010.0000
17311	5.0000	117.0000	6987.0000
17331	5.0000	115.0000	6866.0000
17431	5.0000	102.0000	6103.0000
17451	5.0000	100.0000	5988.0000
17531	5.0000	97.0000	5786.0000
17551	4.0000	96.0000	5756.0000
17571	4.0000	96.0000	5742.0000
17641	4.0000	88.0000	5248.0000
17781	3.0000	72.0000	4278.0000
17791	3.0000	72.0000	4277.0000
7060	3.0000	71.0000	4253.0000
17951	3.0000	54.0000	3192.0000
18311	1.0000	1.0000	51.0000
2381	8.0000	192.0000	11519.0000
4171	8.0000	171.0000	10229.0000
1330	7.0000	159.0000	9522.0000
1440	7.0000	147.0000	8773.0000
1510	6.0000	141.0000	8456.0000
1650	6.0000	126.0000	7506.0000
1900	5.0000	101.0000	6043.0000
4261	8.0000	170.0000	10170.0000
1320	7.0000	159.0000	9523.0000
4271	8.0000	170.0000	10168.0000
1150	8.0000	170.0000	10160.0000
1730	6.0000	123.0000	7326.0000
1920	5.0000	100.0000	5970.0000
4080	2.0000	25.0000	1478.0000
4321	8.0000	169.0000	10138.0000
1160	8.0000	169.0000	10096.0000
4681	7.0000	163.0000	9776.0000
1310	7.0000	159.0000	9525.0000
1560	6.0000	136.0000	8126.0000
4701	7.0000	163.0000	9768.0000
4961	7.0000	149.0000	8931.0000
5011	7.0000	149.0000	8914.0000
5521	6.0000	137.0000	8177.0000
5771	6.0000	125.0000	7458.0000
5791	6.0000	124.0000	7438.0000
5901	6.0000	122.0000	7277.0000
6011	5.0000	119.0000	7137.0000
6191	5.0000	114.0000	6802.0000
6371	5.0000	98.0000	5833.0000
7791	2.0000	39.0000	2308.0000
2480	2.0000	28.0000	1654.0000
8021	2.0000	29.0000	1729.0000
8521	1.0000	7.0000	417.0000
8611	1.0000	5.0000	248.0000
9251	7.0000	145.0000	8698.0000
9271	6.0000	144.0000	8607.0000
14741	1.0000	6.0000	330.0000
14801	1.0000	4.0000	237.0000
14841	1.0000	4.0000	209.0000
15321	6.0000	141.0000	8449.0000
15601	5.0000	103.0000	6129.0000
16841	9.0000	211.0000	12651.0000
19171	7.0000	168.0000	10064.0000
291	10.0000	225.0000	13448.0000
341	10.0000	223.0000	13371.0000
30	10.0000	223.0000	13323.0000
40	10.0000	222.0000	13317.0000
431	10.0000	222.0000	13306.0000
441	10.0000	222.0000	13303.0000
801	10.0000	220.0000	13174.0000
1051	10.0000	217.0000	12985.0000
3691	8.0000	176.0000	10544.0000
7381	2.0000	47.0000	2785.0000
5951	6.0000	121.0000	7204.0000
6151	5.0000	115.0000	6870.0000
11911	1.0000	7.0000	392.0000
17231	6.0000	121.0000	7249.0000
17261	5.0000	120.0000	7190.0000
17271	5.0000	119.0000	7111.0000
17301	5.0000	117.0000	7006.0000
17461	5.0000	99.0000	5892.0000
17491	5.0000	99.0000	5883.0000
17591	4.0000	96.0000	5707.0000
2171	9.0000	194.0000	11630.0000
2691	8.0000	190.0000	11356.0000
800	8.0000	182.0000	10869.0000
2711	8.0000	190.0000	11349.0000
2771	8.0000	189.0000	11317.0000
9211	7.0000	147.0000	8803.0000
9481	6.0000	137.0000	8171.0000
9541	6.0000	133.0000	7932.0000
9681	6.0000	124.0000	7381.0000
4250	1.0000	11.0000	637.0000
9701	6.0000	123.0000	7365.0000
3450	5.0000	119.0000	7082.0000
9881	5.0000	117.0000	6970.0000
9901	5.0000	116.0000	6936.0000
10981	2.0000	45.0000	2697.0000
4750	7.0000	160.0000	9589.0000
11171	2.0000	31.0000	1851.0000
11231	2.0000	29.0000	1706.0000
11281	2.0000	27.0000	1595.0000
12641	7.0000	150.0000	8966.0000
14681	1.0000	19.0000	1119.0000
19081	1.0000	23.0000	1352.0000
20141	4.0000	92.0000	5473.0000
20201	4.0000	80.0000	4794.0000
20351	3.0000	70.0000	4153.0000
7610	3.0000	68.0000	4067.0000
7620	3.0000	68.0000	4049.0000
7680	3.0000	56.0000	3313.0000
20521	3.0000	58.0000	3429.0000
281	10.0000	225.0000	13471.0000
941	10.0000	218.0000	13079.0000
971	10.0000	218.0000	13070.0000
2141	9.0000	195.0000	11653.0000
4851	7.0000	155.0000	9244.0000
8111	2.0000	28.0000	1637.0000
8131	2.0000	27.0000	1579.0000
5931	6.0000	121.0000	7244.0000
6121	5.0000	116.0000	6901.0000
1940	5.0000	99.0000	5883.0000
7031	3.0000	64.0000	3802.0000
8261	1.0000	22.0000	1264.0000
2630	1.0000	21.0000	1258.0000
2650	1.0000	21.0000	1222.0000
8401	1.0000	16.0000	937.0000
11901	1.0000	7.0000	397.0000
14021	3.0000	57.0000	3411.0000
14421	2.0000	36.0000	2146.0000
17211	6.0000	122.0000	7274.0000
17241	6.0000	121.0000	7247.0000
17251	6.0000	121.0000	7227.0000
7050	4.0000	75.0000	4454.0000
17281	5.0000	119.0000	7092.0000
17411	5.0000	103.0000	6165.0000
17541	4.0000	96.0000	5756.0000
6990	4.0000	96.0000	5754.0000
7000	4.0000	96.0000	5752.0000
17601	4.0000	95.0000	5699.0000
17861	3.0000	64.0000	3819.0000
17911	3.0000	56.0000	3317.0000
18021	3.0000	50.0000	2993.0000
18041	3.0000	49.0000	2931.0000
18081	2.0000	44.0000	2614.0000
18281	1.0000	3.0000	126.0000
7190	7.0000	163.0000	9737.0000
18291	1.0000	2.0000	114.0000
2051	9.0000	197.0000	11781.0000
2281	9.0000	193.0000	11562.0000
1810	5.0000	110.0000	6577.0000
2180	3.0000	52.0000	3084.0000
2961	8.0000	187.0000	11188.0000
1820	5.0000	110.0000	6569.0000
3211	8.0000	185.0000	11089.0000
3301	8.0000	184.0000	11004.0000
1830	5.0000	110.0000	6557.0000
3741	8.0000	175.0000	10481.0000
1760	5.0000	115.0000	6883.0000
1790	5.0000	114.0000	6800.0000
4041	8.0000	172.0000	10318.0000
4051	8.0000	172.0000	10315.0000
1800	5.0000	114.0000	6799.0000
4091	8.0000	172.0000	10291.0000
4391	7.0000	168.0000	10049.0000
4421	7.0000	168.0000	10041.0000
4981	7.0000	149.0000	8927.0000
5071	7.0000	148.0000	8856.0000
1840	5.0000	110.0000	6544.0000
5851	6.0000	124.0000	7406.0000
1960	5.0000	97.0000	5807.0000
6201	5.0000	114.0000	6801.0000
1850	5.0000	110.0000	6542.0000
1930	5.0000	100.0000	5969.0000
1950	5.0000	97.0000	5808.0000
6381	5.0000	97.0000	5767.0000
2150	3.0000	53.0000	3155.0000
9081	7.0000	157.0000	9363.0000
9291	6.0000	144.0000	8604.0000
3120	6.0000	142.0000	8490.0000
3170	6.0000	133.0000	7961.0000
3180	6.0000	131.0000	7829.0000
3190	6.0000	131.0000	7824.0000
3210	6.0000	127.0000	7613.0000
9331	6.0000	142.0000	8483.0000
3290	6.0000	123.0000	7335.0000
3350	6.0000	121.0000	7249.0000
3440	5.0000	120.0000	7144.0000
9371	6.0000	141.0000	8432.0000
3700	4.0000	82.0000	4878.0000
9561	6.0000	132.0000	7875.0000
9611	6.0000	126.0000	7559.0000
9671	6.0000	124.0000	7396.0000
3260	6.0000	123.0000	7379.0000
3360	6.0000	121.0000	7240.0000
9741	6.0000	121.0000	7246.0000
3370	6.0000	121.0000	7236.0000
3390	6.0000	121.0000	7224.0000
3410	5.0000	120.0000	7189.0000
3420	5.0000	120.0000	7185.0000
3430	5.0000	120.0000	7156.0000
3470	5.0000	118.0000	7067.0000
9841	5.0000	118.0000	7035.0000
3520	5.0000	114.0000	6799.0000
3620	5.0000	100.0000	5992.0000
9911	5.0000	116.0000	6925.0000
3600	5.0000	103.0000	6163.0000
3610	5.0000	102.0000	6105.0000
9981	5.0000	104.0000	6200.0000
3730	4.0000	75.0000	4476.0000
3750	4.0000	75.0000	4456.0000
9991	5.0000	102.0000	6103.0000
10171	4.0000	81.0000	4832.0000
10431	3.0000	67.0000	4010.0000
3810	3.0000	66.0000	3956.0000
3830	3.0000	66.0000	3923.0000
10591	3.0000	57.0000	3415.0000
10611	3.0000	57.0000	3369.0000
14651	1.0000	20.0000	1160.0000
14661	1.0000	19.0000	1139.0000
14701	1.0000	17.0000	967.0000
14811	1.0000	4.0000	223.0000
14821	1.0000	4.0000	217.0000
14831	1.0000	4.0000	215.0000
19071	2.0000	25.0000	1499.0000
19121	1.0000	9.0000	498.0000
19701	5.0000	118.0000	7075.0000
19771	5.0000	118.0000	7054.0000
20731	2.0000	29.0000	1726.0000
21101	7.0000	164.0000	9830.0000
7870	6.0000	135.0000	8088.0000
271	10.0000	226.0000	13523.0000
361	10.0000	223.0000	13343.0000
401	10.0000	222.0000	13316.0000
821	10.0000	220.0000	13173.0000
1251	9.0000	214.0000	12806.0000
830	8.0000	181.0000	10840.0000
1590	6.0000	135.0000	8055.0000
3501	8.0000	181.0000	10841.0000
870	8.0000	180.0000	10743.0000
5641	6.0000	135.0000	8041.0000
9871	5.0000	117.0000	6973.0000
5970	2.0000	31.0000	1803.0000
11211	2.0000	31.0000	1806.0000
12991	6.0000	129.0000	7709.0000
13411	5.0000	109.0000	6499.0000
13761	4.0000	80.0000	4781.0000
13781	4.0000	78.0000	4644.0000
14481	2.0000	30.0000	1751.0000
5921	6.0000	121.0000	7259.0000
6131	5.0000	115.0000	6888.0000
11881	1.0000	10.0000	559.0000
11891	1.0000	7.0000	402.0000
12651	7.0000	150.0000	8954.0000
5070	6.0000	143.0000	8552.0000
5410	5.0000	108.0000	6464.0000
5540	4.0000	96.0000	5709.0000
12831	6.0000	143.0000	8533.0000
5200	6.0000	122.0000	7288.0000
5220	6.0000	122.0000	7268.0000
13171	6.0000	122.0000	7287.0000
5210	6.0000	122.0000	7274.0000
5230	6.0000	122.0000	7266.0000
5910	2.0000	44.0000	2613.0000
5920	2.0000	44.0000	2587.0000
17161	6.0000	133.0000	7929.0000
2041	9.0000	197.0000	11782.0000
2431	8.0000	192.0000	11500.0000
2761	8.0000	189.0000	11327.0000
2821	8.0000	188.0000	11268.0000
3121	8.0000	186.0000	11133.0000
3521	8.0000	180.0000	10782.0000
3591	8.0000	178.0000	10655.0000
3651	8.0000	178.0000	10623.0000
3661	8.0000	177.0000	10616.0000
3751	8.0000	175.0000	10481.0000
3771	8.0000	175.0000	10471.0000
960	8.0000	174.0000	10439.0000
2080	3.0000	60.0000	3541.0000
3821	8.0000	175.0000	10457.0000
4121	8.0000	171.0000	10248.0000
4501	7.0000	167.0000	9975.0000
5631	6.0000	135.0000	8060.0000
6361	5.0000	98.0000	5860.0000
6611	4.0000	77.0000	4601.0000
9061	7.0000	160.0000	9584.0000
9101	7.0000	153.0000	9133.0000
2940	7.0000	152.0000	9111.0000
2960	7.0000	149.0000	8909.0000
14631	1.0000	20.0000	1200.0000
16741	10.0000	236.0000	14143.0000
18981	2.0000	43.0000	2564.0000
19871	5.0000	112.0000	6704.0000
7500	5.0000	109.0000	6494.0000
7540	5.0000	104.0000	6213.0000
7550	5.0000	100.0000	5982.0000
20031	5.0000	97.0000	5777.0000
7570	4.0000	92.0000	5506.0000
20421	3.0000	66.0000	3935.0000
241	10.0000	227.0000	13601.0000
411	10.0000	222.0000	13311.0000
60	10.0000	221.0000	13246.0000
70	10.0000	221.0000	13208.0000
80	10.0000	219.0000	13082.0000
861	10.0000	220.0000	13168.0000
6620	3.0000	66.0000	3947.0000
15851	3.0000	68.0000	4068.0000
5781	6.0000	125.0000	7456.0000
9651	6.0000	124.0000	7427.0000
13031	6.0000	126.0000	7502.0000
15571	5.0000	114.0000	6784.0000
16911	9.0000	197.0000	11804.0000
18141	2.0000	28.0000	1653.0000
19031	2.0000	29.0000	1720.0000
20711	2.0000	30.0000	1763.0000
11851	1.0000	11.0000	646.0000
17111	6.0000	141.0000	8426.0000
17141	6.0000	138.0000	8252.0000
17631	4.0000	89.0000	5335.0000
17851	3.0000	64.0000	3839.0000
2021	9.0000	197.0000	11784.0000
9021	7.0000	161.0000	9648.0000
9041	7.0000	161.0000	9606.0000
3220	6.0000	127.0000	7584.0000
3380	6.0000	121.0000	7232.0000
9621	6.0000	125.0000	7491.0000
13661	4.0000	94.0000	5624.0000
14501	2.0000	29.0000	1699.0000
18961	2.0000	47.0000	2799.0000
19141	1.0000	7.0000	376.0000
231	10.0000	228.0000	13654.0000
501	10.0000	222.0000	13284.0000
771	10.0000	220.0000	13178.0000
5751	6.0000	125.0000	7472.0000
11801	1.0000	16.0000	937.0000
11811	1.0000	16.0000	931.0000
4230	1.0000	16.0000	921.0000
11821	1.0000	16.0000	917.0000
4710	7.0000	163.0000	9727.0000
12211	7.0000	168.0000	10046.0000
5180	6.0000	123.0000	7366.0000
5610	4.0000	73.0000	4350.0000
12661	7.0000	149.0000	8925.0000
17031	8.0000	169.0000	10092.0000
17061	7.0000	167.0000	9991.0000
6870	7.0000	148.0000	8864.0000
2011	9.0000	197.0000	11801.0000
8981	7.0000	162.0000	9684.0000
9141	7.0000	150.0000	8946.0000
9431	6.0000	138.0000	8225.0000
14491	2.0000	29.0000	1710.0000
14611	1.0000	23.0000	1359.0000
14691	1.0000	17.0000	993.0000
6050	1.0000	13.0000	751.0000
6130	1.0000	4.0000	196.0000
6150	1.0000	4.0000	188.0000
14981	7.0000	163.0000	9780.0000
6190	7.0000	162.0000	9718.0000
15011	7.0000	161.0000	9628.0000
6610	3.0000	68.0000	4028.0000
15361	6.0000	141.0000	8402.0000
18941	3.0000	51.0000	3034.0000
221	10.0000	228.0000	13657.0000
331	10.0000	223.0000	13377.0000
471	10.0000	222.0000	13296.0000
1801	9.0000	201.0000	12019.0000
2101	9.0000	195.0000	11691.0000
740	8.0000	184.0000	11040.0000
3681	8.0000	177.0000	10566.0000
5741	6.0000	125.0000	7480.0000
5911	6.0000	122.0000	7275.0000
6251	5.0000	110.0000	6562.0000
6281	5.0000	105.0000	6297.0000
6411	4.0000	96.0000	5757.0000
6561	4.0000	85.0000	5063.0000
11091	2.0000	39.0000	2295.0000
12291	7.0000	166.0000	9937.0000
4890	7.0000	155.0000	9251.0000
11791	1.0000	17.0000	988.0000
11841	1.0000	14.0000	787.0000
4340	1.0000	4.0000	209.0000
11921	1.0000	6.0000	358.0000
4330	1.0000	4.0000	213.0000
4410	1.0000	2.0000	108.0000
4450	1.0000	2.0000	69.0000
4470	7.0000	168.0000	10059.0000
12131	1.0000	2.0000	69.0000
12151	1.0000	1.0000	48.0000
4590	7.0000	165.0000	9885.0000
12421	7.0000	162.0000	9691.0000
4740	7.0000	161.0000	9618.0000
4960	7.0000	151.0000	9002.0000
12781	7.0000	146.0000	8708.0000
5040	7.0000	145.0000	8692.0000
17011	8.0000	176.0000	10523.0000
17081	6.0000	142.0000	8506.0000
1981	9.0000	197.0000	11806.0000
8931	7.0000	163.0000	9731.0000
8941	7.0000	163.0000	9725.0000
8971	7.0000	162.0000	9685.0000
9051	7.0000	160.0000	9600.0000
3080	7.0000	145.0000	8684.0000
9301	6.0000	144.0000	8597.0000
9311	6.0000	144.0000	8595.0000
3110	6.0000	143.0000	8550.0000
3130	6.0000	141.0000	8421.0000
14461	2.0000	33.0000	1925.0000
14471	2.0000	32.0000	1882.0000
14551	2.0000	27.0000	1592.0000
14781	1.0000	5.0000	257.0000
15621	5.0000	98.0000	5874.0000
6590	4.0000	76.0000	4521.0000
15671	4.0000	91.0000	5405.0000
15941	3.0000	63.0000	3738.0000
16381	1.0000	20.0000	1194.0000
16411	1.0000	19.0000	1100.0000
18931	3.0000	59.0000	3516.0000
19051	2.0000	26.0000	1558.0000
21111	7.0000	164.0000	9799.0000
21321	6.0000	135.0000	8077.0000
191	10.0000	230.0000	13768.0000
391	10.0000	223.0000	13338.0000
50	10.0000	222.0000	13275.0000
481	10.0000	222.0000	13289.0000
621	10.0000	221.0000	13214.0000
330	9.0000	207.0000	12392.0000
631	10.0000	221.0000	13207.0000
360	9.0000	207.0000	12388.0000
671	10.0000	220.0000	13200.0000
921	10.0000	219.0000	13106.0000
961	10.0000	218.0000	13071.0000
340	9.0000	207.0000	12389.0000
5671	6.0000	132.0000	7918.0000
11761	1.0000	19.0000	1101.0000
16881	9.0000	202.0000	12084.0000
1871	9.0000	198.0000	11859.0000
2061	9.0000	196.0000	11737.0000
750	8.0000	183.0000	10978.0000
2860	7.0000	165.0000	9882.0000
2111	9.0000	195.0000	11689.0000
760	8.0000	183.0000	10977.0000
2581	8.0000	190.0000	11390.0000
2681	8.0000	190.0000	11359.0000
770	8.0000	183.0000	10975.0000
2721	8.0000	190.0000	11343.0000
2751	8.0000	189.0000	11334.0000
780	8.0000	183.0000	10973.0000
2811	8.0000	188.0000	11274.0000
2831	8.0000	188.0000	11266.0000
1230	7.0000	163.0000	9723.0000
2851	8.0000	188.0000	11245.0000
2861	8.0000	188.0000	11240.0000
3111	8.0000	186.0000	11138.0000
3171	8.0000	186.0000	11102.0000
3541	8.0000	179.0000	10719.0000
3631	8.0000	178.0000	10629.0000
3731	8.0000	175.0000	10493.0000
3871	8.0000	174.0000	10399.0000
3901	8.0000	173.0000	10380.0000
1010	8.0000	173.0000	10338.0000
1090	8.0000	171.0000	10217.0000
1100	8.0000	171.0000	10214.0000
1130	8.0000	170.0000	10171.0000
1170	8.0000	169.0000	10088.0000
1690	6.0000	124.0000	7414.0000
4021	8.0000	173.0000	10325.0000
4201	8.0000	171.0000	10218.0000
4241	8.0000	170.0000	10191.0000
1140	8.0000	170.0000	10161.0000
4371	8.0000	169.0000	10089.0000
1180	7.0000	168.0000	10058.0000
4401	7.0000	168.0000	10048.0000
4671	7.0000	164.0000	9785.0000
4691	7.0000	163.0000	9769.0000
4721	7.0000	163.0000	9726.0000
4741	7.0000	162.0000	9719.0000
2850	7.0000	165.0000	9892.0000
2890	7.0000	164.0000	9803.0000
4821	7.0000	155.0000	9299.0000
4881	7.0000	154.0000	9182.0000
1470	6.0000	144.0000	8609.0000
5021	7.0000	149.0000	8899.0000
1410	7.0000	148.0000	8830.0000
5101	7.0000	148.0000	8831.0000
5221	7.0000	145.0000	8664.0000
5281	6.0000	144.0000	8602.0000
5591	6.0000	135.0000	8089.0000
5801	6.0000	124.0000	7438.0000
5821	6.0000	124.0000	7417.0000
5881	6.0000	122.0000	7313.0000
1910	5.0000	101.0000	6035.0000
5891	6.0000	122.0000	7296.0000
5941	6.0000	121.0000	7227.0000
6181	5.0000	115.0000	6844.0000
6231	5.0000	112.0000	6714.0000
6531	4.0000	88.0000	5277.0000
8861	7.0000	166.0000	9925.0000
9001	7.0000	162.0000	9663.0000
9091	7.0000	154.0000	9218.0000
9121	7.0000	150.0000	8996.0000
10451	3.0000	65.0000	3900.0000
10491	3.0000	63.0000	3729.0000
14401	2.0000	40.0000	2375.0000
15231	7.0000	147.0000	8782.0000
6480	4.0000	93.0000	5574.0000
18911	3.0000	60.0000	3569.0000
19061	2.0000	26.0000	1555.0000
19131	1.0000	7.0000	402.0000
181	10.0000	231.0000	13830.0000
251	10.0000	226.0000	13542.0000
311	10.0000	224.0000	13422.0000
371	10.0000	223.0000	13339.0000
240	9.0000	211.0000	12651.0000
991	10.0000	218.0000	13067.0000
250	9.0000	211.0000	12649.0000
1021	10.0000	218.0000	13041.0000
260	9.0000	211.0000	12640.0000
1331	9.0000	213.0000	12751.0000
270	9.0000	211.0000	12638.0000
1611	9.0000	208.0000	12423.0000
5621	6.0000	135.0000	8069.0000
6811	3.0000	70.0000	4180.0000
2160	3.0000	53.0000	3152.0000
2170	3.0000	52.0000	3098.0000
2360	2.0000	41.0000	2414.0000
6911	3.0000	66.0000	3959.0000
6941	3.0000	66.0000	3956.0000
6951	3.0000	66.0000	3949.0000
6961	3.0000	66.0000	3942.0000
6971	3.0000	66.0000	3938.0000
6981	3.0000	66.0000	3926.0000
2220	3.0000	49.0000	2920.0000
7751	2.0000	39.0000	2328.0000
7871	2.0000	35.0000	2074.0000
11421	1.0000	24.0000	1413.0000
11431	1.0000	24.0000	1409.0000
4160	1.0000	22.0000	1306.0000
11441	1.0000	24.0000	1408.0000
4180	1.0000	22.0000	1305.0000
4240	1.0000	16.0000	906.0000
4440	1.0000	2.0000	72.0000
4460	7.0000	168.0000	10072.0000
4480	7.0000	167.0000	10009.0000
4510	7.0000	166.0000	9919.0000
4690	7.0000	163.0000	9739.0000
11451	1.0000	24.0000	1408.0000
11461	1.0000	24.0000	1406.0000
4210	1.0000	18.0000	1065.0000
4520	7.0000	166.0000	9916.0000
5500	5.0000	98.0000	5862.0000
11471	1.0000	24.0000	1405.0000
11481	1.0000	24.0000	1404.0000
4220	1.0000	18.0000	1061.0000
4550	7.0000	166.0000	9906.0000
5510	5.0000	98.0000	5856.0000
11491	1.0000	24.0000	1404.0000
11511	1.0000	24.0000	1403.0000
4370	1.0000	3.0000	141.0000
4570	7.0000	165.0000	9896.0000
11531	1.0000	24.0000	1402.0000
4380	1.0000	3.0000	138.0000
4610	7.0000	165.0000	9877.0000
11541	1.0000	24.0000	1401.0000
4620	7.0000	165.0000	9871.0000
11551	1.0000	24.0000	1400.0000
4400	1.0000	2.0000	120.0000
4630	7.0000	165.0000	9869.0000
11561	1.0000	24.0000	1399.0000
4390	1.0000	3.0000	136.0000
4640	7.0000	165.0000	9867.0000
11571	1.0000	24.0000	1399.0000
12251	7.0000	167.0000	9998.0000
4680	7.0000	163.0000	9746.0000
4910	7.0000	153.0000	9176.0000
4970	7.0000	150.0000	8980.0000
5100	6.0000	141.0000	8439.0000
5110	6.0000	139.0000	8328.0000
5600	4.0000	74.0000	4419.0000
16671	10.0000	239.0000	14323.0000
16711	10.0000	239.0000	14289.0000
16981	8.0000	190.0000	11370.0000
6910	6.0000	129.0000	7713.0000
6970	5.0000	104.0000	6223.0000
17221	6.0000	121.0000	7249.0000
17401	5.0000	104.0000	6218.0000
1841	9.0000	199.0000	11921.0000
1971	9.0000	197.0000	11810.0000
2001	9.0000	197.0000	11802.0000
2131	9.0000	195.0000	11656.0000
2191	9.0000	194.0000	11619.0000
2641	8.0000	190.0000	11371.0000
3811	8.0000	175.0000	10459.0000
3921	8.0000	173.0000	10375.0000
4151	8.0000	171.0000	10243.0000
7361	2.0000	48.0000	2826.0000
15731	4.0000	77.0000	4613.0000
15891	3.0000	66.0000	3943.0000
15901	3.0000	66.0000	3923.0000
8851	7.0000	166.0000	9926.0000
9171	7.0000	148.0000	8854.0000
4070	2.0000	25.0000	1482.0000
9231	7.0000	146.0000	8717.0000
14381	2.0000	40.0000	2378.0000
14531	2.0000	28.0000	1638.0000
14571	2.0000	26.0000	1541.0000
15101	7.0000	156.0000	9309.0000
18821	4.0000	83.0000	4928.0000
19281	7.0000	158.0000	9447.0000
161	10.0000	232.0000	13872.0000
5571	6.0000	135.0000	8093.0000
11411	1.0000	24.0000	1422.0000
11731	1.0000	21.0000	1235.0000
4320	1.0000	4.0000	223.0000
16641	10.0000	240.0000	14393.0000
16781	10.0000	221.0000	13209.0000
16901	9.0000	198.0000	11871.0000
17761	3.0000	72.0000	4308.0000
7140	2.0000	41.0000	2455.0000
1771	9.0000	201.0000	12044.0000
1831	9.0000	200.0000	11952.0000
510	9.0000	197.0000	11775.0000
640	8.0000	189.0000	11307.0000
8731	7.0000	167.0000	10010.0000
8781	7.0000	166.0000	9958.0000
8791	7.0000	166.0000	9958.0000
14371	2.0000	41.0000	2459.0000
18801	4.0000	89.0000	5285.0000
19161	1.0000	4.0000	214.0000
19241	7.0000	159.0000	9488.0000
19271	7.0000	158.0000	9461.0000
20791	2.0000	29.0000	1697.0000
151	10.0000	232.0000	13875.0000
871	10.0000	220.0000	13167.0000
881	10.0000	220.0000	13157.0000
3711	8.0000	176.0000	10518.0000
5531	6.0000	137.0000	8177.0000
11331	2.0000	26.0000	1503.0000
11351	2.0000	25.0000	1480.0000
4350	1.0000	4.0000	203.0000
4360	1.0000	4.0000	188.0000
4780	7.0000	159.0000	9522.0000
4820	7.0000	158.0000	9425.0000
4830	7.0000	157.0000	9419.0000
4850	7.0000	157.0000	9394.0000
11361	2.0000	25.0000	1467.0000
4840	7.0000	157.0000	9412.0000
11401	1.0000	24.0000	1425.0000
11581	1.0000	24.0000	1384.0000
11601	1.0000	23.0000	1373.0000
11631	1.0000	23.0000	1340.0000
11641	1.0000	23.0000	1322.0000
4800	7.0000	158.0000	9445.0000
11671	1.0000	22.0000	1290.0000
11691	1.0000	22.0000	1275.0000
11711	1.0000	21.0000	1258.0000
12481	7.0000	159.0000	9508.0000
12521	7.0000	157.0000	9410.0000
13231	5.0000	118.0000	7070.0000
13531	5.0000	101.0000	6001.0000
5450	5.0000	100.0000	5996.0000
13541	5.0000	100.0000	5966.0000
5460	5.0000	100.0000	5953.0000
13561	5.0000	99.0000	5938.0000
5530	4.0000	96.0000	5732.0000
5550	4.0000	95.0000	5647.0000
5640	3.0000	71.0000	4242.0000
5850	3.0000	49.0000	2888.0000
16631	1.0000	1.0000	46.0000
1751	9.0000	201.0000	12059.0000
4931	7.0000	150.0000	8980.0000
8651	1.0000	4.0000	202.0000
10141	4.0000	91.0000	5429.0000
14361	2.0000	42.0000	2471.0000
15391	6.0000	137.0000	8210.0000
18791	4.0000	89.0000	5331.0000
141	10.0000	232.0000	13877.0000
451	10.0000	222.0000	13303.0000
130	9.0000	216.0000	12920.0000
180	9.0000	214.0000	12830.0000
1221	9.0000	214.0000	12822.0000
5481	6.0000	138.0000	8236.0000
5511	6.0000	137.0000	8182.0000
5871	6.0000	123.0000	7339.0000
6041	5.0000	119.0000	7122.0000
6301	5.0000	103.0000	6156.0000
6521	4.0000	88.0000	5279.0000
11271	2.0000	27.0000	1599.0000
16601	1.0000	2.0000	120.0000
16961	9.0000	194.0000	11633.0000
16971	8.0000	190.0000	11385.0000
16991	8.0000	183.0000	10942.0000
17041	7.0000	168.0000	10061.0000
6850	7.0000	168.0000	10046.0000
17101	6.0000	141.0000	8439.0000
17561	4.0000	96.0000	5745.0000
1731	9.0000	204.0000	12229.0000
8561	1.0000	6.0000	356.0000
8901	7.0000	163.0000	9775.0000
8991	7.0000	162.0000	9672.0000
14351	2.0000	42.0000	2491.0000
14431	2.0000	34.0000	2012.0000
14721	1.0000	12.0000	673.0000
6640	3.0000	55.0000	3257.0000
6660	3.0000	54.0000	3223.0000
14861	1.0000	3.0000	143.0000
6650	3.0000	55.0000	3244.0000
14871	1.0000	2.0000	98.0000
14921	7.0000	168.0000	10042.0000
6170	7.0000	167.0000	9977.0000
15551	5.0000	115.0000	6896.0000
6500	4.0000	89.0000	5340.0000
6570	4.0000	79.0000	4707.0000
6600	3.0000	72.0000	4288.0000
15811	3.0000	71.0000	4230.0000
18671	5.0000	101.0000	6014.0000
18681	5.0000	100.0000	5941.0000
18691	5.0000	99.0000	5939.0000
18921	3.0000	59.0000	3523.0000
131	10.0000	232.0000	13878.0000
2071	9.0000	196.0000	11733.0000
2881	8.0000	188.0000	11221.0000
3791	8.0000	175.0000	10470.0000
4521	7.0000	167.0000	9963.0000
1210	7.0000	166.0000	9953.0000
5471	6.0000	138.0000	8237.0000
5661	6.0000	133.0000	7970.0000
1600	6.0000	133.0000	7921.0000
5701	6.0000	129.0000	7740.0000
5761	6.0000	125.0000	7460.0000
11221	2.0000	30.0000	1774.0000
11301	2.0000	26.0000	1543.0000
11381	2.0000	25.0000	1458.0000
4120	1.0000	23.0000	1346.0000
4150	1.0000	22.0000	1317.0000
16571	1.0000	4.0000	183.0000
16751	10.0000	235.0000	14046.0000
1691	9.0000	205.0000	12264.0000
1861	9.0000	198.0000	11879.0000
610	8.0000	191.0000	11445.0000
6260	7.0000	157.0000	9381.0000
6630	3.0000	58.0000	3476.0000
1911	9.0000	198.0000	11840.0000
1961	9.0000	197.0000	11811.0000
600	8.0000	191.0000	11451.0000
2601	8.0000	190.0000	11383.0000
8091	2.0000	28.0000	1646.0000
2620	1.0000	22.0000	1287.0000
2760	1.0000	8.0000	443.0000
5560	4.0000	94.0000	5604.0000
8681	1.0000	2.0000	99.0000
8411	1.0000	14.0000	839.0000
8451	1.0000	13.0000	755.0000
8551	1.0000	6.0000	356.0000
8581	1.0000	5.0000	273.0000
9461	6.0000	137.0000	8208.0000
14271	2.0000	47.0000	2800.0000
14791	1.0000	5.0000	249.0000
6110	1.0000	4.0000	235.0000
6120	1.0000	4.0000	199.0000
6140	1.0000	4.0000	191.0000
14971	7.0000	164.0000	9828.0000
18661	5.0000	101.0000	6049.0000
18701	5.0000	99.0000	5908.0000
18721	5.0000	97.0000	5796.0000
18861	4.0000	78.0000	4676.0000
18881	4.0000	74.0000	4431.0000
18891	4.0000	74.0000	4399.0000
18951	2.0000	48.0000	2841.0000
121	10.0000	232.0000	13887.0000
171	10.0000	231.0000	13836.0000
10	10.0000	224.0000	13407.0000
150	9.0000	216.0000	12910.0000
170	9.0000	215.0000	12876.0000
670	8.0000	189.0000	11282.0000
2250	2.0000	47.0000	2797.0000
2300	2.0000	43.0000	2546.0000
201	10.0000	229.0000	13739.0000
20	10.0000	223.0000	13334.0000
220	9.0000	213.0000	12724.0000
430	9.0000	200.0000	11972.0000
480	9.0000	197.0000	11809.0000
650	8.0000	189.0000	11302.0000
2330	2.0000	41.0000	2434.0000
211	10.0000	228.0000	13680.0000
261	10.0000	226.0000	13528.0000
321	10.0000	224.0000	13411.0000
351	10.0000	223.0000	13345.0000
90	10.0000	218.0000	13068.0000
1321	9.0000	213.0000	12766.0000
2801	8.0000	188.0000	11279.0000
1750	5.0000	120.0000	7155.0000
2230	3.0000	49.0000	2890.0000
2320	2.0000	42.0000	2501.0000
2420	2.0000	35.0000	2049.0000
5991	5.0000	120.0000	7143.0000
7081	3.0000	60.0000	3583.0000
7111	3.0000	56.0000	3342.0000
2140	3.0000	53.0000	3162.0000
7581	2.0000	44.0000	2593.0000
2290	2.0000	44.0000	2585.0000
2350	2.0000	41.0000	2426.0000
7711	2.0000	40.0000	2360.0000
2390	2.0000	40.0000	2356.0000
8921	7.0000	163.0000	9733.0000
2910	7.0000	162.0000	9714.0000
9031	7.0000	161.0000	9616.0000
5451	6.0000	139.0000	8306.0000
5611	6.0000	135.0000	8080.0000
5651	6.0000	134.0000	8000.0000
1870	5.0000	108.0000	6474.0000
5831	6.0000	124.0000	7417.0000
5841	6.0000	124.0000	7416.0000
6161	5.0000	115.0000	6869.0000
6171	5.0000	115.0000	6848.0000
6571	4.0000	84.0000	5002.0000
11191	2.0000	31.0000	1847.0000
11201	2.0000	31.0000	1818.0000
4100	1.0000	24.0000	1414.0000
4140	1.0000	22.0000	1320.0000
4490	7.0000	167.0000	9962.0000
11371	2.0000	25.0000	1461.0000
4130	1.0000	23.0000	1323.0000
4300	1.0000	5.0000	245.0000
11591	1.0000	23.0000	1375.0000
5030	7.0000	146.0000	8738.0000
5290	5.0000	116.0000	6911.0000
11611	1.0000	23.0000	1364.0000
6090	1.0000	6.0000	302.0000
11621	1.0000	23.0000	1353.0000
4420	1.0000	2.0000	105.0000
11721	1.0000	21.0000	1247.0000
5300	5.0000	116.0000	6905.0000
5330	5.0000	115.0000	6870.0000
5520	5.0000	98.0000	5856.0000
5880	2.0000	47.0000	2815.0000
11741	1.0000	21.0000	1228.0000
4500	7.0000	166.0000	9959.0000
11931	1.0000	5.0000	278.0000
4280	1.0000	5.0000	267.0000
12371	7.0000	163.0000	9723.0000
4870	7.0000	156.0000	9327.0000
4880	7.0000	156.0000	9307.0000
4900	7.0000	155.0000	9249.0000
5000	7.0000	148.0000	8866.0000
5830	3.0000	50.0000	2969.0000
6010	1.0000	20.0000	1189.0000
12561	7.0000	154.0000	9232.0000
13081	6.0000	124.0000	7405.0000
13281	5.0000	118.0000	7032.0000
13341	5.0000	114.0000	6839.0000
5580	4.0000	93.0000	5547.0000
13511	5.0000	102.0000	6068.0000
13671	4.0000	92.0000	5500.0000
13791	4.0000	77.0000	4567.0000
5690	3.0000	65.0000	3882.0000
14281	2.0000	46.0000	2712.0000
5900	2.0000	46.0000	2707.0000
5990	1.0000	24.0000	1418.0000
14291	2.0000	46.0000	2706.0000
6100	1.0000	5.0000	258.0000
14541	2.0000	27.0000	1604.0000
14561	2.0000	27.0000	1585.0000
6000	1.0000	24.0000	1416.0000
14601	1.0000	24.0000	1388.0000
14641	1.0000	20.0000	1175.0000
14761	1.0000	5.0000	300.0000
14771	1.0000	5.0000	267.0000
16561	1.0000	4.0000	192.0000
16721	10.0000	237.0000	14196.0000
16761	10.0000	226.0000	13512.0000
16771	10.0000	223.0000	13346.0000
16791	10.0000	220.0000	13197.0000
16821	9.0000	213.0000	12723.0000
16951	9.0000	195.0000	11641.0000
6940	5.0000	112.0000	6679.0000
17511	5.0000	98.0000	5833.0000
17521	5.0000	97.0000	5817.0000
1671	9.0000	205.0000	12277.0000
2201	9.0000	194.0000	11613.0000
2271	9.0000	193.0000	11570.0000
2441	8.0000	192.0000	11489.0000
2471	8.0000	192.0000	11475.0000
2561	8.0000	190.0000	11399.0000
2621	8.0000	190.0000	11375.0000
660	8.0000	189.0000	11284.0000
1430	7.0000	147.0000	8801.0000
4581	7.0000	165.0000	9886.0000
6081	5.0000	118.0000	7025.0000
2010	4.0000	75.0000	4467.0000
2070	3.0000	63.0000	3742.0000
11061	2.0000	41.0000	2448.0000
11241	2.0000	28.0000	1635.0000
14171	3.0000	51.0000	3004.0000
5840	3.0000	50.0000	2962.0000
14511	2.0000	29.0000	1695.0000
7310	2.0000	33.0000	1965.0000
7320	2.0000	33.0000	1928.0000
8361	1.0000	17.0000	988.0000
8381	1.0000	16.0000	952.0000
8831	7.0000	166.0000	9931.0000
14221	3.0000	49.0000	2937.0000
14341	2.0000	43.0000	2561.0000
14581	2.0000	26.0000	1534.0000
18611	5.0000	114.0000	6808.0000
19001	2.0000	41.0000	2410.0000
7300	2.0000	40.0000	2393.0000
111	15.0000	339.0000	20325.0000
5381	6.0000	140.0000	8392.0000
6621	4.0000	77.0000	4591.0000
2030	3.0000	72.0000	4313.0000
11181	2.0000	31.0000	1849.0000
11261	2.0000	27.0000	1606.0000
16551	1.0000	4.0000	198.0000
21861	3.0000	64.0000	3820.0000
21891	3.0000	62.0000	3701.0000
1531	9.0000	209.0000	12487.0000
1591	9.0000	208.0000	12441.0000
2161	9.0000	195.0000	11643.0000
3281	8.0000	185.0000	11048.0000
3841	8.0000	174.0000	10435.0000
8341	1.0000	17.0000	1017.0000
9341	6.0000	142.0000	8471.0000
9411	6.0000	140.0000	8390.0000
14191	3.0000	50.0000	2962.0000
14211	3.0000	49.0000	2939.0000
5960	2.0000	37.0000	2176.0000
18581	6.0000	121.0000	7226.0000
19251	7.0000	159.0000	9481.0000
20451	3.0000	64.0000	3834.0000
20541	3.0000	57.0000	3374.0000
101	15.0000	339.0000	20338.0000
5371	6.0000	140.0000	8399.0000
11131	2.0000	36.0000	2102.0000
12771	7.0000	146.0000	8727.0000
12901	6.0000	138.0000	8232.0000
16531	1.0000	8.0000	472.0000
21811	3.0000	70.0000	4168.0000
21821	3.0000	69.0000	4113.0000
21871	3.0000	63.0000	3748.0000
21881	3.0000	63.0000	3744.0000
1521	9.0000	209.0000	12502.0000
1561	9.0000	208.0000	12466.0000
840	8.0000	181.0000	10836.0000
860	8.0000	180.0000	10761.0000
1651	9.0000	206.0000	12346.0000
940	8.0000	175.0000	10475.0000
1721	9.0000	205.0000	12255.0000
1811	9.0000	200.0000	11984.0000
3511	8.0000	181.0000	10830.0000
3561	8.0000	178.0000	10674.0000
3721	8.0000	176.0000	10515.0000
8301	1.0000	19.0000	1120.0000
8351	1.0000	17.0000	1006.0000
8721	7.0000	168.0000	10037.0000
13121	6.0000	122.0000	7298.0000
14121	3.0000	51.0000	3044.0000
18571	6.0000	121.0000	7230.0000
18591	5.0000	118.0000	7033.0000
18601	5.0000	116.0000	6928.0000
18641	5.0000	102.0000	6115.0000
18711	5.0000	98.0000	5870.0000
18751	5.0000	97.0000	5766.0000
18771	4.0000	96.0000	5713.0000
18811	4.0000	85.0000	5081.0000
18851	4.0000	79.0000	4716.0000
18871	4.0000	76.0000	4514.0000
91	15.0000	340.0000	20380.0000
5321	6.0000	142.0000	8493.0000
5391	6.0000	140.0000	8384.0000
11111	2.0000	37.0000	2185.0000
13721	4.0000	83.0000	4960.0000
5590	4.0000	76.0000	4540.0000
13811	4.0000	73.0000	4330.0000
5740	3.0000	53.0000	3163.0000
16481	1.0000	13.0000	746.0000
17201	6.0000	125.0000	7481.0000
21771	4.0000	74.0000	4387.0000
21781	4.0000	73.0000	4379.0000
21791	4.0000	73.0000	4371.0000
21801	3.0000	70.0000	4182.0000
1491	9.0000	209.0000	12534.0000
2401	8.0000	192.0000	11517.0000
4791	7.0000	159.0000	9519.0000
6741	4.0000	73.0000	4375.0000
2040	3.0000	71.0000	4250.0000
7861	2.0000	35.0000	2079.0000
2460	2.0000	28.0000	1657.0000
8031	2.0000	29.0000	1714.0000
2470	2.0000	28.0000	1655.0000
12301	7.0000	166.0000	9931.0000
4530	7.0000	166.0000	9916.0000
7730	2.0000	29.0000	1715.0000
15841	3.0000	69.0000	4115.0000
8281	1.0000	20.0000	1186.0000
8771	7.0000	167.0000	9965.0000
14031	3.0000	57.0000	3399.0000
14061	3.0000	53.0000	3173.0000
5750	3.0000	53.0000	3161.0000
14151	3.0000	51.0000	3015.0000
14181	3.0000	50.0000	2990.0000
14201	3.0000	50.0000	2944.0000
14251	2.0000	48.0000	2824.0000
5870	2.0000	47.0000	2816.0000
5890	2.0000	47.0000	2806.0000
16661	10.0000	239.0000	14325.0000
18561	6.0000	121.0000	7237.0000
21561	4.0000	96.0000	5727.0000
81	15.0000	340.0000	20386.0000
5261	6.0000	144.0000	8623.0000
6461	4.0000	92.0000	5518.0000
6471	4.0000	92.0000	5466.0000
7121	3.0000	56.0000	3330.0000
2100	3.0000	54.0000	3214.0000
2130	3.0000	53.0000	3165.0000
2190	3.0000	52.0000	3071.0000
2340	2.0000	41.0000	2431.0000
3310	6.0000	122.0000	7315.0000
7161	3.0000	54.0000	3211.0000
10841	3.0000	49.0000	2882.0000
3970	2.0000	45.0000	2698.0000
11071	2.0000	41.0000	2441.0000
11751	1.0000	19.0000	1125.0000
6720	2.0000	41.0000	2443.0000
12341	7.0000	165.0000	9891.0000
12791	7.0000	145.0000	8686.0000
5050	6.0000	143.0000	8573.0000
11101	2.0000	38.0000	2260.0000
11291	2.0000	27.0000	1575.0000
15351	6.0000	141.0000	8403.0000
16471	1.0000	15.0000	859.0000
16611	1.0000	2.0000	81.0000
16681	10.0000	239.0000	14310.0000
16801	10.0000	217.0000	12995.0000
16891	9.0000	199.0000	11898.0000
21751	4.0000	75.0000	4467.0000
21921	3.0000	56.0000	3342.0000
22091	1.0000	11.0000	616.0000
1481	9.0000	210.0000	12579.0000
8181	2.0000	25.0000	1481.0000
8741	7.0000	167.0000	9992.0000
3340	6.0000	122.0000	7291.0000
14011	3.0000	58.0000	3429.0000
14051	3.0000	56.0000	3332.0000
5710	3.0000	55.0000	3297.0000
5760	3.0000	53.0000	3153.0000
5770	3.0000	52.0000	3120.0000
5780	3.0000	52.0000	3075.0000
6460	4.0000	94.0000	5603.0000
14111	3.0000	52.0000	3065.0000
14161	3.0000	51.0000	3007.0000
6470	4.0000	94.0000	5598.0000
6490	4.0000	93.0000	5545.0000
6540	4.0000	84.0000	4984.0000
6930	6.0000	127.0000	7583.0000
15701	4.0000	83.0000	4926.0000
6550	4.0000	82.0000	4898.0000
6560	4.0000	82.0000	4891.0000
15721	4.0000	80.0000	4772.0000
17131	6.0000	138.0000	8262.0000
17371	5.0000	110.0000	6548.0000
18521	6.0000	131.0000	7849.0000
18541	6.0000	126.0000	7552.0000
71	15.0000	340.0000	20389.0000
5211	7.0000	145.0000	8685.0000
5241	6.0000	144.0000	8640.0000
10971	2.0000	45.0000	2699.0000
16291	1.0000	24.0000	1383.0000
16451	1.0000	18.0000	1041.0000
16521	1.0000	9.0000	527.0000
16581	1.0000	3.0000	177.0000
16931	9.0000	197.0000	11797.0000
21661	4.0000	83.0000	4930.0000
21701	4.0000	80.0000	4772.0000
1461	9.0000	211.0000	12606.0000
2731	8.0000	189.0000	11338.0000
3091	8.0000	186.0000	11139.0000
3391	8.0000	182.0000	10917.0000
3471	8.0000	182.0000	10869.0000
8121	2.0000	28.0000	1621.0000
8151	2.0000	26.0000	1554.0000
8221	1.0000	24.0000	1400.0000
8231	1.0000	22.0000	1315.0000
8491	1.0000	10.0000	590.0000
8761	7.0000	167.0000	9984.0000
8821	7.0000	166.0000	9941.0000
13981	3.0000	58.0000	3480.0000
14081	3.0000	53.0000	3132.0000
14231	2.0000	48.0000	2850.0000
14731	1.0000	6.0000	338.0000
15561	5.0000	115.0000	6882.0000
18511	6.0000	131.0000	7849.0000
18531	6.0000	126.0000	7552.0000
7270	5.0000	120.0000	7193.0000
61	15.0000	340.0000	20392.0000
5151	7.0000	147.0000	8781.0000
5161	7.0000	147.0000	8761.0000
5251	6.0000	144.0000	8634.0000
1520	6.0000	141.0000	8418.0000
5291	6.0000	144.0000	8598.0000
5331	6.0000	142.0000	8489.0000
5351	6.0000	141.0000	8420.0000
1550	6.0000	137.0000	8214.0000
10901	2.0000	47.0000	2803.0000
11141	2.0000	34.0000	1991.0000
16281	1.0000	24.0000	1421.0000
16361	1.0000	22.0000	1262.0000
6790	1.0000	4.0000	196.0000
16401	1.0000	20.0000	1141.0000
16431	1.0000	19.0000	1096.0000
16621	1.0000	2.0000	77.0000
21641	4.0000	84.0000	5030.0000
21711	4.0000	80.0000	4753.0000
21721	4.0000	79.0000	4727.0000
21741	4.0000	77.0000	4563.0000
1431	9.0000	211.0000	12638.0000
2311	9.0000	193.0000	11551.0000
2671	8.0000	190.0000	11362.0000
3531	8.0000	180.0000	10770.0000
5401	6.0000	140.0000	8358.0000
8081	2.0000	28.0000	1658.0000
8211	2.0000	25.0000	1457.0000
13961	3.0000	62.0000	3701.0000
13991	3.0000	58.0000	3452.0000
14041	3.0000	57.0000	3385.0000
5720	3.0000	55.0000	3260.0000
6020	1.0000	19.0000	1108.0000
6060	1.0000	13.0000	726.0000
6070	1.0000	12.0000	698.0000
6080	1.0000	12.0000	664.0000
6510	4.0000	89.0000	5336.0000
6580	4.0000	77.0000	4568.0000
14141	3.0000	51.0000	3021.0000
5790	3.0000	50.0000	2996.0000
5800	3.0000	50.0000	2989.0000
6030	1.0000	19.0000	1107.0000
6040	1.0000	18.0000	1056.0000
6520	4.0000	85.0000	5079.0000
15751	4.0000	76.0000	4525.0000
18501	6.0000	132.0000	7913.0000
51	15.0000	340.0000	20394.0000
5121	7.0000	147.0000	8804.0000
5501	6.0000	137.0000	8211.0000
1720	6.0000	124.0000	7383.0000
5581	6.0000	135.0000	8090.0000
5601	6.0000	135.0000	8081.0000
10861	2.0000	48.0000	2854.0000
10911	2.0000	47.0000	2769.0000
16271	1.0000	24.0000	1421.0000
16351	1.0000	22.0000	1273.0000
16371	1.0000	21.0000	1241.0000
16651	10.0000	239.0000	14336.0000
6810	10.0000	232.0000	13885.0000
21571	4.0000	96.0000	5725.0000
1421	9.0000	211.0000	12653.0000
5441	6.0000	139.0000	8308.0000
1540	6.0000	138.0000	8267.0000
6761	4.0000	73.0000	4356.0000
2430	2.0000	31.0000	1843.0000
4950	7.0000	151.0000	9010.0000
7991	2.0000	30.0000	1750.0000
13861	3.0000	70.0000	4184.0000
13881	3.0000	70.0000	4182.0000
14131	3.0000	51.0000	3023.0000
18491	6.0000	139.0000	8336.0000
41	15.0000	340.0000	20397.0000
5111	7.0000	147.0000	8807.0000
5141	7.0000	147.0000	8798.0000
5191	7.0000	146.0000	8738.0000
5201	7.0000	145.0000	8690.0000
6091	5.0000	118.0000	7023.0000
6671	4.0000	75.0000	4474.0000
6831	3.0000	70.0000	4166.0000
7401	2.0000	47.0000	2776.0000
7891	2.0000	34.0000	1995.0000
9201	7.0000	147.0000	8812.0000
3200	6.0000	130.0000	7745.0000
3500	5.0000	117.0000	6987.0000
3510	5.0000	117.0000	6978.0000
3760	4.0000	73.0000	4346.0000
3890	3.0000	49.0000	2938.0000
9581	6.0000	131.0000	7829.0000
3490	5.0000	118.0000	7028.0000
3590	5.0000	104.0000	6203.0000
10811	3.0000	50.0000	2942.0000
17391	5.0000	108.0000	6440.0000
18071	2.0000	44.0000	2622.0000
21761	4.0000	74.0000	4413.0000
10831	3.0000	49.0000	2885.0000
11311	2.0000	26.0000	1521.0000
16141	2.0000	28.0000	1631.0000
16211	2.0000	25.0000	1497.0000
16221	2.0000	25.0000	1492.0000
6740	2.0000	25.0000	1474.0000
16231	2.0000	25.0000	1482.0000
6760	1.0000	21.0000	1232.0000
16241	2.0000	25.0000	1480.0000
16691	10.0000	239.0000	14301.0000
16811	9.0000	215.0000	12860.0000
21391	6.0000	121.0000	7253.0000
21431	5.0000	118.0000	7029.0000
21491	5.0000	108.0000	6466.0000
7920	1.0000	22.0000	1313.0000
1311	9.0000	213.0000	12768.0000
1361	9.0000	213.0000	12732.0000
1391	9.0000	212.0000	12691.0000
290	9.0000	209.0000	12529.0000
1951	9.0000	197.0000	11815.0000
2571	8.0000	190.0000	11396.0000
630	8.0000	189.0000	11319.0000
2841	8.0000	188.0000	11255.0000
2110	3.0000	54.0000	3201.0000
11661	1.0000	22.0000	1291.0000
4990	7.0000	149.0000	8919.0000
7981	2.0000	30.0000	1753.0000
8061	2.0000	28.0000	1676.0000
8251	1.0000	22.0000	1294.0000
8541	1.0000	6.0000	357.0000
13801	4.0000	74.0000	4403.0000
13831	3.0000	72.0000	4300.0000
5630	3.0000	71.0000	4248.0000
13841	3.0000	71.0000	4254.0000
5650	3.0000	71.0000	4234.0000
7430	5.0000	120.0000	7190.0000
7820	7.0000	165.0000	9850.0000
21091	7.0000	165.0000	9860.0000
18441	7.0000	148.0000	8865.0000
18471	6.0000	144.0000	8604.0000
18621	5.0000	108.0000	6443.0000
31	15.0000	341.0000	20401.0000
5081	7.0000	148.0000	8838.0000
10761	3.0000	51.0000	3003.0000
10951	2.0000	46.0000	2714.0000
11321	2.0000	26.0000	1507.0000
16111	2.0000	35.0000	2073.0000
21051	7.0000	166.0000	9930.0000
21121	7.0000	162.0000	9720.0000
7830	7.0000	153.0000	9153.0000
7840	7.0000	149.0000	8888.0000
21241	6.0000	143.0000	8565.0000
7910	3.0000	57.0000	3418.0000
21341	6.0000	129.0000	7688.0000
21691	4.0000	82.0000	4881.0000
1241	9.0000	214.0000	12818.0000
3261	8.0000	185.0000	11058.0000
7931	2.0000	31.0000	1837.0000
13601	4.0000	96.0000	5734.0000
13621	4.0000	95.0000	5691.0000
13631	4.0000	95.0000	5667.0000
13911	3.0000	66.0000	3911.0000
5670	3.0000	65.0000	3896.0000
5700	3.0000	63.0000	3747.0000
14391	2.0000	40.0000	2378.0000
14411	2.0000	38.0000	2264.0000
5940	2.0000	38.0000	2258.0000
5950	2.0000	38.0000	2249.0000
18421	7.0000	152.0000	9073.0000
18451	7.0000	147.0000	8815.0000
5061	7.0000	148.0000	8870.0000
5091	7.0000	148.0000	8833.0000
5421	6.0000	140.0000	8354.0000
10681	3.0000	53.0000	3178.0000
10701	3.0000	53.0000	3129.0000
11831	1.0000	15.0000	880.0000
12141	1.0000	2.0000	61.0000
16101	2.0000	37.0000	2211.0000
16151	2.0000	28.0000	1629.0000
16201	2.0000	26.0000	1512.0000
6780	1.0000	11.0000	620.0000
7010	4.0000	96.0000	5720.0000
16391	1.0000	20.0000	1194.0000
16851	9.0000	208.0000	12424.0000
18901	3.0000	71.0000	4222.0000
20751	2.0000	29.0000	1714.0000
21311	6.0000	137.0000	8187.0000
21331	6.0000	129.0000	7705.0000
1231	9.0000	214.0000	12819.0000
1301	9.0000	213.0000	12769.0000
1411	9.0000	212.0000	12664.0000
1501	9.0000	209.0000	12527.0000
1511	9.0000	209.0000	12515.0000
3351	8.0000	183.0000	10946.0000
7821	2.0000	37.0000	2174.0000
7971	2.0000	30.0000	1763.0000
9751	5.0000	120.0000	7171.0000
10181	4.0000	78.0000	4656.0000
3710	4.0000	78.0000	4644.0000
13551	5.0000	100.0000	5948.0000
14091	3.0000	53.0000	3128.0000
18391	7.0000	162.0000	9671.0000
11	15.0000	341.0000	20424.0000
5001	7.0000	149.0000	8915.0000
5691	6.0000	129.0000	7740.0000
10641	3.0000	55.0000	3295.0000
10651	3.0000	55.0000	3263.0000
16081	2.0000	41.0000	2440.0000
21201	7.0000	146.0000	8742.0000
21221	6.0000	144.0000	8603.0000
21231	6.0000	143.0000	8566.0000
7850	6.0000	142.0000	8506.0000
21371	6.0000	122.0000	7272.0000
21631	4.0000	85.0000	5061.0000
1201	9.0000	215.0000	12854.0000
1211	9.0000	214.0000	12822.0000
4781	7.0000	161.0000	9619.0000
7731	2.0000	40.0000	2348.0000
13451	5.0000	107.0000	6365.0000
13471	5.0000	106.0000	6332.0000
13481	5.0000	106.0000	6320.0000
5420	5.0000	106.0000	6308.0000
13651	4.0000	94.0000	5640.0000
13731	4.0000	83.0000	4949.0000
