ID	ABSOLUTE_MOD	RELATIVE_MOD
4991	0.0000	0.0000
10631	1.0000	0.0111
11001	0.0000	0.0000
11011	5.0000	0.0200
12021	0.0000	0.0000
16061	1.0000	0.0082
20851	1.0000	0.0118
20861	1.0000	0.0083
7790	3.0000	0.0517
1171	2.0000	0.1250
1291	2.0000	0.0714
570	0.0000	0.0000
1401	2.0000	0.0241
300	0.0000	0.0000
370	4.0000	0.0268
390	2.0000	0.0104
400	0.0000	0.0000
5930	1.0000	0.0164
6340	1.0000	0.0172
6840	4.0000	0.0173
1581	1.0000	0.0909
1621	1.0000	0.0061
350	0.0000	0.0000
470	0.0000	0.0000
730	1.0000	0.0051
1761	0.0000	0.0000
2081	0.0000	0.0000
2211	1.0000	0.0156
2651	0.0000	0.0000
2911	1.0000	0.0625
3161	0.0000	0.0000
3241	0.0000	0.0000
6880	0.0000	0.0000
3341	3.0000	0.0224
790	0.0000	0.0000
1050	1.0000	0.0278
3401	1.0000	0.0102
10781	0.0000	0.0000
17151	2.0000	0.0323
17381	0.0000	0.0000
7721	3.0000	0.0270
7911	2.0000	0.0909
7941	1.0000	0.0833
7961	0.0000	0.0000
2750	1.0000	0.0090
8041	0.0000	0.0000
2510	2.0000	0.0690
2520	1.0000	0.0417
2590	0.0000	0.0000
2600	0.0000	0.0000
2610	0.0000	0.0000
2720	0.0000	0.0000
2730	1.0000	0.0108
2870	1.0000	0.0137
2880	0.0000	0.0000
8071	2.0000	0.0222
2640	0.0000	0.0000
8161	3.0000	0.0337
2550	1.0000	0.0099
8191	1.0000	0.0278
2580	0.0000	0.0000
8371	4.0000	0.0385
3020	0.0000	0.0000
3040	1.0000	0.0345
3820	0.0000	0.0000
8511	1.0000	0.0081
3050	0.0000	0.0000
8531	1.0000	0.0079
3060	1.0000	0.0141
3850	5.0000	0.0342
3870	0.0000	0.0000
3880	1.0000	0.0058
8591	1.0000	0.0312
8621	1.0000	0.0294
3070	1.0000	0.0244
3140	0.0000	0.0000
8631	1.0000	0.0074
2780	1.0000	0.0123
2900	0.0000	0.0000
8671	0.0000	0.0000
2950	1.0000	0.0123
8711	1.0000	0.0312
8891	2.0000	0.0417
3240	0.0000	0.0000
3250	0.0000	0.0000
3270	0.0000	0.0000
3460	0.0000	0.0000
3860	1.0000	0.0909
9011	0.0000	0.0000
9161	0.0000	0.0000
9191	0.0000	0.0000
3010	0.0000	0.0000
3030	0.0000	0.0000
9221	0.0000	0.0000
9241	2.0000	0.0345
9261	1.0000	0.0071
9521	1.0000	0.0058
3230	0.0000	0.0000
3280	1.0000	0.0222
3300	0.0000	0.0000
3320	0.0000	0.0000
9891	1.0000	0.0149
3560	0.0000	0.0000
10011	1.0000	0.0312
10151	1.0000	0.0116
10371	0.0000	0.0000
13441	0.0000	0.0000
13501	0.0000	0.0000
5430	0.0000	0.0000
6310	0.0000	0.0000
6350	0.0000	0.0000
13751	1.0000	0.0278
5980	0.0000	0.0000
14311	0.0000	0.0000
18271	0.0000	0.0000
4971	3.0000	0.0133
5271	0.0000	0.0000
5301	0.0000	0.0000
6691	0.0000	0.0000
2020	0.0000	0.0000
6791	1.0000	0.0204
10601	1.0000	0.0132
10721	1.0000	0.0149
10751	1.0000	0.0385
12741	3.0000	0.0194
12861	4.0000	0.0175
16051	4.0000	0.0175
17021	1.0000	0.0303
17051	0.0000	0.0000
17071	2.0000	0.0250
6860	1.0000	0.0128
7170	1.0000	0.0175
20621	0.0000	0.0000
20761	1.0000	0.0125
7740	3.0000	0.0166
20871	4.0000	0.0404
7750	1.0000	0.0085
20941	0.0000	0.0000
7760	0.0000	0.0000
20951	3.0000	0.0197
20961	0.0000	0.0000
21251	1.0000	0.0244
21261	1.0000	0.0385
21281	0.0000	0.0000
21421	0.0000	0.0000
21461	0.0000	0.0000
22111	0.0000	0.0000
1151	7.0000	0.0493
1181	0.0000	0.0000
200	0.0000	0.0000
210	0.0000	0.0000
1371	7.0000	0.0412
1381	0.0000	0.0000
280	0.0000	0.0000
520	2.0000	0.0250
1380	0.0000	0.0000
4451	1.0000	0.0085
4461	0.0000	0.0000
6431	1.0000	0.0063
7671	0.0000	0.0000
7691	1.0000	0.0185
8001	1.0000	0.0119
8241	1.0000	0.0046
2670	0.0000	0.0000
2700	0.0000	0.0000
8311	2.0000	0.0149
2680	0.0000	0.0000
2710	0.0000	0.0000
8321	0.0000	0.0000
2690	0.0000	0.0000
8471	4.0000	0.0357
8501	0.0000	0.0000
8661	0.0000	0.0000
2820	0.0000	0.0000
3160	0.0000	0.0000
8801	3.0000	0.0259
3090	0.0000	0.0000
3100	0.0000	0.0000
3150	0.0000	0.0000
3330	0.0000	0.0000
8811	4.0000	0.0440
8911	0.0000	0.0000
9111	1.0000	0.0096
9471	7.0000	0.0330
13401	2.0000	0.0200
13461	0.0000	0.0000
13701	0.0000	0.0000
13951	0.0000	0.0000
14951	1.0000	0.0137
6210	0.0000	0.0000
15001	1.0000	0.0435
15041	0.0000	0.0000
6250	1.0000	0.0417
15111	0.0000	0.0000
15421	0.0000	0.0000
18261	1.0000	0.0208
18331	0.0000	0.0000
4941	0.0000	0.0000
10561	0.0000	0.0000
10671	0.0000	0.0000
16021	0.0000	0.0000
16031	0.0000	0.0000
16041	0.0000	0.0000
16071	0.0000	0.0000
16091	0.0000	0.0000
16121	0.0000	0.0000
16181	0.0000	0.0000
16251	0.0000	0.0000
16311	0.0000	0.0000
16341	0.0000	0.0000
16441	1.0000	0.0833
16491	0.0000	0.0000
16501	0.0000	0.0000
16511	0.0000	0.0000
16541	0.0000	0.0000
16591	0.0000	0.0000
16831	0.0000	0.0000
20591	3.0000	0.0140
20681	1.0000	0.0233
7770	7.0000	0.0365
20801	4.0000	0.0342
20881	4.0000	0.0286
20891	4.0000	0.0165
21001	5.0000	0.0244
7800	14.0000	0.0267
1141	2.0000	0.0278
4531	0.0000	0.0000
7571	0.0000	0.0000
7651	0.0000	0.0000
2740	0.0000	0.0000
8421	0.0000	0.0000
8431	0.0000	0.0000
8441	0.0000	0.0000
10041	0.0000	0.0000
13381	1.0000	0.0256
13421	6.0000	0.0222
5400	4.0000	0.0238
18251	2.0000	0.0200
18341	0.0000	0.0000
18401	0.0000	0.0000
18411	0.0000	0.0000
4921	0.0000	0.0000
5041	1.0000	0.0455
1480	2.0000	0.0526
5131	0.0000	0.0000
5311	1.0000	0.0294
5341	1.0000	0.0278
6501	2.0000	0.0159
6551	0.0000	0.0000
10541	4.0000	0.0152
10551	4.0000	0.0098
10931	2.0000	0.0308
11021	0.0000	0.0000
4090	4.0000	0.0482
11501	1.0000	0.0089
11521	1.0000	0.0097
4110	0.0000	0.0000
4650	0.0000	0.0000
4720	1.0000	0.0064
11781	0.0000	0.0000
11961	2.0000	0.0143
12331	0.0000	0.0000
4730	0.0000	0.0000
12441	0.0000	0.0000
15931	1.0000	0.0294
18971	0.0000	0.0000
7940	0.0000	0.0000
19011	0.0000	0.0000
19111	1.0000	0.0222
19151	5.0000	0.0431
19181	0.0000	0.0000
7580	0.0000	0.0000
19191	0.0000	0.0000
19401	1.0000	0.0130
19441	0.0000	0.0000
19511	1.0000	0.0067
19571	1.0000	0.0127
19601	0.0000	0.0000
19611	4.0000	0.0255
19631	0.0000	0.0000
19641	0.0000	0.0000
19661	3.0000	0.0192
19691	0.0000	0.0000
19821	0.0000	0.0000
19851	0.0000	0.0000
19891	1.0000	0.0244
7510	0.0000	0.0000
19921	1.0000	0.0435
19941	3.0000	0.0248
7860	2.0000	0.0769
20061	1.0000	0.0385
20081	1.0000	0.0417
20121	1.0000	0.0526
20131	0.0000	0.0000
20151	2.0000	0.0175
20181	1.0000	0.0122
20191	1.0000	0.0167
20211	1.0000	0.0217
20221	0.0000	0.0000
20231	1.0000	0.0133
20251	1.0000	0.0200
20261	1.0000	0.0370
20281	1.0000	0.0294
20301	0.0000	0.0000
20311	6.0000	0.0131
20321	4.0000	0.0426
20331	1.0000	0.0098
20361	2.0000	0.0235
20371	1.0000	0.0147
20401	0.0000	0.0000
20461	0.0000	0.0000
20471	0.0000	0.0000
20651	0.0000	0.0000
20661	0.0000	0.0000
20671	0.0000	0.0000
20831	0.0000	0.0000
20911	0.0000	0.0000
21011	0.0000	0.0000
21021	1.0000	0.0100
21031	0.0000	0.0000
21131	0.0000	0.0000
21141	0.0000	0.0000
21151	6.0000	0.0195
21161	2.0000	0.0500
21171	0.0000	0.0000
21181	1.0000	0.0357
21191	0.0000	0.0000
21211	1.0000	0.0303
21271	0.0000	0.0000
21291	1.0000	0.0294
21301	0.0000	0.0000
21351	0.0000	0.0000
21361	0.0000	0.0000
21401	0.0000	0.0000
21411	3.0000	0.0184
21501	0.0000	0.0000
21511	0.0000	0.0000
21521	0.0000	0.0000
21541	1.0000	0.0333
21581	0.0000	0.0000
21591	0.0000	0.0000
21601	0.0000	0.0000
21621	1.0000	0.0154
21651	0.0000	0.0000
21671	1.0000	0.0179
21681	1.0000	0.0270
21831	2.0000	0.0194
21901	0.0000	0.0000
21941	2.0000	0.0192
21991	1.0000	0.0179
22001	1.0000	0.0076
22011	0.0000	0.0000
22021	2.0000	0.0282
22031	2.0000	0.0133
22061	1.0000	0.0088
22071	1.0000	0.0062
22081	0.0000	0.0000
22101	0.0000	0.0000
22121	0.0000	0.0000
22131	0.0000	0.0000
22141	0.0000	0.0000
7950	0.0000	0.0000
20561	1.0000	0.0109
20841	0.0000	0.0000
7780	1.0000	0.0625
7880	0.0000	0.0000
7890	1.0000	0.2000
20901	0.0000	0.0000
20921	0.0000	0.0000
20931	1.0000	0.0435
20971	2.0000	0.0274
20981	0.0000	0.0000
20991	0.0000	0.0000
21081	1.0000	0.0370
21381	1.0000	0.0152
21441	0.0000	0.0000
21451	0.0000	0.0000
21471	1.0000	0.0400
21481	0.0000	0.0000
21731	0.0000	0.0000
21911	0.0000	0.0000
21931	0.0000	0.0000
21951	0.0000	0.0000
21961	1.0000	0.0238
21971	0.0000	0.0000
21981	0.0000	0.0000
1091	4.0000	0.0460
1121	1.0000	0.0400
1191	6.0000	0.0211
310	0.0000	0.0000
1341	0.0000	0.0000
7441	3.0000	0.0149
7781	0.0000	0.0000
2930	0.0000	0.0000
3680	0.0000	0.0000
4200	1.0000	0.0385
4290	0.0000	0.0000
4660	3.0000	0.0283
4670	2.0000	0.0168
4700	1.0000	0.0133
8011	1.0000	0.0172
2490	0.0000	0.0000
2660	0.0000	0.0000
3540	1.0000	0.0120
3550	0.0000	0.0000
8141	2.0000	0.0328
4170	4.0000	0.0444
4190	4.0000	0.0272
8171	1.0000	0.1667
2570	1.0000	0.0400
2800	0.0000	0.0000
2840	2.0000	0.0377
8691	0.0000	0.0000
2790	0.0000	0.0000
8701	0.0000	0.0000
8881	0.0000	0.0000
9071	0.0000	0.0000
2970	1.0000	0.0769
2980	4.0000	0.0635
3000	0.0000	0.0000
9131	0.0000	0.0000
2990	0.0000	0.0000
9151	0.0000	0.0000
9181	0.0000	0.0000
9321	0.0000	0.0000
9421	0.0000	0.0000
9571	0.0000	0.0000
9591	0.0000	0.0000
9931	0.0000	0.0000
3570	0.0000	0.0000
4030	1.0000	0.0095
9971	0.0000	0.0000
10001	0.0000	0.0000
10261	2.0000	0.0526
10621	1.0000	0.0294
10731	2.0000	0.0513
11031	1.0000	0.0345
11081	0.0000	0.0000
11871	1.0000	0.0263
4260	1.0000	0.0172
4310	1.0000	0.0263
4540	0.0000	0.0000
4580	2.0000	0.0488
5820	2.0000	0.0645
12431	3.0000	0.0294
4790	1.0000	0.0179
15221	0.0000	0.0000
13161	3.0000	0.0190
18211	4.0000	0.0094
4771	1.0000	0.0270
4841	1.0000	0.0099
13131	0.0000	0.0000
10521	4.0000	0.0301
10711	1.0000	0.0125
4020	1.0000	0.0769
11051	3.0000	0.0411
15871	0.0000	0.0000
15881	3.0000	0.0060
20551	5.0000	0.0276
20601	0.0000	0.0000
1071	0.0000	0.0000
1111	0.0000	0.0000
1601	0.0000	0.0000
320	1.0000	0.0286
1661	0.0000	0.0000
380	0.0000	0.0000
7391	1.0000	0.0042
7431	0.0000	0.0000
7461	2.0000	0.0071
7521	1.0000	0.0088
7551	0.0000	0.0000
2810	1.0000	0.0085
7661	0.0000	0.0000
7761	1.0000	0.0035
7831	1.0000	0.0038
7921	5.0000	0.0431
2830	5.0000	0.0030
8601	0.0000	0.0000
13091	0.0000	0.0000
13191	2.0000	0.0071
13261	2.0000	0.0179
13371	4.0000	0.0278
5390	1.0000	0.0238
13431	1.0000	0.0263
14441	1.0000	0.0116
18181	0.0000	0.0000
4751	1.0000	0.0286
10501	0.0000	0.0000
15831	1.0000	0.0104
20341	1.0000	0.0101
20411	0.0000	0.0000
20481	0.0000	0.0000
20531	2.0000	0.0370
20571	0.0000	0.0000
1061	0.0000	0.0000
1131	0.0000	0.0000
1441	0.0000	0.0000
1451	0.0000	0.0000
2291	2.0000	0.0260
7371	3.0000	0.0143
13051	2.0000	0.0109
13571	1.0000	0.0769
18161	4.0000	0.0169
18171	0.0000	0.0000
7160	0.0000	0.0000
18191	2.0000	0.0328
18201	4.0000	0.0449
18231	3.0000	0.0176
18381	7.0000	0.0168
20741	2.0000	0.0131
4711	1.0000	0.0120
10481	2.0000	0.0152
10511	1.0000	0.0037
3840	0.0000	0.0000
10531	1.0000	0.0217
15781	1.0000	0.0159
17871	6.0000	0.0124
20241	1.0000	0.0079
20391	0.0000	0.0000
7630	0.0000	0.0000
1041	0.0000	0.0000
1081	1.0000	0.0312
120	0.0000	0.0000
140	0.0000	0.0000
1101	1.0000	0.0169
160	2.0000	0.0488
230	0.0000	0.0000
7321	0.0000	0.0000
7331	0.0000	0.0000
7351	0.0000	0.0000
7451	0.0000	0.0000
7501	0.0000	0.0000
7631	0.0000	0.0000
13041	1.0000	0.0065
13071	0.0000	0.0000
5490	1.0000	0.0417
13361	0.0000	0.0000
14961	1.0000	0.0102
18121	0.0000	0.0000
4601	2.0000	0.0084
10471	0.0000	0.0000
11651	4.0000	0.0212
11991	3.0000	0.0179
4430	0.0000	0.0000
12381	0.0000	0.0000
12391	0.0000	0.0000
4770	0.0000	0.0000
6330	1.0000	0.0127
6950	5.0000	0.0210
6960	3.0000	0.0119
6980	1.0000	0.0132
14751	2.0000	0.0101
6180	3.0000	0.0078
6200	1.0000	0.0238
6730	1.0000	0.0128
16191	0.0000	0.0000
16321	1.0000	0.0104
16861	0.0000	0.0000
17181	1.0000	0.0133
7030	3.0000	0.0273
17581	5.0000	0.0260
7020	4.0000	0.0137
7040	1.0000	0.0049
17691	1.0000	0.0182
15741	1.0000	0.0071
15761	0.0000	0.0000
15791	1.0000	0.0286
15801	0.0000	0.0000
6820	3.0000	0.0612
15971	0.0000	0.0000
15991	2.0000	0.0194
6710	3.0000	0.0278
6830	0.0000	0.0000
16001	0.0000	0.0000
6700	1.0000	0.0222
18131	0.0000	0.0000
20171	0.0000	0.0000
1031	2.0000	0.0345
1261	0.0000	0.0000
1271	0.0000	0.0000
1681	0.0000	0.0000
560	0.0000	0.0000
880	0.0000	0.0000
1640	0.0000	0.0000
1980	0.0000	0.0000
1701	0.0000	0.0000
2050	0.0000	0.0000
1791	0.0000	0.0000
450	0.0000	0.0000
990	0.0000	0.0000
1370	2.0000	0.0145
1851	0.0000	0.0000
1891	0.0000	0.0000
460	1.0000	0.0476
1030	0.0000	0.0000
1931	0.0000	0.0000
890	1.0000	0.0385
1941	0.0000	0.0000
1040	1.0000	0.0164
1110	0.0000	0.0000
1740	0.0000	0.0000
1991	1.0000	0.0294
2031	0.0000	0.0000
2181	1.0000	0.0179
1060	0.0000	0.0000
2231	1.0000	0.0244
2241	0.0000	0.0000
2251	2.0000	0.0417
2261	1.0000	0.0091
2301	0.0000	0.0000
1070	0.0000	0.0000
1530	0.0000	0.0000
2321	0.0000	0.0000
900	1.0000	0.0333
970	1.0000	0.0323
2331	1.0000	0.0159
580	1.0000	0.0333
590	0.0000	0.0000
1340	0.0000	0.0000
1630	0.0000	0.0000
2351	0.0000	0.0000
2361	0.0000	0.0000
1670	0.0000	0.0000
2371	0.0000	0.0000
2411	0.0000	0.0000
2461	0.0000	0.0000
2501	0.0000	0.0000
2511	0.0000	0.0000
2521	0.0000	0.0000
2531	0.0000	0.0000
2541	0.0000	0.0000
2551	0.0000	0.0000
2591	0.0000	0.0000
2611	1.0000	0.0109
2661	0.0000	0.0000
2701	0.0000	0.0000
2871	0.0000	0.0000
2891	3.0000	0.0556
2901	0.0000	0.0000
1970	0.0000	0.0000
2931	0.0000	0.0000
2941	0.0000	0.0000
2951	1.0000	0.0189
2971	0.0000	0.0000
2981	1.0000	0.0128
700	0.0000	0.0000
2991	1.0000	0.0130
3001	0.0000	0.0000
3011	0.0000	0.0000
3021	0.0000	0.0000
810	0.0000	0.0000
3031	0.0000	0.0000
3051	0.0000	0.0000
3061	0.0000	0.0000
3071	2.0000	0.0215
820	0.0000	0.0000
3081	1.0000	0.0118
3131	1.0000	0.0105
3141	0.0000	0.0000
1660	1.0000	0.0357
3181	0.0000	0.0000
3201	1.0000	0.0192
980	0.0000	0.0000
1290	0.0000	0.0000
3251	1.0000	0.0169
3291	0.0000	0.0000
3361	0.0000	0.0000
3381	0.0000	0.0000
910	0.0000	0.0000
1420	0.0000	0.0000
3431	1.0000	0.0069
3461	1.0000	0.0072
3481	1.0000	0.0196
3491	0.0000	0.0000
3551	1.0000	0.0133
3581	1.0000	0.0208
3611	1.0000	0.0118
3641	0.0000	0.0000
3671	2.0000	0.0206
3801	0.0000	0.0000
3831	1.0000	0.0112
3861	0.0000	0.0000
3891	0.0000	0.0000
3911	0.0000	0.0000
1000	1.0000	0.0270
1020	0.0000	0.0000
3951	0.0000	0.0000
1080	1.0000	0.0357
1120	1.0000	0.0455
3961	0.0000	0.0000
3971	0.0000	0.0000
4001	1.0000	0.0099
4061	0.0000	0.0000
4071	0.0000	0.0000
4081	0.0000	0.0000
4161	1.0000	0.0090
4181	1.0000	0.0125
4221	2.0000	0.0364
4281	0.0000	0.0000
4291	0.0000	0.0000
4761	0.0000	0.0000
4811	2.0000	0.0488
5361	1.0000	0.0044
5411	1.0000	0.0159
5541	0.0000	0.0000
5711	1.0000	0.0122
5811	0.0000	0.0000
5971	0.0000	0.0000
6001	0.0000	0.0000
6021	1.0000	0.0083
6031	1.0000	0.0122
6071	0.0000	0.0000
6241	1.0000	0.0159
6291	0.0000	0.0000
6351	0.0000	0.0000
6401	0.0000	0.0000
6421	0.0000	0.0000
6451	0.0000	0.0000
6581	2.0000	0.0060
6701	1.0000	0.0179
6711	0.0000	0.0000
6731	0.0000	0.0000
6821	1.0000	0.0143
6841	1.0000	0.0102
6871	1.0000	0.0106
6881	4.0000	0.0290
6891	1.0000	0.0143
7311	0.0000	0.0000
8481	0.0000	0.0000
12731	0.0000	0.0000
12931	3.0000	0.0417
14931	2.0000	0.0192
18091	1.0000	0.0476
4591	3.0000	0.0484
10401	2.0000	0.0476
15661	5.0000	0.0413
15681	2.0000	0.0282
15771	3.0000	0.0375
20111	1.0000	0.0175
20491	1.0000	0.0455
20581	0.0000	0.0000
20721	0.0000	0.0000
20811	4.0000	0.0296
22051	0.0000	0.0000
1011	2.0000	0.0244
7301	0.0000	0.0000
7901	0.0000	0.0000
2530	2.0000	0.0513
2540	0.0000	0.0000
8201	0.0000	0.0000
12871	2.0000	0.0131
12981	2.0000	0.0087
13021	4.0000	0.0030
5190	1.0000	0.0106
13921	0.0000	0.0000
18031	0.0000	0.0000
4571	1.0000	0.0063
5431	0.0000	0.0000
5461	0.0000	0.0000
10341	0.0000	0.0000
10351	1.0000	0.1429
15651	3.0000	0.0136
20091	0.0000	0.0000
21531	0.0000	0.0000
21611	0.0000	0.0000
911	2.0000	0.0317
931	0.0000	0.0000
7261	0.0000	0.0000
12801	3.0000	0.0330
12821	1.0000	0.0185
5060	4.0000	0.0930
5080	0.0000	0.0000
12841	2.0000	0.0392
13851	1.0000	0.0312
18001	0.0000	0.0000
18101	1.0000	0.0093
18301	0.0000	0.0000
7180	1.0000	0.0102
18461	1.0000	0.0106
18481	2.0000	0.0476
4491	0.0000	0.0000
6541	0.0000	0.0000
10251	0.0000	0.0000
10291	1.0000	0.0109
10331	1.0000	0.0054
3910	0.0000	0.0000
4010	3.0000	0.0129
10661	3.0000	0.0133
3920	0.0000	0.0000
3930	2.0000	0.0163
10691	0.0000	0.0000
3940	0.0000	0.0000
10741	4.0000	0.0140
3950	2.0000	0.0328
10881	1.0000	0.0149
10961	2.0000	0.0128
3980	0.0000	0.0000
4000	1.0000	0.0132
10991	1.0000	0.0052
15581	1.0000	0.0135
19991	2.0000	0.0909
811	0.0000	0.0000
1281	1.0000	0.0217
410	0.0000	0.0000
1471	0.0000	0.0000
420	0.0000	0.0000
2391	1.0000	0.0357
8101	0.0000	0.0000
2560	0.0000	0.0000
7231	0.0000	0.0000
7281	0.0000	0.0000
7291	0.0000	0.0000
7471	1.0000	0.0476
7481	0.0000	0.0000
7511	2.0000	0.0408
7601	1.0000	0.0115
2310	1.0000	0.0102
2380	0.0000	0.0000
2450	0.0000	0.0000
7641	0.0000	0.0000
7681	1.0000	0.0057
2370	2.0000	0.0159
2400	0.0000	0.0000
7811	0.0000	0.0000
7951	1.0000	0.0156
2770	3.0000	0.0400
2920	0.0000	0.0000
8051	0.0000	0.0000
12761	2.0000	0.0152
12921	0.0000	0.0000
5140	0.0000	0.0000
5660	0.0000	0.0000
12941	0.0000	0.0000
5170	0.0000	0.0000
13061	0.0000	0.0000
13221	0.0000	0.0000
13241	0.0000	0.0000
13711	0.0000	0.0000
13741	0.0000	0.0000
13771	0.0000	0.0000
13891	0.0000	0.0000
13901	0.0000	0.0000
13931	0.0000	0.0000
13941	1.0000	0.0667
13971	3.0000	0.0163
14261	1.0000	0.0476
14321	1.0000	0.0294
14331	0.0000	0.0000
14451	0.0000	0.0000
14521	0.0000	0.0000
14591	0.0000	0.0000
14621	0.0000	0.0000
15951	0.0000	0.0000
6670	1.0000	0.0270
6680	0.0000	0.0000
6690	0.0000	0.0000
16131	1.0000	0.0182
16261	0.0000	0.0000
17971	0.0000	0.0000
18221	0.0000	0.0000
4301	1.0000	0.0179
4341	1.0000	0.0133
10231	1.0000	0.0078
15531	0.0000	0.0000
19961	0.0000	0.0000
20021	1.0000	0.0263
20271	3.0000	0.0612
731	1.0000	0.0127
851	0.0000	0.0000
1161	0.0000	0.0000
190	2.0000	0.0075
1190	7.0000	0.0132
1351	3.0000	0.0072
530	0.0000	0.0000
1631	0.0000	0.0000
550	1.0000	0.0108
1711	2.0000	0.0117
540	1.0000	0.0093
2121	0.0000	0.0000
710	1.0000	0.0208
3331	2.0000	0.0312
4561	2.0000	0.0074
4891	1.0000	0.0061
4951	1.0000	0.0127
6221	1.0000	0.0032
6651	1.0000	0.0058
6851	0.0000	0.0000
6861	0.0000	0.0000
10391	2.0000	0.0200
10411	2.0000	0.0098
11701	0.0000	0.0000
7211	13.0000	0.0396
7531	0.0000	0.0000
7561	0.0000	0.0000
7611	0.0000	0.0000
10461	5.0000	0.0198
12681	0.0000	0.0000
13141	0.0000	0.0000
13611	2.0000	0.0500
13641	0.0000	0.0000
5570	1.0000	0.0303
17961	1.0000	0.0263
18631	1.0000	0.0476
7370	2.0000	0.0244
18761	1.0000	0.0159
7280	1.0000	0.0147
19261	0.0000	0.0000
4231	6.0000	0.0173
4251	1.0000	0.0120
4361	0.0000	0.0000
4481	0.0000	0.0000
4551	1.0000	0.0476
4621	0.0000	0.0000
7151	0.0000	0.0000
7181	0.0000	0.0000
10051	1.0000	0.0303
10101	1.0000	0.0169
10581	2.0000	0.0256
15451	2.0000	0.0606
15491	1.0000	0.0213
15501	0.0000	0.0000
15911	1.0000	0.0068
15921	0.0000	0.0000
15961	0.0000	0.0000
15981	3.0000	0.0349
16161	1.0000	0.0204
16421	0.0000	0.0000
19951	1.0000	0.0204
20161	0.0000	0.0000
20501	0.0000	0.0000
20781	1.0000	0.0064
20821	4.0000	0.0606
21551	4.0000	0.0171
701	0.0000	0.0000
721	0.0000	0.0000
1641	0.0000	0.0000
1741	0.0000	0.0000
1821	0.0000	0.0000
1901	0.0000	0.0000
1921	0.0000	0.0000
2151	0.0000	0.0000
3931	0.0000	0.0000
4511	0.0000	0.0000
1620	0.0000	0.0000
5731	0.0000	0.0000
8461	0.0000	0.0000
10821	0.0000	0.0000
10891	0.0000	0.0000
4270	4.0000	0.0119
12321	0.0000	0.0000
12541	0.0000	0.0000
4930	0.0000	0.0000
12551	0.0000	0.0000
7201	5.0000	0.0182
7241	0.0000	0.0000
3650	2.0000	0.0408
7541	1.0000	0.0152
2410	0.0000	0.0000
7621	0.0000	0.0000
7841	2.0000	0.0230
4050	0.0000	0.0000
7851	1.0000	0.0370
9801	0.0000	0.0000
3480	0.0000	0.0000
3660	1.0000	0.0133
3960	1.0000	0.0093
9961	0.0000	0.0000
10111	2.0000	0.0137
10121	1.0000	0.0250
10131	0.0000	0.0000
10321	1.0000	0.0071
3790	0.0000	0.0000
11041	1.0000	0.0357
4040	2.0000	0.0057
12671	1.0000	0.0133
17921	0.0000	0.0000
17931	0.0000	0.0000
17981	0.0000	0.0000
4191	1.0000	0.0263
10021	0.0000	0.0000
10271	0.0000	0.0000
10421	0.0000	0.0000
10791	0.0000	0.0000
10921	0.0000	0.0000
10941	0.0000	0.0000
11151	0.0000	0.0000
13681	0.0000	0.0000
14101	0.0000	0.0000
15441	0.0000	0.0000
15511	1.0000	0.0119
6420	2.0000	0.0136
6440	1.0000	0.0526
15541	1.0000	0.0141
19911	1.0000	0.0094
691	0.0000	0.0000
7171	0.0000	0.0000
11251	0.0000	0.0000
11391	0.0000	0.0000
12571	2.0000	0.0148
12611	2.0000	0.0081
17891	2.0000	0.0148
18011	0.0000	0.0000
18061	0.0000	0.0000
4111	1.0000	0.0091
9951	0.0000	0.0000
10071	2.0000	0.0225
10091	5.0000	0.0394
3640	2.0000	0.0208
3690	1.0000	0.0106
3720	2.0000	0.0200
3990	1.0000	0.0055
15431	2.0000	0.0274
15461	0.0000	0.0000
15521	1.0000	0.0175
19831	1.0000	0.0106
20051	1.0000	0.0385
681	1.0000	0.0045
981	0.0000	0.0000
1881	0.0000	0.0000
440	1.0000	0.0625
7131	1.0000	0.0083
20431	8.0000	0.0254
20441	0.0000	0.0000
12491	2.0000	0.0099
17881	1.0000	0.0053
4101	3.0000	0.0210
4131	1.0000	0.1250
4311	1.0000	0.0061
4351	0.0000	0.0000
1350	2.0000	0.0202
1390	0.0000	0.0000
15371	4.0000	0.0286
15641	0.0000	0.0000
19801	1.0000	0.0175
20041	1.0000	0.0143
20071	2.0000	0.0238
20101	0.0000	0.0000
20641	0.0000	0.0000
641	1.0000	0.0417
711	0.0000	0.0000
841	4.0000	0.0526
891	0.0000	0.0000
5031	0.0000	0.0000
1400	1.0000	0.0049
2090	2.0000	0.0180
2200	0.0000	0.0000
7091	0.0000	0.0000
2120	0.0000	0.0000
2210	3.0000	0.0341
6530	1.0000	0.0323
7271	3.0000	0.0112
6991	3.0000	0.0250
7011	5.0000	0.0329
7341	1.0000	0.0094
7881	4.0000	0.0131
12471	1.0000	0.0061
12721	1.0000	0.0278
12811	0.0000	0.0000
7200	0.0000	0.0000
18551	1.0000	0.0417
17741	1.0000	0.0101
17801	1.0000	0.0118
7230	0.0000	0.0000
17901	0.0000	0.0000
18321	0.0000	0.0000
18361	0.0000	0.0000
18651	0.0000	0.0000
18741	0.0000	0.0000
18781	0.0000	0.0000
3981	0.0000	0.0000
9831	1.0000	0.0145
15271	1.0000	0.0072
15291	0.0000	0.0000
15611	2.0000	0.0417
15631	0.0000	0.0000
15691	0.0000	0.0000
15821	4.0000	0.0159
16011	0.0000	0.0000
6800	0.0000	0.0000
16731	3.0000	0.0400
17731	2.0000	0.0241
19671	1.0000	0.0204
19681	0.0000	0.0000
19711	0.0000	0.0000
7440	1.0000	0.1000
7590	0.0000	0.0000
19741	0.0000	0.0000
7600	1.0000	0.0833
7670	0.0000	0.0000
19761	0.0000	0.0000
19781	0.0000	0.0000
19791	0.0000	0.0000
7470	2.0000	0.0187
7490	0.0000	0.0000
611	0.0000	0.0000
651	0.0000	0.0000
110	1.0000	0.0435
500	1.0000	0.0400
741	0.0000	0.0000
100	0.0000	0.0000
1781	1.0000	0.0213
490	0.0000	0.0000
6921	2.0000	0.0143
7041	1.0000	0.0238
7051	1.0000	0.0185
12451	2.0000	0.0080
12631	0.0000	0.0000
17651	1.0000	0.0189
17701	0.0000	0.0000
17721	2.0000	0.0270
17821	2.0000	0.0294
7130	1.0000	0.0435
7250	0.0000	0.0000
17831	0.0000	0.0000
7080	0.0000	0.0000
18051	0.0000	0.0000
7120	0.0000	0.0000
18371	0.0000	0.0000
7210	0.0000	0.0000
18431	3.0000	0.0492
7220	1.0000	0.0556
7240	1.0000	0.0139
7260	0.0000	0.0000
18831	1.0000	0.0323
3941	1.0000	0.0357
5051	2.0000	0.0312
9811	1.0000	0.0526
12951	0.0000	0.0000
13251	0.0000	0.0000
13271	1.0000	0.0088
14071	2.0000	0.0606
15261	0.0000	0.0000
15401	2.0000	0.0122
15251	0.0000	0.0000
19621	3.0000	0.0612
19841	1.0000	0.0204
601	0.0000	0.0000
951	2.0000	0.0196
1541	0.0000	0.0000
1551	1.0000	0.0192
2451	1.0000	0.0185
6901	7.0000	0.0224
6931	1.0000	0.1000
7021	7.0000	0.0352
7701	0.0000	0.0000
7771	0.0000	0.0000
12361	1.0000	0.0123
17621	0.0000	0.0000
17661	5.0000	0.0215
17671	1.0000	0.0227
17771	1.0000	0.0417
7290	0.0000	0.0000
18991	3.0000	0.0171
19021	1.0000	0.0303
7330	0.0000	0.0000
19041	1.0000	0.0455
3701	3.0000	0.0229
4031	2.0000	0.0182
12201	3.0000	0.0229
12501	0.0000	0.0000
12511	1.0000	0.0185
4860	2.0000	0.0455
5160	3.0000	0.0366
12621	0.0000	0.0000
4980	0.0000	0.0000
5020	1.0000	0.0323
5150	0.0000	0.0000
12851	1.0000	0.0208
5620	0.0000	0.0000
12961	13.0000	0.0277
13581	1.0000	0.0106
5730	1.0000	0.0161
5860	0.0000	0.0000
13821	1.0000	0.0294
6380	1.0000	0.0152
6400	1.0000	0.0175
6410	1.0000	0.0062
14241	1.0000	0.0238
15311	1.0000	0.0270
15331	6.0000	0.0390
21061	1.0000	0.0278
9781	3.0000	0.0492
9851	0.0000	0.0000
9861	0.0000	0.0000
3630	0.0000	0.0000
10081	1.0000	0.0189
15211	4.0000	0.0288
15301	2.0000	0.0146
15411	3.0000	0.0254
6360	2.0000	0.0102
15591	1.0000	0.0094
16871	1.0000	0.0052
7090	0.0000	0.0000
7100	0.0000	0.0000
16921	1.0000	0.0078
21071	1.0000	0.0278
19591	1.0000	0.0286
19651	0.0000	0.0000
19721	3.0000	0.0566
19811	1.0000	0.0213
20011	1.0000	0.0263
581	0.0000	0.0000
661	0.0000	0.0000
2741	0.0000	0.0000
6801	2.0000	0.0179
12311	3.0000	0.0078
12591	2.0000	0.0217
13111	1.0000	0.0204
5350	1.0000	0.0042
5360	0.0000	0.0000
7810	0.0000	0.0000
13151	3.0000	0.0417
5340	0.0000	0.0000
17611	1.0000	0.0110
17711	1.0000	0.0476
17751	4.0000	0.0161
7640	0.0000	0.0000
7650	1.0000	0.0526
17941	4.0000	0.0179
17991	3.0000	0.0275
7660	0.0000	0.0000
20611	6.0000	0.0156
7700	6.0000	0.0128
7710	3.0000	0.0469
20631	2.0000	0.0169
20701	2.0000	0.0392
3601	2.0000	0.0278
3781	3.0000	0.0588
950	2.0000	0.0267
6591	2.0000	0.0152
2000	0.0000	0.0000
6631	0.0000	0.0000
9661	1.0000	0.0357
9691	4.0000	0.0181
3400	0.0000	0.0000
3770	1.0000	0.0060
3780	1.0000	0.0370
9711	0.0000	0.0000
10281	0.0000	0.0000
10301	0.0000	0.0000
10441	1.0000	0.0179
15181	4.0000	0.0222
15201	4.0000	0.0408
6320	1.0000	0.0200
6770	1.0000	0.0135
7070	1.0000	0.0175
16941	1.0000	0.0078
17001	2.0000	0.0513
17171	4.0000	0.0317
6890	3.0000	0.0197
6900	1.0000	0.0065
6920	2.0000	0.0075
17191	3.0000	0.0211
17841	0.0000	0.0000
18731	2.0000	0.0152
19561	0.0000	0.0000
19751	0.0000	0.0000
551	0.0000	0.0000
3041	2.0000	0.0238
680	3.0000	0.0811
3761	2.0000	0.0714
1360	0.0000	0.0000
1880	0.0000	0.0000
4441	2.0000	0.1111
1220	1.0000	0.0833
4641	2.0000	0.0211
4920	0.0000	0.0000
4651	1.0000	0.0196
3740	0.0000	0.0000
4801	0.0000	0.0000
5181	3.0000	0.0385
7101	2.0000	0.0351
7141	0.0000	0.0000
2240	0.0000	0.0000
12531	0.0000	0.0000
12601	1.0000	0.0141
18841	1.0000	0.0101
6781	6.0000	0.0385
10031	1.0000	0.1250
10061	1.0000	0.0625
10381	1.0000	0.0109
12161	4.0000	0.0245
12171	0.0000	0.0000
5260	2.0000	0.0833
12221	0.0000	0.0000
12231	0.0000	0.0000
4940	1.0000	0.0141
12261	0.0000	0.0000
4600	1.0000	0.0175
4760	0.0000	0.0000
5090	0.0000	0.0000
5240	1.0000	0.0089
5250	0.0000	0.0000
5270	2.0000	0.0198
5470	2.0000	0.0082
12271	0.0000	0.0000
12351	0.0000	0.0000
12411	0.0000	0.0000
12461	1.0000	0.0074
12581	0.0000	0.0000
12691	0.0000	0.0000
5010	0.0000	0.0000
5280	0.0000	0.0000
5480	1.0000	0.0263
5810	1.0000	0.0145
12711	0.0000	0.0000
12751	0.0000	0.0000
12891	0.0000	0.0000
5120	0.0000	0.0000
5130	0.0000	0.0000
13201	0.0000	0.0000
13321	1.0000	0.0152
13591	2.0000	0.0312
17501	2.0000	0.0102
3371	2.0000	0.0167
3411	0.0000	0.0000
1990	2.0000	0.0253
3451	0.0000	0.0000
1460	2.0000	0.0444
9641	0.0000	0.0000
15131	0.0000	0.0000
15151	1.0000	0.0159
15161	0.0000	0.0000
6270	0.0000	0.0000
15191	0.0000	0.0000
6300	1.0000	0.0108
19481	0.0000	0.0000
19731	0.0000	0.0000
21851	0.0000	0.0000
7900	1.0000	0.0152
541	0.0000	0.0000
751	0.0000	0.0000
6681	0.0000	0.0000
6721	1.0000	0.0093
6751	0.0000	0.0000
6771	0.0000	0.0000
12071	1.0000	0.0070
12181	0.0000	0.0000
12701	0.0000	0.0000
17481	1.0000	0.0111
3311	6.0000	0.0288
3321	3.0000	0.0345
3991	1.0000	0.0256
4211	2.0000	0.0196
4411	1.0000	0.0233
4471	4.0000	0.0280
4661	1.0000	0.0164
4831	3.0000	0.0326
4861	4.0000	0.0292
4871	1.0000	0.0116
4901	1.0000	0.0175
4911	0.0000	0.0000
5681	0.0000	0.0000
5721	4.0000	0.0222
1610	7.0000	0.0262
5861	0.0000	0.0000
9551	2.0000	0.0227
10311	1.0000	0.0164
10361	0.0000	0.0000
15091	1.0000	0.0060
19431	0.0000	0.0000
19451	0.0000	0.0000
19491	1.0000	0.0154
19501	1.0000	0.0256
19521	0.0000	0.0000
19531	0.0000	0.0000
19541	0.0000	0.0000
7400	0.0000	0.0000
19551	1.0000	0.0149
19581	1.0000	0.0345
7520	0.0000	0.0000
7530	1.0000	0.0250
20001	1.0000	0.0263
20511	0.0000	0.0000
7690	1.0000	0.0526
20691	0.0000	0.0000
531	0.0000	0.0000
761	0.0000	0.0000
6441	2.0000	0.0317
8571	0.0000	0.0000
8641	0.0000	0.0000
8751	0.0000	0.0000
8871	0.0000	0.0000
9491	1.0000	0.0167
9921	0.0000	0.0000
10161	0.0000	0.0000
10191	0.0000	0.0000
10201	0.0000	0.0000
10211	0.0000	0.0000
10221	0.0000	0.0000
10241	0.0000	0.0000
10771	0.0000	0.0000
10801	0.0000	0.0000
10871	0.0000	0.0000
11121	0.0000	0.0000
11161	1.0000	0.0164
11771	0.0000	0.0000
21841	0.0000	0.0000
22041	2.0000	0.0339
22151	1.0000	0.0256
12061	0.0000	0.0000
12091	0.0000	0.0000
12101	0.0000	0.0000
12111	2.0000	0.0400
12401	1.0000	0.0097
13011	2.0000	0.0444
14301	1.0000	0.0244
14671	1.0000	0.0312
14711	1.0000	0.0115
17471	0.0000	0.0000
3231	0.0000	0.0000
9531	2.0000	0.0211
9761	0.0000	0.0000
15021	0.0000	0.0000
15031	1.0000	0.0200
15051	0.0000	0.0000
6220	0.0000	0.0000
6230	0.0000	0.0000
6240	0.0000	0.0000
6430	0.0000	0.0000
15341	1.0000	0.0303
6450	0.0000	0.0000
15381	0.0000	0.0000
15471	0.0000	0.0000
15481	0.0000	0.0000
6370	2.0000	0.0127
6390	5.0000	0.0127
16461	0.0000	0.0000
19411	3.0000	0.0148
19881	2.0000	0.0220
7480	3.0000	0.0142
19901	2.0000	0.0088
19931	0.0000	0.0000
20381	1.0000	0.0185
521	2.0000	0.0189
591	1.0000	0.0063
901	0.0000	0.0000
1571	1.0000	0.0149
2341	0.0000	0.0000
4331	1.0000	0.0056
6331	1.0000	0.0192
6341	0.0000	0.0000
6481	0.0000	0.0000
6661	0.0000	0.0000
12041	3.0000	0.0244
12081	0.0000	0.0000
12121	0.0000	0.0000
12191	1.0000	0.0189
17361	0.0000	0.0000
17421	0.0000	0.0000
17441	0.0000	0.0000
3221	3.0000	0.0191
3421	3.0000	0.0242
1450	5.0000	0.0556
3441	2.0000	0.0194
1240	3.0000	0.0231
4011	0.0000	0.0000
1280	2.0000	0.0154
4141	6.0000	0.0395
1200	4.0000	0.0303
1250	1.0000	0.0154
4381	2.0000	0.0303
4541	3.0000	0.0188
1260	2.0000	0.0267
4611	2.0000	0.0063
1270	2.0000	0.0187
1300	3.0000	0.0126
1700	1.0000	0.0233
4631	2.0000	0.0364
5171	6.0000	0.0550
5231	1.0000	0.0031
1490	1.0000	0.0096
1500	2.0000	0.0087
1580	1.0000	0.0139
1680	2.0000	0.0488
1860	2.0000	0.0200
5491	15.0000	0.0367
1570	1.0000	0.0080
1780	3.0000	0.0556
5551	4.0000	0.0325
1710	2.0000	0.0172
5561	5.0000	0.0505
1770	0.0000	0.0000
6141	6.0000	0.0472
6511	0.0000	0.0000
7061	0.0000	0.0000
8331	4.0000	0.0214
12971	5.0000	0.0299
9501	2.0000	0.0247
9721	0.0000	0.0000
3530	1.0000	0.0370
3580	0.0000	0.0000
14991	0.0000	0.0000
15141	0.0000	0.0000
15281	0.0000	0.0000
15711	0.0000	0.0000
15861	0.0000	0.0000
16301	0.0000	0.0000
6750	0.0000	0.0000
19371	0.0000	0.0000
19391	2.0000	0.0256
511	1.0000	0.0137
571	1.0000	0.0182
2421	0.0000	0.0000
6261	0.0000	0.0000
12031	0.0000	0.0000
13001	2.0000	0.0741
18151	2.0000	0.0465
18241	1.0000	0.0100
19321	1.0000	0.0035
19381	0.0000	0.0000
7410	0.0000	0.0000
17351	2.0000	0.0294
17811	1.0000	0.0556
20771	5.0000	0.0238
3191	0.0000	0.0000
9401	0.0000	0.0000
9631	0.0000	0.0000
9771	2.0000	0.0164
9791	0.0000	0.0000
3900	0.0000	0.0000
14941	2.0000	0.0097
15061	12.0000	0.0321
15071	16.0000	0.0244
15081	8.0000	0.0244
19361	1.0000	0.0167
461	0.0000	0.0000
491	0.0000	0.0000
781	0.0000	0.0000
6211	1.0000	0.0078
6601	0.0000	0.0000
6641	0.0000	0.0000
7001	0.0000	0.0000
2060	1.0000	0.0096
2260	0.0000	0.0000
7421	0.0000	0.0000
2280	1.0000	0.0062
7741	0.0000	0.0000
8841	0.0000	0.0000
13491	0.0000	0.0000
13691	0.0000	0.0000
14001	1.0000	0.0087
16701	0.0000	0.0000
7150	0.0000	0.0000
17121	1.0000	0.0079
7340	0.0000	0.0000
17681	0.0000	0.0000
19231	0.0000	0.0000
19301	0.0000	0.0000
12011	3.0000	0.0182
12051	0.0000	0.0000
13351	1.0000	0.0159
17341	2.0000	0.0148
2921	0.0000	0.0000
3271	1.0000	0.0263
9351	2.0000	0.0312
9361	3.0000	0.0270
9391	1.0000	0.0185
9441	0.0000	0.0000
9451	1.0000	0.0179
14881	0.0000	0.0000
14891	0.0000	0.0000
14901	0.0000	0.0000
6160	0.0000	0.0000
15241	2.0000	0.0169
19211	4.0000	0.0066
19291	24.0000	0.0192
7350	10.0000	0.0167
421	0.0000	0.0000
791	0.0000	0.0000
2781	1.0000	0.0222
690	0.0000	0.0000
720	2.0000	0.0118
850	4.0000	0.0183
920	0.0000	0.0000
930	4.0000	0.0167
3101	3.0000	0.0319
3151	0.0000	0.0000
8291	0.0000	0.0000
8391	3.0000	0.0256
3670	0.0000	0.0000
6051	3.0000	0.0252
6111	1.0000	0.0054
6491	0.0000	0.0000
11981	1.0000	0.0227
12001	0.0000	0.0000
12281	0.0000	0.0000
12881	1.0000	0.0182
12911	0.0000	0.0000
13101	3.0000	0.0349
13211	0.0000	0.0000
17321	0.0000	0.0000
2631	2.0000	0.0106
11941	1.0000	0.0048
11951	0.0000	0.0000
9281	0.0000	0.0000
9381	0.0000	0.0000
9731	2.0000	0.0101
9821	0.0000	0.0000
14851	0.0000	0.0000
15121	1.0000	0.0164
6280	1.0000	0.0278
6290	0.0000	0.0000
15171	0.0000	0.0000
19201	3.0000	0.0242
19221	2.0000	0.0183
7360	3.0000	0.0109
7380	3.0000	0.0117
7390	2.0000	0.0110
7420	2.0000	0.0204
7450	0.0000	0.0000
19311	0.0000	0.0000
19331	1.0000	0.0400
19341	0.0000	0.0000
19351	2.0000	0.0267
19421	0.0000	0.0000
19471	2.0000	0.0143
19861	1.0000	0.0042
7460	2.0000	0.0267
381	1.0000	0.0263
831	0.0000	0.0000
1001	0.0000	0.0000
3571	0.0000	0.0000
3621	0.0000	0.0000
7251	0.0000	0.0000
5961	0.0000	0.0000
5981	3.0000	0.0286
1890	1.0000	0.0101
6061	3.0000	0.0178
6101	5.0000	0.0144
6311	5.0000	0.0155
6321	8.0000	0.0281
7071	2.0000	0.0220
7191	1.0000	0.0085
7221	1.0000	0.0075
7411	2.0000	0.0153
8271	3.0000	0.0092
11971	0.0000	0.0000
17291	3.0000	0.0128
17311	0.0000	0.0000
17331	0.0000	0.0000
17431	0.0000	0.0000
17451	0.0000	0.0000
17531	0.0000	0.0000
17551	1.0000	0.0204
17571	2.0000	0.0274
17641	1.0000	0.0200
17781	0.0000	0.0000
17791	0.0000	0.0000
7060	0.0000	0.0000
17951	0.0000	0.0000
18311	0.0000	0.0000
2381	6.0000	0.0186
4171	2.0000	0.0476
1330	0.0000	0.0000
1440	1.0000	0.1000
1510	0.0000	0.0000
1650	0.0000	0.0000
1900	0.0000	0.0000
4261	1.0000	0.0357
1320	1.0000	0.0385
4271	0.0000	0.0000
1150	1.0000	0.0147
1730	0.0000	0.0000
1920	1.0000	0.0303
4080	2.0000	0.0163
4321	1.0000	0.0078
1160	0.0000	0.0000
4681	5.0000	0.0314
1310	3.0000	0.0222
1560	2.0000	0.0312
4701	1.0000	0.0909
4961	1.0000	0.0244
5011	0.0000	0.0000
5521	0.0000	0.0000
5771	0.0000	0.0000
5791	0.0000	0.0000
5901	0.0000	0.0000
6011	2.0000	0.0183
6191	1.0000	0.0455
6371	0.0000	0.0000
7791	0.0000	0.0000
2480	0.0000	0.0000
8021	0.0000	0.0000
8521	0.0000	0.0000
8611	1.0000	0.0200
9251	3.0000	0.0248
9271	1.0000	0.0094
14741	4.0000	0.0142
14801	0.0000	0.0000
14841	2.0000	0.0128
15321	2.0000	0.0455
15601	0.0000	0.0000
16841	2.0000	0.0714
19171	1.0000	0.0175
291	1.0000	0.0087
341	1.0000	0.0081
30	0.0000	0.0000
40	1.0000	0.0085
431	1.0000	0.0256
441	1.0000	0.0072
801	0.0000	0.0000
1051	2.0000	0.0385
3691	0.0000	0.0000
7381	1.0000	0.0103
5951	1.0000	0.0323
6151	2.0000	0.0172
11911	2.0000	0.0153
17231	1.0000	0.0270
17261	0.0000	0.0000
17271	0.0000	0.0000
17301	0.0000	0.0000
17461	0.0000	0.0000
17491	0.0000	0.0000
17591	0.0000	0.0000
2171	3.0000	0.0638
2691	4.0000	0.0165
800	1.0000	0.0053
2711	1.0000	0.0143
2771	7.0000	0.0222
9211	5.0000	0.0144
9481	2.0000	0.0213
9541	0.0000	0.0000
9681	0.0000	0.0000
4250	1.0000	0.0127
9701	2.0000	0.0157
3450	0.0000	0.0000
9881	0.0000	0.0000
9901	0.0000	0.0000
10981	5.0000	0.0210
4750	0.0000	0.0000
11171	0.0000	0.0000
11231	3.0000	0.0309
11281	1.0000	0.0076
12641	2.0000	0.0075
14681	1.0000	0.0233
19081	0.0000	0.0000
20141	0.0000	0.0000
20201	2.0000	0.0068
20351	0.0000	0.0000
7610	0.0000	0.0000
7620	2.0000	0.1111
7680	0.0000	0.0000
20521	0.0000	0.0000
281	0.0000	0.0000
941	2.0000	0.0213
971	3.0000	0.0390
2141	0.0000	0.0000
4851	0.0000	0.0000
8111	0.0000	0.0000
8131	1.0000	0.0130
5931	7.0000	0.0206
6121	0.0000	0.0000
1940	0.0000	0.0000
7031	2.0000	0.0109
8261	0.0000	0.0000
2630	0.0000	0.0000
2650	0.0000	0.0000
8401	0.0000	0.0000
11901	0.0000	0.0000
14021	1.0000	0.0072
14421	0.0000	0.0000
17211	2.0000	0.0192
17241	2.0000	0.0526
17251	0.0000	0.0000
7050	0.0000	0.0000
17281	1.0000	0.0141
17411	2.0000	0.0198
17541	1.0000	0.0294
6990	0.0000	0.0000
7000	0.0000	0.0000
17601	1.0000	0.0054
17861	3.0000	0.0097
17911	5.0000	0.0208
18021	1.0000	0.0068
18041	3.0000	0.0196
18081	4.0000	0.0455
18281	0.0000	0.0000
7190	1.0000	0.0500
18291	0.0000	0.0000
2051	0.0000	0.0000
2281	3.0000	0.0333
1810	3.0000	0.0118
2180	1.0000	0.0110
2961	1.0000	0.0196
1820	0.0000	0.0000
3211	2.0000	0.0606
3301	2.0000	0.0168
1830	7.0000	0.0560
3741	2.0000	0.0140
1760	3.0000	0.0638
1790	4.0000	0.0421
4041	1.0000	0.0312
4051	0.0000	0.0000
1800	0.0000	0.0000
4091	0.0000	0.0000
4391	2.0000	0.0526
4421	1.0000	0.0185
4981	5.0000	0.0265
5071	2.0000	0.0159
1840	1.0000	0.0167
5851	0.0000	0.0000
1960	0.0000	0.0000
6201	0.0000	0.0000
1850	0.0000	0.0000
1930	0.0000	0.0000
1950	0.0000	0.0000
6381	0.0000	0.0000
2150	1.0000	0.0357
9081	1.0000	0.0066
9291	0.0000	0.0000
3120	0.0000	0.0000
3170	0.0000	0.0000
3180	1.0000	0.0455
3190	0.0000	0.0000
3210	0.0000	0.0000
9331	2.0000	0.0513
3290	0.0000	0.0000
3350	0.0000	0.0000
3440	0.0000	0.0000
9371	2.0000	0.0235
3700	2.0000	0.0206
9561	2.0000	0.0163
9611	2.0000	0.0177
9671	0.0000	0.0000
3260	0.0000	0.0000
3360	0.0000	0.0000
9741	0.0000	0.0000
3370	1.0000	0.0122
3390	0.0000	0.0000
3410	0.0000	0.0000
3420	1.0000	0.0370
3430	0.0000	0.0000
3470	0.0000	0.0000
9841	0.0000	0.0000
3520	0.0000	0.0000
3620	5.0000	0.0172
9911	3.0000	0.0240
3600	0.0000	0.0000
3610	0.0000	0.0000
9981	1.0000	0.0417
3730	1.0000	0.0056
3750	1.0000	0.0192
9991	0.0000	0.0000
10171	0.0000	0.0000
10431	0.0000	0.0000
3810	7.0000	0.0192
3830	1.0000	0.0145
10591	1.0000	0.0286
10611	0.0000	0.0000
14651	0.0000	0.0000
14661	0.0000	0.0000
14701	2.0000	0.0317
14811	0.0000	0.0000
14821	0.0000	0.0000
14831	0.0000	0.0000
19071	1.0000	0.0115
19121	0.0000	0.0000
19701	0.0000	0.0000
19771	0.0000	0.0000
20731	3.0000	0.0210
21101	0.0000	0.0000
7870	1.0000	0.0167
271	1.0000	0.0217
361	0.0000	0.0000
401	0.0000	0.0000
821	0.0000	0.0000
1251	0.0000	0.0000
830	0.0000	0.0000
1590	0.0000	0.0000
3501	0.0000	0.0000
870	0.0000	0.0000
5641	0.0000	0.0000
9871	0.0000	0.0000
5970	0.0000	0.0000
11211	0.0000	0.0000
12991	0.0000	0.0000
13411	0.0000	0.0000
13761	0.0000	0.0000
13781	0.0000	0.0000
14481	0.0000	0.0000
5921	5.0000	0.0117
6131	5.0000	0.0439
11881	6.0000	0.0189
11891	0.0000	0.0000
12651	3.0000	0.0097
5070	0.0000	0.0000
5410	1.0000	0.0087
5540	0.0000	0.0000
12831	3.0000	0.0182
5200	2.0000	0.0133
5220	6.0000	0.0355
13171	3.0000	0.0517
5210	3.0000	0.1071
5230	0.0000	0.0000
5910	0.0000	0.0000
5920	1.0000	0.0060
17161	0.0000	0.0000
2041	0.0000	0.0000
2431	0.0000	0.0000
2761	1.0000	0.0182
2821	0.0000	0.0000
3121	0.0000	0.0000
3521	0.0000	0.0000
3591	2.0000	0.0500
3651	0.0000	0.0000
3661	0.0000	0.0000
3751	0.0000	0.0000
3771	0.0000	0.0000
960	0.0000	0.0000
2080	0.0000	0.0000
3821	1.0000	0.0067
4121	0.0000	0.0000
4501	0.0000	0.0000
5631	0.0000	0.0000
6361	0.0000	0.0000
6611	1.0000	0.0116
9061	1.0000	0.0073
9101	0.0000	0.0000
2940	1.0000	0.0370
2960	0.0000	0.0000
14631	1.0000	0.0143
16741	0.0000	0.0000
18981	0.0000	0.0000
19871	0.0000	0.0000
7500	2.0000	0.0100
7540	0.0000	0.0000
7550	0.0000	0.0000
20031	2.0000	0.0089
7570	0.0000	0.0000
20421	2.0000	0.0526
241	0.0000	0.0000
411	2.0000	0.0127
60	0.0000	0.0000
70	0.0000	0.0000
80	0.0000	0.0000
861	0.0000	0.0000
6620	0.0000	0.0000
15851	1.0000	0.0217
5781	0.0000	0.0000
9651	0.0000	0.0000
13031	0.0000	0.0000
15571	0.0000	0.0000
16911	0.0000	0.0000
18141	0.0000	0.0000
19031	0.0000	0.0000
20711	0.0000	0.0000
11851	0.0000	0.0000
17111	1.0000	0.0147
17141	0.0000	0.0000
17631	0.0000	0.0000
17851	1.0000	0.0227
2021	0.0000	0.0000
9021	1.0000	0.0051
9041	1.0000	0.0196
3220	0.0000	0.0000
3380	0.0000	0.0000
9621	1.0000	0.0189
13661	2.0000	0.0084
14501	0.0000	0.0000
18961	0.0000	0.0000
19141	2.0000	0.0119
231	0.0000	0.0000
501	0.0000	0.0000
771	0.0000	0.0000
5751	0.0000	0.0000
11801	1.0000	0.0114
11811	0.0000	0.0000
4230	0.0000	0.0000
11821	2.0000	0.0155
4710	0.0000	0.0000
12211	1.0000	0.0123
5180	0.0000	0.0000
5610	2.0000	0.0317
12661	3.0000	0.0204
17031	0.0000	0.0000
17061	1.0000	0.0116
6870	0.0000	0.0000
2011	0.0000	0.0000
8981	0.0000	0.0000
9141	0.0000	0.0000
9431	0.0000	0.0000
14491	1.0000	0.0167
14611	0.0000	0.0000
14691	4.0000	0.0200
6050	2.0000	0.0215
6130	1.0000	0.0238
6150	2.0000	0.0364
14981	2.0000	0.0185
6190	7.0000	0.0345
15011	2.0000	0.0290
6610	1.0000	0.0179
15361	0.0000	0.0000
18941	2.0000	0.0741
221	1.0000	0.0147
331	1.0000	0.0208
471	1.0000	0.0455
1801	1.0000	0.0278
2101	2.0000	0.0208
740	0.0000	0.0000
3681	0.0000	0.0000
5741	0.0000	0.0000
5911	1.0000	0.0088
6251	1.0000	0.0312
6281	0.0000	0.0000
6411	2.0000	0.0435
6561	4.0000	0.0270
11091	5.0000	0.0163
12291	4.0000	0.0170
4890	1.0000	0.0172
11791	0.0000	0.0000
11841	1.0000	0.0169
4340	5.0000	0.0262
11921	1.0000	0.0094
4330	0.0000	0.0000
4410	0.0000	0.0000
4450	8.0000	0.0199
4470	2.0000	0.0161
12131	0.0000	0.0000
12151	3.0000	0.0103
4590	0.0000	0.0000
12421	1.0000	0.0051
4740	0.0000	0.0000
4960	1.0000	0.0053
12781	4.0000	0.0162
5040	2.0000	0.0196
17011	0.0000	0.0000
17081	0.0000	0.0000
1981	8.0000	0.0190
8931	1.0000	0.0145
8941	0.0000	0.0000
8971	0.0000	0.0000
9051	0.0000	0.0000
3080	2.0000	0.0714
9301	0.0000	0.0000
9311	2.0000	0.0238
3110	0.0000	0.0000
3130	1.0000	0.0476
14461	2.0000	0.0270
14471	2.0000	0.0091
14551	2.0000	0.0233
14781	1.0000	0.0074
15621	0.0000	0.0000
6590	0.0000	0.0000
15671	0.0000	0.0000
15941	1.0000	0.0345
16381	1.0000	0.0222
16411	1.0000	0.0112
18931	2.0000	0.0040
19051	0.0000	0.0000
21111	0.0000	0.0000
21321	0.0000	0.0000
191	1.0000	0.0097
391	0.0000	0.0000
50	0.0000	0.0000
481	0.0000	0.0000
621	2.0000	0.0217
330	0.0000	0.0000
631	1.0000	0.0088
360	0.0000	0.0000
671	1.0000	0.0172
921	0.0000	0.0000
961	3.0000	0.0411
340	1.0000	0.0270
5671	0.0000	0.0000
11761	0.0000	0.0000
16881	0.0000	0.0000
1871	0.0000	0.0000
2061	0.0000	0.0000
750	2.0000	0.1000
2860	0.0000	0.0000
2111	0.0000	0.0000
760	0.0000	0.0000
2581	0.0000	0.0000
2681	0.0000	0.0000
770	1.0000	0.0625
2721	1.0000	0.0145
2751	0.0000	0.0000
780	0.0000	0.0000
2811	0.0000	0.0000
2831	2.0000	0.0147
1230	0.0000	0.0000
2851	0.0000	0.0000
2861	0.0000	0.0000
3111	0.0000	0.0000
3171	0.0000	0.0000
3541	1.0000	0.0133
3631	1.0000	0.0185
3731	0.0000	0.0000
3871	0.0000	0.0000
3901	0.0000	0.0000
1010	2.0000	0.0833
1090	0.0000	0.0000
1100	0.0000	0.0000
1130	0.0000	0.0000
1170	0.0000	0.0000
1690	0.0000	0.0000
4021	0.0000	0.0000
4201	0.0000	0.0000
4241	0.0000	0.0000
1140	1.0000	0.0135
4371	0.0000	0.0000
1180	0.0000	0.0000
4401	0.0000	0.0000
4671	2.0000	0.0116
4691	0.0000	0.0000
4721	2.0000	0.0270
4741	0.0000	0.0000
2850	0.0000	0.0000
2890	0.0000	0.0000
4821	0.0000	0.0000
4881	0.0000	0.0000
1470	0.0000	0.0000
5021	0.0000	0.0000
1410	0.0000	0.0000
5101	1.0000	0.0200
5221	0.0000	0.0000
5281	4.0000	0.0231
5591	0.0000	0.0000
5801	0.0000	0.0000
5821	0.0000	0.0000
5881	0.0000	0.0000
1910	0.0000	0.0000
5891	0.0000	0.0000
5941	1.0000	0.0172
6181	0.0000	0.0000
6231	0.0000	0.0000
6531	0.0000	0.0000
8861	1.0000	0.0102
9001	0.0000	0.0000
9091	2.0000	0.0107
9121	1.0000	0.0069
10451	3.0000	0.0158
10491	2.0000	0.0072
14401	1.0000	0.0270
15231	0.0000	0.0000
6480	0.0000	0.0000
18911	1.0000	0.0056
19061	1.0000	0.0182
19131	1.0000	0.0238
181	2.0000	0.0095
251	0.0000	0.0000
311	0.0000	0.0000
371	0.0000	0.0000
240	0.0000	0.0000
991	0.0000	0.0000
250	0.0000	0.0000
1021	0.0000	0.0000
260	3.0000	0.0211
1331	0.0000	0.0000
270	0.0000	0.0000
1611	0.0000	0.0000
5621	0.0000	0.0000
6811	1.0000	0.0128
2160	1.0000	0.0182
2170	2.0000	0.0225
2360	0.0000	0.0000
6911	1.0000	0.0500
6941	1.0000	0.0156
6951	0.0000	0.0000
6961	0.0000	0.0000
6971	1.0000	0.0208
6981	0.0000	0.0000
2220	0.0000	0.0000
7751	0.0000	0.0000
7871	0.0000	0.0000
11421	7.0000	0.0376
11431	1.0000	0.0217
4160	1.0000	0.0833
11441	0.0000	0.0000
4180	0.0000	0.0000
4240	0.0000	0.0000
4440	0.0000	0.0000
4460	0.0000	0.0000
4480	0.0000	0.0000
4510	0.0000	0.0000
4690	3.0000	0.0224
11451	2.0000	0.0222
11461	0.0000	0.0000
4210	0.0000	0.0000
4520	0.0000	0.0000
5500	0.0000	0.0000
11471	5.0000	0.0246
11481	0.0000	0.0000
4220	0.0000	0.0000
4550	0.0000	0.0000
5510	0.0000	0.0000
11491	4.0000	0.0223
11511	1.0000	0.0102
4370	0.0000	0.0000
4570	0.0000	0.0000
11531	1.0000	0.0133
4380	0.0000	0.0000
4610	0.0000	0.0000
11541	1.0000	0.0137
4620	0.0000	0.0000
11551	1.0000	0.0111
4400	0.0000	0.0000
4630	0.0000	0.0000
11561	1.0000	0.0103
4390	0.0000	0.0000
4640	0.0000	0.0000
11571	1.0000	0.0526
12251	3.0000	0.0291
4680	2.0000	0.0127
4910	3.0000	0.0323
4970	6.0000	0.0270
5100	3.0000	0.0143
5110	2.0000	0.0211
5600	5.0000	0.0485
16671	1.0000	0.0270
16711	1.0000	0.0208
16981	3.0000	0.0288
6910	0.0000	0.0000
6970	0.0000	0.0000
17221	2.0000	0.1250
17401	0.0000	0.0000
1841	1.0000	0.0133
1971	0.0000	0.0000
2001	4.0000	0.0367
2131	0.0000	0.0000
2191	1.0000	0.0222
2641	0.0000	0.0000
3811	1.0000	0.0213
3921	0.0000	0.0000
4151	2.0000	0.0345
7361	1.0000	0.0192
15731	0.0000	0.0000
15891	1.0000	0.0179
15901	0.0000	0.0000
8851	3.0000	0.0492
9171	0.0000	0.0000
4070	0.0000	0.0000
9231	2.0000	0.0154
14381	1.0000	0.0085
14531	0.0000	0.0000
14571	2.0000	0.0250
15101	0.0000	0.0000
18821	0.0000	0.0000
19281	1.0000	0.0182
161	0.0000	0.0000
5571	1.0000	0.0128
11411	1.0000	0.0069
11731	4.0000	0.0305
4320	0.0000	0.0000
16641	4.0000	0.0174
16781	0.0000	0.0000
16901	1.0000	0.0208
17761	2.0000	0.0134
7140	1.0000	0.0161
1771	2.0000	0.0588
1831	6.0000	0.0476
510	2.0000	0.0253
640	1.0000	0.0092
8731	1.0000	0.0172
8781	0.0000	0.0000
8791	3.0000	0.0361
14371	2.0000	0.0117
18801	1.0000	0.0036
19161	0.0000	0.0000
19241	1.0000	0.0244
19271	2.0000	0.0263
20791	1.0000	0.0049
151	0.0000	0.0000
871	0.0000	0.0000
881	0.0000	0.0000
3711	0.0000	0.0000
5531	0.0000	0.0000
11331	1.0000	0.0111
11351	1.0000	0.0110
4350	1.0000	0.0037
4360	0.0000	0.0000
4780	1.0000	0.0086
4820	10.0000	0.0181
4830	3.0000	0.0067
4850	0.0000	0.0000
11361	4.0000	0.0155
4840	3.0000	0.0275
11401	0.0000	0.0000
11581	2.0000	0.0080
11601	2.0000	0.0148
11631	4.0000	0.0145
11641	3.0000	0.0102
4800	1.0000	0.0161
11671	6.0000	0.0221
11691	1.0000	0.0161
11711	6.0000	0.0508
12481	1.0000	0.0086
12521	0.0000	0.0000
13231	1.0000	0.0049
13531	0.0000	0.0000
5450	1.0000	0.0385
13541	3.0000	0.0060
5460	0.0000	0.0000
13561	0.0000	0.0000
5530	1.0000	0.0147
5550	0.0000	0.0000
5640	0.0000	0.0000
5850	1.0000	0.0130
16631	0.0000	0.0000
1751	0.0000	0.0000
4931	2.0000	0.0377
8651	0.0000	0.0000
10141	0.0000	0.0000
14361	1.0000	0.0213
15391	2.0000	0.0149
18791	0.0000	0.0000
141	4.0000	0.0288
451	0.0000	0.0000
130	2.0000	0.0102
180	1.0000	0.0057
1221	2.0000	0.0064
5481	0.0000	0.0000
5511	0.0000	0.0000
5871	0.0000	0.0000
6041	0.0000	0.0000
6301	0.0000	0.0000
6521	0.0000	0.0000
11271	0.0000	0.0000
16601	6.0000	0.0377
16961	1.0000	0.0217
16971	2.0000	0.0317
16991	1.0000	0.0208
17041	1.0000	0.0149
6850	0.0000	0.0000
17101	3.0000	0.0184
17561	1.0000	0.0714
1731	1.0000	0.0161
8561	1.0000	0.0357
8901	1.0000	0.0088
8991	0.0000	0.0000
14351	2.0000	0.0074
14431	0.0000	0.0000
14721	0.0000	0.0000
6640	3.0000	0.0306
6660	0.0000	0.0000
14861	3.0000	0.0536
6650	7.0000	0.0229
14871	1.0000	0.0263
14921	1.0000	0.0062
6170	0.0000	0.0000
15551	6.0000	0.0448
6500	1.0000	0.0055
6570	7.0000	0.0155
6600	2.0000	0.0222
15811	3.0000	0.0240
18671	1.0000	0.0104
18681	0.0000	0.0000
18691	0.0000	0.0000
18921	0.0000	0.0000
131	0.0000	0.0000
2071	0.0000	0.0000
2881	0.0000	0.0000
3791	3.0000	0.0370
4521	0.0000	0.0000
1210	0.0000	0.0000
5471	2.0000	0.0235
5661	0.0000	0.0000
1600	0.0000	0.0000
5701	0.0000	0.0000
5761	0.0000	0.0000
11221	13.0000	0.0349
11301	1.0000	0.0102
11381	4.0000	0.0202
4120	0.0000	0.0000
4150	2.0000	0.0328
16571	0.0000	0.0000
16751	0.0000	0.0000
1691	0.0000	0.0000
1861	0.0000	0.0000
610	2.0000	0.0256
6260	1.0000	0.0323
6630	3.0000	0.0263
1911	0.0000	0.0000
1961	2.0000	0.0189
600	2.0000	0.0328
2601	2.0000	0.0152
8091	3.0000	0.0361
2620	1.0000	0.0079
2760	6.0000	0.0333
5560	0.0000	0.0000
8681	0.0000	0.0000
8411	3.0000	0.0612
8451	1.0000	0.0333
8551	1.0000	0.0909
8581	1.0000	0.0714
9461	2.0000	0.0435
14271	0.0000	0.0000
14791	1.0000	0.0147
6110	1.0000	0.0074
6120	3.0000	0.0162
6140	2.0000	0.0385
14971	2.0000	0.0127
18661	2.0000	0.0131
18701	2.0000	0.0260
18721	0.0000	0.0000
18861	0.0000	0.0000
18881	0.0000	0.0000
18891	2.0000	0.0513
18951	3.0000	0.0448
121	3.0000	0.0345
171	1.0000	0.0132
10	3.0000	0.1071
150	3.0000	0.0211
170	2.0000	0.0455
670	1.0000	0.0250
2250	3.0000	0.0183
2300	0.0000	0.0000
201	9.0000	0.0570
20	25.0000	0.0145
220	0.0000	0.0000
430	0.0000	0.0000
480	0.0000	0.0000
650	0.0000	0.0000
2330	6.0000	0.0306
211	4.0000	0.0388
261	2.0000	0.0286
321	0.0000	0.0000
351	0.0000	0.0000
90	1.0000	0.0714
1321	1.0000	0.0323
2801	1.0000	0.0455
1750	0.0000	0.0000
2230	1.0000	0.0130
2320	1.0000	0.0161
2420	1.0000	0.0588
5991	1.0000	0.0064
7081	1.0000	0.0189
7111	1.0000	0.0050
2140	0.0000	0.0000
7581	2.0000	0.0299
2290	1.0000	0.0222
2350	4.0000	0.0292
7711	4.0000	0.0201
2390	0.0000	0.0000
8921	2.0000	0.0213
2910	1.0000	0.0179
9031	0.0000	0.0000
5451	0.0000	0.0000
5611	0.0000	0.0000
5651	1.0000	0.0417
1870	0.0000	0.0000
5831	0.0000	0.0000
5841	0.0000	0.0000
6161	1.0000	0.0417
6171	3.0000	0.0155
6571	0.0000	0.0000
11191	2.0000	0.0345
11201	0.0000	0.0000
4100	1.0000	0.0227
4140	0.0000	0.0000
4490	0.0000	0.0000
11371	0.0000	0.0000
4130	0.0000	0.0000
4300	0.0000	0.0000
11591	0.0000	0.0000
5030	2.0000	0.0198
5290	0.0000	0.0000
11611	1.0000	0.0263
6090	0.0000	0.0000
11621	0.0000	0.0000
4420	2.0000	0.0690
11721	0.0000	0.0000
5300	0.0000	0.0000
5330	3.0000	0.0612
5520	1.0000	0.0103
5880	0.0000	0.0000
11741	0.0000	0.0000
4500	1.0000	0.1111
11931	1.0000	0.0135
4280	0.0000	0.0000
12371	5.0000	0.0327
4870	4.0000	0.0336
4880	1.0000	0.0091
4900	5.0000	0.0431
5000	1.0000	0.0185
5830	1.0000	0.0147
6010	3.0000	0.0184
12561	2.0000	0.0091
13081	1.0000	0.0323
13281	6.0000	0.0246
13341	1.0000	0.0093
5580	2.0000	0.0183
13511	1.0000	0.0526
13671	1.0000	0.0182
13791	0.0000	0.0000
5690	0.0000	0.0000
14281	1.0000	0.0149
5900	0.0000	0.0000
5990	0.0000	0.0000
14291	0.0000	0.0000
6100	0.0000	0.0000
14541	2.0000	0.0260
14561	1.0000	0.0094
6000	0.0000	0.0000
14601	1.0000	0.0323
14641	0.0000	0.0000
14761	3.0000	0.0326
14771	0.0000	0.0000
16561	1.0000	0.0122
16721	0.0000	0.0000
16761	0.0000	0.0000
16771	0.0000	0.0000
16791	3.0000	0.0789
16821	0.0000	0.0000
16951	0.0000	0.0000
6940	0.0000	0.0000
17511	0.0000	0.0000
17521	2.0000	0.0339
1671	0.0000	0.0000
2201	0.0000	0.0000
2271	0.0000	0.0000
2441	0.0000	0.0000
2471	0.0000	0.0000
2561	0.0000	0.0000
2621	0.0000	0.0000
660	0.0000	0.0000
1430	0.0000	0.0000
4581	0.0000	0.0000
6081	0.0000	0.0000
2010	0.0000	0.0000
2070	0.0000	0.0000
11061	1.0000	0.0156
11241	0.0000	0.0000
14171	0.0000	0.0000
5840	0.0000	0.0000
14511	0.0000	0.0000
7310	0.0000	0.0000
7320	0.0000	0.0000
8361	0.0000	0.0000
8381	1.0000	0.0118
8831	1.0000	0.0060
14221	1.0000	0.0127
14341	0.0000	0.0000
14581	0.0000	0.0000
18611	1.0000	0.0147
19001	0.0000	0.0000
7300	1.0000	0.0094
111	0.0000	0.0000
5381	7.0000	0.0363
6621	1.0000	0.0143
2030	2.0000	0.0278
11181	4.0000	0.0154
11261	2.0000	0.0183
16551	2.0000	0.0105
21861	1.0000	0.0476
21891	4.0000	0.0162
1531	1.0000	0.0147
1591	5.0000	0.0225
2161	3.0000	0.0148
3281	6.0000	0.0209
3841	0.0000	0.0000
8341	1.0000	0.0070
9341	0.0000	0.0000
9411	1.0000	0.0065
14191	6.0000	0.0302
14211	3.0000	0.0833
5960	1.0000	0.0041
18581	2.0000	0.0408
19251	4.0000	0.0315
20451	1.0000	0.0312
20541	2.0000	0.0308
101	0.0000	0.0000
5371	5.0000	0.0227
11131	1.0000	0.0065
12771	0.0000	0.0000
12901	0.0000	0.0000
16531	1.0000	0.0294
21811	2.0000	0.0400
21821	0.0000	0.0000
21871	0.0000	0.0000
21881	2.0000	0.0303
1521	1.0000	0.0088
1561	2.0000	0.0247
840	2.0000	0.0082
860	7.0000	0.0278
1651	3.0000	0.0065
940	0.0000	0.0000
1721	2.0000	0.0426
1811	6.0000	0.0181
3511	1.0000	0.0061
3561	4.0000	0.0163
3721	2.0000	0.0099
8301	2.0000	0.0091
8351	2.0000	0.0080
8721	2.0000	0.0145
13121	0.0000	0.0000
14121	0.0000	0.0000
18571	0.0000	0.0000
18591	1.0000	0.0161
18601	2.0000	0.0137
18641	3.0000	0.0135
18711	1.0000	0.0417
18751	0.0000	0.0000
18771	0.0000	0.0000
18811	0.0000	0.0000
18851	2.0000	0.0370
18871	2.0000	0.0526
91	3.0000	0.0132
5321	4.0000	0.0238
5391	7.0000	0.0654
11111	7.0000	0.0058
13721	2.0000	0.0312
5590	9.0000	0.0395
13811	3.0000	0.0288
5740	0.0000	0.0000
16481	3.0000	0.0116
17201	0.0000	0.0000
21771	2.0000	0.0220
21781	0.0000	0.0000
21791	2.0000	0.0377
21801	2.0000	0.0408
1491	1.0000	0.0303
2401	0.0000	0.0000
4791	1.0000	0.0270
6741	2.0000	0.0153
2040	2.0000	0.0235
7861	1.0000	0.0435
2460	2.0000	0.0263
8031	2.0000	0.0333
2470	2.0000	0.0235
12301	3.0000	0.0217
4530	1.0000	0.0189
7730	2.0000	0.0500
15841	0.0000	0.0000
8281	12.0000	0.0130
8771	0.0000	0.0000
14031	2.0000	0.0238
14061	0.0000	0.0000
5750	2.0000	0.0556
14151	3.0000	0.0236
14181	1.0000	0.0417
14201	0.0000	0.0000
14251	0.0000	0.0000
5870	1.0000	0.0294
5890	0.0000	0.0000
16661	2.0000	0.0192
18561	1.0000	0.0118
21561	0.0000	0.0000
81	4.0000	0.0153
5261	0.0000	0.0000
6461	0.0000	0.0000
6471	1.0000	0.0769
7121	1.0000	0.1000
2100	0.0000	0.0000
2130	3.0000	0.0526
2190	5.0000	0.0658
2340	1.0000	0.0200
3310	3.0000	0.0349
7161	0.0000	0.0000
10841	0.0000	0.0000
3970	1.0000	0.0152
11071	1.0000	0.0345
11751	0.0000	0.0000
6720	0.0000	0.0000
12341	0.0000	0.0000
12791	1.0000	0.0417
5050	0.0000	0.0000
11101	1.0000	0.0476
11291	4.0000	0.0229
15351	0.0000	0.0000
16471	0.0000	0.0000
16611	0.0000	0.0000
16681	0.0000	0.0000
16801	0.0000	0.0000
16891	0.0000	0.0000
21751	2.0000	0.1053
21921	1.0000	0.0400
22091	1.0000	0.0078
1481	0.0000	0.0000
8181	0.0000	0.0000
8741	2.0000	0.0137
3340	1.0000	0.0200
14011	1.0000	0.0143
14051	1.0000	0.0476
5710	0.0000	0.0000
5760	0.0000	0.0000
5770	0.0000	0.0000
5780	0.0000	0.0000
6460	0.0000	0.0000
14111	0.0000	0.0000
14161	0.0000	0.0000
6470	1.0000	0.0122
6490	0.0000	0.0000
6540	0.0000	0.0000
6930	1.0000	0.0208
15701	0.0000	0.0000
6550	0.0000	0.0000
6560	0.0000	0.0000
15721	1.0000	0.0175
17131	3.0000	0.0484
17371	0.0000	0.0000
18521	0.0000	0.0000
18541	0.0000	0.0000
71	4.0000	0.0157
5211	3.0000	0.0361
5241	1.0000	0.0417
10971	0.0000	0.0000
16291	0.0000	0.0000
16451	1.0000	0.0385
16521	0.0000	0.0000
16581	0.0000	0.0000
16931	1.0000	0.0078
21661	2.0000	0.0082
21701	2.0000	0.0118
1461	1.0000	0.0196
2731	1.0000	0.0455
3091	0.0000	0.0000
3391	0.0000	0.0000
3471	0.0000	0.0000
8121	4.0000	0.0193
8151	4.0000	0.0606
8221	2.0000	0.0161
8231	9.0000	0.0257
8491	7.0000	0.0338
8761	6.0000	0.0244
8821	8.0000	0.0144
13981	0.0000	0.0000
14081	0.0000	0.0000
14231	1.0000	0.0128
14731	0.0000	0.0000
15561	0.0000	0.0000
18511	1.0000	0.0064
18531	0.0000	0.0000
7270	0.0000	0.0000
61	3.0000	0.0131
5151	0.0000	0.0000
5161	0.0000	0.0000
5251	0.0000	0.0000
1520	1.0000	0.0238
5291	2.0000	0.0222
5331	1.0000	0.0046
5351	1.0000	0.0099
1550	1.0000	0.0077
10901	0.0000	0.0000
11141	0.0000	0.0000
16281	0.0000	0.0000
16361	0.0000	0.0000
6790	0.0000	0.0000
16401	0.0000	0.0000
16431	1.0000	0.0526
16621	1.0000	0.0400
21641	1.0000	0.0303
21711	1.0000	0.0357
21721	1.0000	0.0244
21741	6.0000	0.0308
1431	0.0000	0.0000
2311	1.0000	0.0122
2671	1.0000	0.0101
3531	5.0000	0.0385
5401	0.0000	0.0000
8081	0.0000	0.0000
8211	2.0000	0.0317
13961	0.0000	0.0000
13991	0.0000	0.0000
14041	1.0000	0.0112
5720	0.0000	0.0000
6020	2.0000	0.0164
6060	2.0000	0.0106
6070	2.0000	0.0063
6080	0.0000	0.0000
6510	0.0000	0.0000
6580	1.0000	0.0145
14141	0.0000	0.0000
5790	2.0000	0.0351
5800	0.0000	0.0000
6030	2.0000	0.0952
6040	1.0000	0.2000
6520	1.0000	0.0217
15751	1.0000	0.0083
18501	0.0000	0.0000
51	3.0000	0.0123
5121	0.0000	0.0000
5501	4.0000	0.0233
1720	3.0000	0.0357
5581	4.0000	0.0119
5601	0.0000	0.0000
10861	0.0000	0.0000
10911	0.0000	0.0000
16271	1.0000	0.0156
16351	0.0000	0.0000
16371	1.0000	0.0625
16651	0.0000	0.0000
6810	2.0000	0.0308
21571	4.0000	0.0174
1421	0.0000	0.0000
5441	0.0000	0.0000
1540	0.0000	0.0000
6761	1.0000	0.0076
2430	0.0000	0.0000
4950	0.0000	0.0000
7991	0.0000	0.0000
13861	1.0000	0.0159
13881	0.0000	0.0000
14131	0.0000	0.0000
18491	4.0000	0.0294
41	5.0000	0.0194
5111	0.0000	0.0000
5141	0.0000	0.0000
5191	0.0000	0.0000
5201	0.0000	0.0000
6091	0.0000	0.0000
6671	0.0000	0.0000
6831	0.0000	0.0000
7401	0.0000	0.0000
7891	0.0000	0.0000
9201	0.0000	0.0000
3200	0.0000	0.0000
3500	0.0000	0.0000
3510	0.0000	0.0000
3760	0.0000	0.0000
3890	0.0000	0.0000
9581	1.0000	0.0105
3490	0.0000	0.0000
3590	0.0000	0.0000
10811	0.0000	0.0000
17391	0.0000	0.0000
18071	0.0000	0.0000
21761	0.0000	0.0000
10831	1.0000	0.0233
11311	3.0000	0.0536
16141	0.0000	0.0000
16211	1.0000	0.0385
16221	0.0000	0.0000
6740	0.0000	0.0000
16231	2.0000	0.0260
6760	0.0000	0.0000
16241	0.0000	0.0000
16691	3.0000	0.0882
16811	2.0000	0.0714
21391	0.0000	0.0000
21431	1.0000	0.0167
21491	2.0000	0.0417
7920	1.0000	0.0139
1311	11.0000	0.0259
1361	0.0000	0.0000
1391	0.0000	0.0000
290	0.0000	0.0000
1951	0.0000	0.0000
2571	2.0000	0.0238
630	0.0000	0.0000
2841	1.0000	0.0244
2110	1.0000	0.0294
11661	4.0000	0.0268
4990	0.0000	0.0000
7981	5.0000	0.0472
8061	3.0000	0.0303
8251	6.0000	0.0426
8541	4.0000	0.0370
13801	0.0000	0.0000
13831	4.0000	0.0061
5630	2.0000	0.0208
13841	1.0000	0.0044
5650	4.0000	0.0667
7430	1.0000	0.0068
7820	2.0000	0.0222
21091	1.0000	0.0112
18441	4.0000	0.0142
18471	2.0000	0.0513
18621	0.0000	0.0000
31	3.0000	0.0123
5081	0.0000	0.0000
10761	0.0000	0.0000
10951	2.0000	0.0270
11321	0.0000	0.0000
16111	1.0000	0.0085
21051	1.0000	0.0278
21121	1.0000	0.0556
7830	1.0000	0.0476
7840	0.0000	0.0000
21241	0.0000	0.0000
7910	0.0000	0.0000
21341	3.0000	0.0280
21691	0.0000	0.0000
1241	1.0000	0.0087
3261	0.0000	0.0000
7931	1.0000	0.0370
13601	0.0000	0.0000
13621	0.0000	0.0000
13631	0.0000	0.0000
13911	0.0000	0.0000
5670	0.0000	0.0000
5700	1.0000	0.0500
14391	0.0000	0.0000
14411	1.0000	0.0476
5940	0.0000	0.0000
5950	0.0000	0.0000
18421	0.0000	0.0000
18451	1.0000	0.0435
5061	0.0000	0.0000
5091	0.0000	0.0000
5421	0.0000	0.0000
10681	0.0000	0.0000
10701	0.0000	0.0000
11831	0.0000	0.0000
12141	0.0000	0.0000
16101	1.0000	0.0161
16151	1.0000	0.0435
16201	0.0000	0.0000
6780	1.0000	0.0270
7010	1.0000	0.0357
16391	0.0000	0.0000
16851	0.0000	0.0000
18901	0.0000	0.0000
20751	2.0000	0.0211
21311	1.0000	0.0263
21331	0.0000	0.0000
1231	1.0000	0.0400
1301	0.0000	0.0000
1411	3.0000	0.0297
1501	0.0000	0.0000
1511	1.0000	0.0185
3351	1.0000	0.0114
7821	0.0000	0.0000
7971	1.0000	0.0139
9751	0.0000	0.0000
10181	0.0000	0.0000
3710	1.0000	0.0052
13551	0.0000	0.0000
14091	1.0000	0.0909
18391	0.0000	0.0000
11	3.0000	0.0122
5001	1.0000	0.0048
5691	0.0000	0.0000
10641	1.0000	0.0185
10651	0.0000	0.0000
16081	1.0000	0.0102
21201	1.0000	0.0152
21221	0.0000	0.0000
21231	0.0000	0.0000
7850	0.0000	0.0000
21371	2.0000	0.0645
21631	1.0000	0.0294
1201	1.0000	0.0137
1211	3.0000	0.0500
4781	0.0000	0.0000
7731	3.0000	0.0171
13451	1.0000	0.0133
13471	0.0000	0.0000
13481	0.0000	0.0000
5420	0.0000	0.0000
13651	0.0000	0.0000
13731	0.0000	0.0000
