ID	ABSOLUTE_POSIT	RELATIVE_POSIT
4991	1.0000	1.0000
10631	1.0000	0.2500
11001	2.0000	0.5000
11011	3.0000	0.7500
12021	4.0000	1.0000
16061	1.0000	1.0000
20851	1.0000	0.3333
20861	2.0000	0.6667
7790	3.0000	1.0000
1171	1.0000	0.0323
1291	2.0000	0.0645
570	3.0000	0.0968
1401	4.0000	0.1290
300	5.0000	0.1613
370	6.0000	0.1935
390	7.0000	0.2258
400	8.0000	0.2581
5930	9.0000	0.2903
6340	10.0000	0.3226
6840	11.0000	0.3548
1581	12.0000	0.3871
1621	13.0000	0.4194
350	14.0000	0.4516
470	15.0000	0.4839
730	16.0000	0.5161
1761	17.0000	0.5484
2081	18.0000	0.5806
2211	19.0000	0.6129
2651	20.0000	0.6452
2911	21.0000	0.6774
3161	22.0000	0.7097
3241	23.0000	0.7419
6880	24.0000	0.7742
3341	25.0000	0.8065
790	26.0000	0.8387
1050	27.0000	0.8710
3401	28.0000	0.9032
10781	29.0000	0.9355
17151	30.0000	0.9677
17381	31.0000	1.0000
7721	1.0000	0.0152
7911	2.0000	0.0303
7941	3.0000	0.0455
7961	4.0000	0.0606
2750	5.0000	0.0758
8041	6.0000	0.0909
2510	7.0000	0.1061
2520	8.0000	0.1212
2590	9.0000	0.1364
2600	10.0000	0.1515
2610	11.0000	0.1667
2720	12.0000	0.1818
2730	13.0000	0.1970
2870	14.0000	0.2121
2880	15.0000	0.2273
8071	16.0000	0.2424
2640	17.0000	0.2576
8161	18.0000	0.2727
2550	19.0000	0.2879
8191	20.0000	0.3030
2580	21.0000	0.3182
8371	22.0000	0.3333
3020	23.0000	0.3485
3040	24.0000	0.3636
3820	25.0000	0.3788
8511	26.0000	0.3939
3050	27.0000	0.4091
8531	28.0000	0.4242
3060	29.0000	0.4394
3850	30.0000	0.4545
3870	31.0000	0.4697
3880	32.0000	0.4848
8591	33.0000	0.5000
8621	34.0000	0.5152
3070	35.0000	0.5303
3140	36.0000	0.5455
8631	37.0000	0.5606
2780	38.0000	0.5758
2900	39.0000	0.5909
8671	40.0000	0.6061
2950	41.0000	0.6212
8711	42.0000	0.6364
8891	43.0000	0.6515
3240	44.0000	0.6667
3250	45.0000	0.6818
3270	46.0000	0.6970
3460	47.0000	0.7121
3860	48.0000	0.7273
9011	49.0000	0.7424
9161	50.0000	0.7576
9191	51.0000	0.7727
3010	52.0000	0.7879
3030	53.0000	0.8030
9221	54.0000	0.8182
9241	55.0000	0.8333
9261	56.0000	0.8485
9521	57.0000	0.8636
3230	58.0000	0.8788
3280	59.0000	0.8939
3300	60.0000	0.9091
3320	61.0000	0.9242
9891	62.0000	0.9394
3560	63.0000	0.9545
10011	64.0000	0.9697
10151	65.0000	0.9848
10371	66.0000	1.0000
13441	1.0000	0.1250
13501	2.0000	0.2500
5430	3.0000	0.3750
6310	4.0000	0.5000
6350	5.0000	0.6250
13751	6.0000	0.7500
5980	7.0000	0.8750
14311	8.0000	1.0000
18271	1.0000	1.0000
4971	1.0000	0.1667
5271	2.0000	0.3333
5301	3.0000	0.5000
6691	4.0000	0.6667
2020	5.0000	0.8333
6791	6.0000	1.0000
10601	1.0000	0.2000
10721	2.0000	0.4000
10751	3.0000	0.6000
12741	4.0000	0.8000
12861	5.0000	1.0000
16051	1.0000	0.1667
17021	2.0000	0.3333
17051	3.0000	0.5000
17071	4.0000	0.6667
6860	5.0000	0.8333
7170	6.0000	1.0000
20621	1.0000	0.0667
20761	2.0000	0.1333
7740	3.0000	0.2000
20871	4.0000	0.2667
7750	5.0000	0.3333
20941	6.0000	0.4000
7760	7.0000	0.4667
20951	8.0000	0.5333
20961	9.0000	0.6000
21251	10.0000	0.6667
21261	11.0000	0.7333
21281	12.0000	0.8000
21421	13.0000	0.8667
21461	14.0000	0.9333
22111	15.0000	1.0000
1151	1.0000	0.0833
1181	2.0000	0.1667
200	3.0000	0.2500
210	4.0000	0.3333
1371	5.0000	0.4167
1381	6.0000	0.5000
280	7.0000	0.5833
520	8.0000	0.6667
1380	9.0000	0.7500
4451	10.0000	0.8333
4461	11.0000	0.9167
6431	12.0000	1.0000
7671	1.0000	0.0400
7691	2.0000	0.0800
8001	3.0000	0.1200
8241	4.0000	0.1600
2670	5.0000	0.2000
2700	6.0000	0.2400
8311	7.0000	0.2800
2680	8.0000	0.3200
2710	9.0000	0.3600
8321	10.0000	0.4000
2690	11.0000	0.4400
8471	12.0000	0.4800
8501	13.0000	0.5200
8661	14.0000	0.5600
2820	15.0000	0.6000
3160	16.0000	0.6400
8801	17.0000	0.6800
3090	18.0000	0.7200
3100	19.0000	0.7600
3150	20.0000	0.8000
3330	21.0000	0.8400
8811	22.0000	0.8800
8911	23.0000	0.9200
9111	24.0000	0.9600
9471	25.0000	1.0000
13401	1.0000	0.0909
13461	2.0000	0.1818
13701	3.0000	0.2727
13951	4.0000	0.3636
14951	5.0000	0.4545
6210	6.0000	0.5455
15001	7.0000	0.6364
15041	8.0000	0.7273
6250	9.0000	0.8182
15111	10.0000	0.9091
15421	11.0000	1.0000
18261	1.0000	0.5000
18331	2.0000	1.0000
4941	1.0000	1.0000
10561	1.0000	0.5000
10671	2.0000	1.0000
16021	1.0000	0.0588
16031	2.0000	0.1176
16041	3.0000	0.1765
16071	4.0000	0.2353
16091	5.0000	0.2941
16121	6.0000	0.3529
16181	7.0000	0.4118
16251	8.0000	0.4706
16311	9.0000	0.5294
16341	10.0000	0.5882
16441	11.0000	0.6471
16491	12.0000	0.7059
16501	13.0000	0.7647
16511	14.0000	0.8235
16541	15.0000	0.8824
16591	16.0000	0.9412
16831	17.0000	1.0000
20591	1.0000	0.1250
20681	2.0000	0.2500
7770	3.0000	0.3750
20801	4.0000	0.5000
20881	5.0000	0.6250
20891	6.0000	0.7500
21001	7.0000	0.8750
7800	8.0000	1.0000
1141	1.0000	0.5000
4531	2.0000	1.0000
7571	1.0000	0.1429
7651	2.0000	0.2857
2740	3.0000	0.4286
8421	4.0000	0.5714
8431	5.0000	0.7143
8441	6.0000	0.8571
10041	7.0000	1.0000
13381	1.0000	0.3333
13421	2.0000	0.6667
5400	3.0000	1.0000
18251	1.0000	0.2500
18341	2.0000	0.5000
18401	3.0000	0.7500
18411	4.0000	1.0000
4921	1.0000	0.1250
5041	2.0000	0.2500
1480	3.0000	0.3750
5131	4.0000	0.5000
5311	5.0000	0.6250
5341	6.0000	0.7500
6501	7.0000	0.8750
6551	8.0000	1.0000
10541	1.0000	0.0667
10551	2.0000	0.1333
10931	3.0000	0.2000
11021	4.0000	0.2667
4090	5.0000	0.3333
11501	6.0000	0.4000
11521	7.0000	0.4667
4110	8.0000	0.5333
4650	9.0000	0.6000
4720	10.0000	0.6667
11781	11.0000	0.7333
11961	12.0000	0.8000
12331	13.0000	0.8667
4730	14.0000	0.9333
12441	15.0000	1.0000
15931	1.0000	0.0102
18971	2.0000	0.0204
7940	3.0000	0.0306
19011	4.0000	0.0408
19111	5.0000	0.0510
19151	6.0000	0.0612
19181	7.0000	0.0714
7580	8.0000	0.0816
19191	9.0000	0.0918
19401	10.0000	0.1020
19441	11.0000	0.1122
19511	12.0000	0.1224
19571	13.0000	0.1327
19601	14.0000	0.1429
19611	15.0000	0.1531
19631	16.0000	0.1633
19641	17.0000	0.1735
19661	18.0000	0.1837
19691	19.0000	0.1939
19821	20.0000	0.2041
19851	21.0000	0.2143
19891	22.0000	0.2245
7510	23.0000	0.2347
19921	24.0000	0.2449
19941	25.0000	0.2551
7860	26.0000	0.2653
20061	27.0000	0.2755
20081	28.0000	0.2857
20121	29.0000	0.2959
20131	30.0000	0.3061
20151	31.0000	0.3163
20181	32.0000	0.3265
20191	33.0000	0.3367
20211	34.0000	0.3469
20221	35.0000	0.3571
20231	36.0000	0.3673
20251	37.0000	0.3776
20261	38.0000	0.3878
20281	39.0000	0.3980
20301	40.0000	0.4082
20311	41.0000	0.4184
20321	42.0000	0.4286
20331	43.0000	0.4388
20361	44.0000	0.4490
20371	45.0000	0.4592
20401	46.0000	0.4694
20461	47.0000	0.4796
20471	48.0000	0.4898
20651	49.0000	0.5000
20661	50.0000	0.5102
20671	51.0000	0.5204
20831	52.0000	0.5306
20911	53.0000	0.5408
21011	54.0000	0.5510
21021	55.0000	0.5612
21031	56.0000	0.5714
21131	57.0000	0.5816
21141	58.0000	0.5918
21151	59.0000	0.6020
21161	60.0000	0.6122
21171	61.0000	0.6224
21181	62.0000	0.6327
21191	63.0000	0.6429
21211	64.0000	0.6531
21271	65.0000	0.6633
21291	66.0000	0.6735
21301	67.0000	0.6837
21351	68.0000	0.6939
21361	69.0000	0.7041
21401	70.0000	0.7143
21411	71.0000	0.7245
21501	72.0000	0.7347
21511	73.0000	0.7449
21521	74.0000	0.7551
21541	75.0000	0.7653
21581	76.0000	0.7755
21591	77.0000	0.7857
21601	78.0000	0.7959
21621	79.0000	0.8061
21651	80.0000	0.8163
21671	81.0000	0.8265
21681	82.0000	0.8367
21831	83.0000	0.8469
21901	84.0000	0.8571
21941	85.0000	0.8673
21991	86.0000	0.8776
22001	87.0000	0.8878
22011	88.0000	0.8980
22021	89.0000	0.9082
22031	90.0000	0.9184
22061	91.0000	0.9286
22071	92.0000	0.9388
22081	93.0000	0.9490
22101	94.0000	0.9592
22121	95.0000	0.9694
22131	96.0000	0.9796
22141	97.0000	0.9898
7950	98.0000	1.0000
20561	1.0000	0.0417
20841	2.0000	0.0833
7780	3.0000	0.1250
7880	4.0000	0.1667
7890	5.0000	0.2083
20901	6.0000	0.2500
20921	7.0000	0.2917
20931	8.0000	0.3333
20971	9.0000	0.3750
20981	10.0000	0.4167
20991	11.0000	0.4583
21081	12.0000	0.5000
21381	13.0000	0.5417
21441	14.0000	0.5833
21451	15.0000	0.6250
21471	16.0000	0.6667
21481	17.0000	0.7083
21731	18.0000	0.7500
21911	19.0000	0.7917
21931	20.0000	0.8333
21951	21.0000	0.8750
21961	22.0000	0.9167
21971	23.0000	0.9583
21981	24.0000	1.0000
1091	1.0000	0.2000
1121	2.0000	0.4000
1191	3.0000	0.6000
310	4.0000	0.8000
1341	5.0000	1.0000
7441	1.0000	0.0179
7781	2.0000	0.0357
2930	3.0000	0.0536
3680	4.0000	0.0714
4200	5.0000	0.0893
4290	6.0000	0.1071
4660	7.0000	0.1250
4670	8.0000	0.1429
4700	9.0000	0.1607
8011	10.0000	0.1786
2490	11.0000	0.1964
2660	12.0000	0.2143
3540	13.0000	0.2321
3550	14.0000	0.2500
8141	15.0000	0.2679
4170	16.0000	0.2857
4190	17.0000	0.3036
8171	18.0000	0.3214
2570	19.0000	0.3393
2800	20.0000	0.3571
2840	21.0000	0.3750
8691	22.0000	0.3929
2790	23.0000	0.4107
8701	24.0000	0.4286
8881	25.0000	0.4464
9071	26.0000	0.4643
2970	27.0000	0.4821
2980	28.0000	0.5000
3000	29.0000	0.5179
9131	30.0000	0.5357
2990	31.0000	0.5536
9151	32.0000	0.5714
9181	33.0000	0.5893
9321	34.0000	0.6071
9421	35.0000	0.6250
9571	36.0000	0.6429
9591	37.0000	0.6607
9931	38.0000	0.6786
3570	39.0000	0.6964
4030	40.0000	0.7143
9971	41.0000	0.7321
10001	42.0000	0.7500
10261	43.0000	0.7679
10621	44.0000	0.7857
10731	45.0000	0.8036
11031	46.0000	0.8214
11081	47.0000	0.8393
11871	48.0000	0.8571
4260	49.0000	0.8750
4310	50.0000	0.8929
4540	51.0000	0.9107
4580	52.0000	0.9286
5820	53.0000	0.9464
12431	54.0000	0.9643
4790	55.0000	0.9821
15221	56.0000	1.0000
13161	1.0000	1.0000
18211	1.0000	1.0000
4771	1.0000	0.3333
4841	2.0000	0.6667
13131	3.0000	1.0000
10521	1.0000	0.2500
10711	2.0000	0.5000
4020	3.0000	0.7500
11051	4.0000	1.0000
15871	1.0000	0.5000
15881	2.0000	1.0000
20551	1.0000	0.5000
20601	2.0000	1.0000
1071	1.0000	0.1667
1111	2.0000	0.3333
1601	3.0000	0.5000
320	4.0000	0.6667
1661	5.0000	0.8333
380	6.0000	1.0000
7391	1.0000	0.0833
7431	2.0000	0.1667
7461	3.0000	0.2500
7521	4.0000	0.3333
7551	5.0000	0.4167
2810	6.0000	0.5000
7661	7.0000	0.5833
7761	8.0000	0.6667
7831	9.0000	0.7500
7921	10.0000	0.8333
2830	11.0000	0.9167
8601	12.0000	1.0000
13091	1.0000	0.1429
13191	2.0000	0.2857
13261	3.0000	0.4286
13371	4.0000	0.5714
5390	5.0000	0.7143
13431	6.0000	0.8571
14441	7.0000	1.0000
18181	1.0000	1.0000
4751	1.0000	1.0000
10501	1.0000	1.0000
15831	1.0000	1.0000
20341	1.0000	0.2000
20411	2.0000	0.4000
20481	3.0000	0.6000
20531	4.0000	0.8000
20571	5.0000	1.0000
1061	1.0000	0.2000
1131	2.0000	0.4000
1441	3.0000	0.6000
1451	4.0000	0.8000
2291	5.0000	1.0000
7371	1.0000	1.0000
13051	1.0000	0.5000
13571	2.0000	1.0000
18161	1.0000	0.1250
18171	2.0000	0.2500
7160	3.0000	0.3750
18191	4.0000	0.5000
18201	5.0000	0.6250
18231	6.0000	0.7500
18381	7.0000	0.8750
20741	8.0000	1.0000
4711	1.0000	1.0000
10481	1.0000	0.2500
10511	2.0000	0.5000
3840	3.0000	0.7500
10531	4.0000	1.0000
15781	1.0000	0.5000
17871	2.0000	1.0000
20241	1.0000	0.3333
20391	2.0000	0.6667
7630	3.0000	1.0000
1041	1.0000	0.1429
1081	2.0000	0.2857
120	3.0000	0.4286
140	4.0000	0.5714
1101	5.0000	0.7143
160	6.0000	0.8571
230	7.0000	1.0000
7321	1.0000	0.1667
7331	2.0000	0.3333
7351	3.0000	0.5000
7451	4.0000	0.6667
7501	5.0000	0.8333
7631	6.0000	1.0000
13041	1.0000	0.2000
13071	2.0000	0.4000
5490	3.0000	0.6000
13361	4.0000	0.8000
14961	5.0000	1.0000
18121	1.0000	1.0000
4601	1.0000	1.0000
10471	1.0000	0.0417
11651	2.0000	0.0833
11991	3.0000	0.1250
4430	4.0000	0.1667
12381	5.0000	0.2083
12391	6.0000	0.2500
4770	7.0000	0.2917
6330	8.0000	0.3333
6950	9.0000	0.3750
6960	10.0000	0.4167
6980	11.0000	0.4583
14751	12.0000	0.5000
6180	13.0000	0.5417
6200	14.0000	0.5833
6730	15.0000	0.6250
16191	16.0000	0.6667
16321	17.0000	0.7083
16861	18.0000	0.7500
17181	19.0000	0.7917
7030	20.0000	0.8333
17581	21.0000	0.8750
7020	22.0000	0.9167
7040	23.0000	0.9583
17691	24.0000	1.0000
15741	1.0000	0.0833
15761	2.0000	0.1667
15791	3.0000	0.2500
15801	4.0000	0.3333
6820	5.0000	0.4167
15971	6.0000	0.5000
15991	7.0000	0.5833
6710	8.0000	0.6667
6830	9.0000	0.7500
16001	10.0000	0.8333
6700	11.0000	0.9167
18131	12.0000	1.0000
20171	1.0000	1.0000
1031	1.0000	0.0067
1261	2.0000	0.0133
1271	3.0000	0.0200
1681	4.0000	0.0267
560	5.0000	0.0333
880	6.0000	0.0400
1640	7.0000	0.0467
1980	8.0000	0.0533
1701	9.0000	0.0600
2050	10.0000	0.0667
1791	11.0000	0.0733
450	12.0000	0.0800
990	13.0000	0.0867
1370	14.0000	0.0933
1851	15.0000	0.1000
1891	16.0000	0.1067
460	17.0000	0.1133
1030	18.0000	0.1200
1931	19.0000	0.1267
890	20.0000	0.1333
1941	21.0000	0.1400
1040	22.0000	0.1467
1110	23.0000	0.1533
1740	24.0000	0.1600
1991	25.0000	0.1667
2031	26.0000	0.1733
2181	27.0000	0.1800
1060	28.0000	0.1867
2231	29.0000	0.1933
2241	30.0000	0.2000
2251	31.0000	0.2067
2261	32.0000	0.2133
2301	33.0000	0.2200
1070	34.0000	0.2267
1530	35.0000	0.2333
2321	36.0000	0.2400
900	37.0000	0.2467
970	38.0000	0.2533
2331	39.0000	0.2600
580	40.0000	0.2667
590	41.0000	0.2733
1340	42.0000	0.2800
1630	43.0000	0.2867
2351	44.0000	0.2933
2361	45.0000	0.3000
1670	46.0000	0.3067
2371	47.0000	0.3133
2411	48.0000	0.3200
2461	49.0000	0.3267
2501	50.0000	0.3333
2511	51.0000	0.3400
2521	52.0000	0.3467
2531	53.0000	0.3533
2541	54.0000	0.3600
2551	55.0000	0.3667
2591	56.0000	0.3733
2611	57.0000	0.3800
2661	58.0000	0.3867
2701	59.0000	0.3933
2871	60.0000	0.4000
2891	61.0000	0.4067
2901	62.0000	0.4133
1970	63.0000	0.4200
2931	64.0000	0.4267
2941	65.0000	0.4333
2951	66.0000	0.4400
2971	67.0000	0.4467
2981	68.0000	0.4533
700	69.0000	0.4600
2991	70.0000	0.4667
3001	71.0000	0.4733
3011	72.0000	0.4800
3021	73.0000	0.4867
810	74.0000	0.4933
3031	75.0000	0.5000
3051	76.0000	0.5067
3061	77.0000	0.5133
3071	78.0000	0.5200
820	79.0000	0.5267
3081	80.0000	0.5333
3131	81.0000	0.5400
3141	82.0000	0.5467
1660	83.0000	0.5533
3181	84.0000	0.5600
3201	85.0000	0.5667
980	86.0000	0.5733
1290	87.0000	0.5800
3251	88.0000	0.5867
3291	89.0000	0.5933
3361	90.0000	0.6000
3381	91.0000	0.6067
910	92.0000	0.6133
1420	93.0000	0.6200
3431	94.0000	0.6267
3461	95.0000	0.6333
3481	96.0000	0.6400
3491	97.0000	0.6467
3551	98.0000	0.6533
3581	99.0000	0.6600
3611	100.0000	0.6667
3641	101.0000	0.6733
3671	102.0000	0.6800
3801	103.0000	0.6867
3831	104.0000	0.6933
3861	105.0000	0.7000
3891	106.0000	0.7067
3911	107.0000	0.7133
1000	108.0000	0.7200
1020	109.0000	0.7267
3951	110.0000	0.7333
1080	111.0000	0.7400
1120	112.0000	0.7467
3961	113.0000	0.7533
3971	114.0000	0.7600
4001	115.0000	0.7667
4061	116.0000	0.7733
4071	117.0000	0.7800
4081	118.0000	0.7867
4161	119.0000	0.7933
4181	120.0000	0.8000
4221	121.0000	0.8067
4281	122.0000	0.8133
4291	123.0000	0.8200
4761	124.0000	0.8267
4811	125.0000	0.8333
5361	126.0000	0.8400
5411	127.0000	0.8467
5541	128.0000	0.8533
5711	129.0000	0.8600
5811	130.0000	0.8667
5971	131.0000	0.8733
6001	132.0000	0.8800
6021	133.0000	0.8867
6031	134.0000	0.8933
6071	135.0000	0.9000
6241	136.0000	0.9067
6291	137.0000	0.9133
6351	138.0000	0.9200
6401	139.0000	0.9267
6421	140.0000	0.9333
6451	141.0000	0.9400
6581	142.0000	0.9467
6701	143.0000	0.9533
6711	144.0000	0.9600
6731	145.0000	0.9667
6821	146.0000	0.9733
6841	147.0000	0.9800
6871	148.0000	0.9867
6881	149.0000	0.9933
6891	150.0000	1.0000
7311	1.0000	0.3333
8481	2.0000	0.6667
12731	3.0000	1.0000
12931	1.0000	0.5000
14931	2.0000	1.0000
18091	1.0000	1.0000
4591	1.0000	1.0000
10401	1.0000	1.0000
15661	1.0000	0.3333
15681	2.0000	0.6667
15771	3.0000	1.0000
20111	1.0000	0.1667
20491	2.0000	0.3333
20581	3.0000	0.5000
20721	4.0000	0.6667
20811	5.0000	0.8333
22051	6.0000	1.0000
1011	1.0000	1.0000
7301	1.0000	0.2000
7901	2.0000	0.4000
2530	3.0000	0.6000
2540	4.0000	0.8000
8201	5.0000	1.0000
12871	1.0000	0.2000
12981	2.0000	0.4000
13021	3.0000	0.6000
5190	4.0000	0.8000
13921	5.0000	1.0000
18031	1.0000	1.0000
4571	1.0000	0.3333
5431	2.0000	0.6667
5461	3.0000	1.0000
10341	1.0000	0.5000
10351	2.0000	1.0000
15651	1.0000	1.0000
20091	1.0000	0.3333
21531	2.0000	0.6667
21611	3.0000	1.0000
911	1.0000	0.5000
931	2.0000	1.0000
7261	1.0000	1.0000
12801	1.0000	0.1667
12821	2.0000	0.3333
5060	3.0000	0.5000
5080	4.0000	0.6667
12841	5.0000	0.8333
13851	6.0000	1.0000
18001	1.0000	0.1667
18101	2.0000	0.3333
18301	3.0000	0.5000
7180	4.0000	0.6667
18461	5.0000	0.8333
18481	6.0000	1.0000
4491	1.0000	0.5000
6541	2.0000	1.0000
10251	1.0000	0.0588
10291	2.0000	0.1176
10331	3.0000	0.1765
3910	4.0000	0.2353
4010	5.0000	0.2941
10661	6.0000	0.3529
3920	7.0000	0.4118
3930	8.0000	0.4706
10691	9.0000	0.5294
3940	10.0000	0.5882
10741	11.0000	0.6471
3950	12.0000	0.7059
10881	13.0000	0.7647
10961	14.0000	0.8235
3980	15.0000	0.8824
4000	16.0000	0.9412
10991	17.0000	1.0000
15581	1.0000	1.0000
19991	1.0000	1.0000
811	1.0000	0.1250
1281	2.0000	0.2500
410	3.0000	0.3750
1471	4.0000	0.5000
420	5.0000	0.6250
2391	6.0000	0.7500
8101	7.0000	0.8750
2560	8.0000	1.0000
7231	1.0000	0.0526
7281	2.0000	0.1053
7291	3.0000	0.1579
7471	4.0000	0.2105
7481	5.0000	0.2632
7511	6.0000	0.3158
7601	7.0000	0.3684
2310	8.0000	0.4211
2380	9.0000	0.4737
2450	10.0000	0.5263
7641	11.0000	0.5789
7681	12.0000	0.6316
2370	13.0000	0.6842
2400	14.0000	0.7368
7811	15.0000	0.7895
7951	16.0000	0.8421
2770	17.0000	0.8947
2920	18.0000	0.9474
8051	19.0000	1.0000
12761	1.0000	0.0333
12921	2.0000	0.0667
5140	3.0000	0.1000
5660	4.0000	0.1333
12941	5.0000	0.1667
5170	6.0000	0.2000
13061	7.0000	0.2333
13221	8.0000	0.2667
13241	9.0000	0.3000
13711	10.0000	0.3333
13741	11.0000	0.3667
13771	12.0000	0.4000
13891	13.0000	0.4333
13901	14.0000	0.4667
13931	15.0000	0.5000
13941	16.0000	0.5333
13971	17.0000	0.5667
14261	18.0000	0.6000
14321	19.0000	0.6333
14331	20.0000	0.6667
14451	21.0000	0.7000
14521	22.0000	0.7333
14591	23.0000	0.7667
14621	24.0000	0.8000
15951	25.0000	0.8333
6670	26.0000	0.8667
6680	27.0000	0.9000
6690	28.0000	0.9333
16131	29.0000	0.9667
16261	30.0000	1.0000
17971	1.0000	0.5000
18221	2.0000	1.0000
4301	1.0000	0.5000
4341	2.0000	1.0000
10231	1.0000	1.0000
15531	1.0000	1.0000
19961	1.0000	0.3333
20021	2.0000	0.6667
20271	3.0000	1.0000
731	1.0000	0.0417
851	2.0000	0.0833
1161	3.0000	0.1250
190	4.0000	0.1667
1190	5.0000	0.2083
1351	6.0000	0.2500
530	7.0000	0.2917
1631	8.0000	0.3333
550	9.0000	0.3750
1711	10.0000	0.4167
540	11.0000	0.4583
2121	12.0000	0.5000
710	13.0000	0.5417
3331	14.0000	0.5833
4561	15.0000	0.6250
4891	16.0000	0.6667
4951	17.0000	0.7083
6221	18.0000	0.7500
6651	19.0000	0.7917
6851	20.0000	0.8333
6861	21.0000	0.8750
10391	22.0000	0.9167
10411	23.0000	0.9583
11701	24.0000	1.0000
7211	1.0000	0.2000
7531	2.0000	0.4000
7561	3.0000	0.6000
7611	4.0000	0.8000
10461	5.0000	1.0000
12681	1.0000	0.2000
13141	2.0000	0.4000
13611	3.0000	0.6000
13641	4.0000	0.8000
5570	5.0000	1.0000
17961	1.0000	0.1667
18631	2.0000	0.3333
7370	3.0000	0.5000
18761	4.0000	0.6667
7280	5.0000	0.8333
19261	6.0000	1.0000
4231	1.0000	0.1250
4251	2.0000	0.2500
4361	3.0000	0.3750
4481	4.0000	0.5000
4551	5.0000	0.6250
4621	6.0000	0.7500
7151	7.0000	0.8750
7181	8.0000	1.0000
10051	1.0000	0.3333
10101	2.0000	0.6667
10581	3.0000	1.0000
15451	1.0000	0.1111
15491	2.0000	0.2222
15501	3.0000	0.3333
15911	4.0000	0.4444
15921	5.0000	0.5556
15961	6.0000	0.6667
15981	7.0000	0.7778
16161	8.0000	0.8889
16421	9.0000	1.0000
19951	1.0000	0.1667
20161	2.0000	0.3333
20501	3.0000	0.5000
20781	4.0000	0.6667
20821	5.0000	0.8333
21551	6.0000	1.0000
701	1.0000	0.0500
721	2.0000	0.1000
1641	3.0000	0.1500
1741	4.0000	0.2000
1821	5.0000	0.2500
1901	6.0000	0.3000
1921	7.0000	0.3500
2151	8.0000	0.4000
3931	9.0000	0.4500
4511	10.0000	0.5000
1620	11.0000	0.5500
5731	12.0000	0.6000
8461	13.0000	0.6500
10821	14.0000	0.7000
10891	15.0000	0.7500
4270	16.0000	0.8000
12321	17.0000	0.8500
12541	18.0000	0.9000
4930	19.0000	0.9500
12551	20.0000	1.0000
7201	1.0000	0.0476
7241	2.0000	0.0952
3650	3.0000	0.1429
7541	4.0000	0.1905
2410	5.0000	0.2381
7621	6.0000	0.2857
7841	7.0000	0.3333
4050	8.0000	0.3810
7851	9.0000	0.4286
9801	10.0000	0.4762
3480	11.0000	0.5238
3660	12.0000	0.5714
3960	13.0000	0.6190
9961	14.0000	0.6667
10111	15.0000	0.7143
10121	16.0000	0.7619
10131	17.0000	0.8095
10321	18.0000	0.8571
3790	19.0000	0.9048
11041	20.0000	0.9524
4040	21.0000	1.0000
12671	1.0000	1.0000
17921	1.0000	0.3333
17931	2.0000	0.6667
17981	3.0000	1.0000
4191	1.0000	1.0000
10021	1.0000	0.1111
10271	2.0000	0.2222
10421	3.0000	0.3333
10791	4.0000	0.4444
10921	5.0000	0.5556
10941	6.0000	0.6667
11151	7.0000	0.7778
13681	8.0000	0.8889
14101	9.0000	1.0000
15441	1.0000	0.2000
15511	2.0000	0.4000
6420	3.0000	0.6000
6440	4.0000	0.8000
15541	5.0000	1.0000
19911	1.0000	1.0000
691	1.0000	1.0000
7171	1.0000	0.3333
11251	2.0000	0.6667
11391	3.0000	1.0000
12571	1.0000	0.5000
12611	2.0000	1.0000
17891	1.0000	0.3333
18011	2.0000	0.6667
18061	3.0000	1.0000
4111	1.0000	1.0000
9951	1.0000	0.1429
10071	2.0000	0.2857
10091	3.0000	0.4286
3640	4.0000	0.5714
3690	5.0000	0.7143
3720	6.0000	0.8571
3990	7.0000	1.0000
15431	1.0000	0.3333
15461	2.0000	0.6667
15521	3.0000	1.0000
19831	1.0000	0.5000
20051	2.0000	1.0000
681	1.0000	0.2500
981	2.0000	0.5000
1881	3.0000	0.7500
440	4.0000	1.0000
7131	1.0000	0.3333
20431	2.0000	0.6667
20441	3.0000	1.0000
12491	1.0000	1.0000
17881	1.0000	1.0000
4101	1.0000	0.1667
4131	2.0000	0.3333
4311	3.0000	0.5000
4351	4.0000	0.6667
1350	5.0000	0.8333
1390	6.0000	1.0000
15371	1.0000	0.5000
15641	2.0000	1.0000
19801	1.0000	0.2000
20041	2.0000	0.4000
20071	3.0000	0.6000
20101	4.0000	0.8000
20641	5.0000	1.0000
641	1.0000	0.0769
711	2.0000	0.1538
841	3.0000	0.2308
891	4.0000	0.3077
5031	5.0000	0.3846
1400	6.0000	0.4615
2090	7.0000	0.5385
2200	8.0000	0.6154
7091	9.0000	0.6923
2120	10.0000	0.7692
2210	11.0000	0.8462
6530	12.0000	0.9231
7271	13.0000	1.0000
6991	1.0000	0.2500
7011	2.0000	0.5000
7341	3.0000	0.7500
7881	4.0000	1.0000
12471	1.0000	0.2000
12721	2.0000	0.4000
12811	3.0000	0.6000
7200	4.0000	0.8000
18551	5.0000	1.0000
17741	1.0000	0.1111
17801	2.0000	0.2222
7230	3.0000	0.3333
17901	4.0000	0.4444
18321	5.0000	0.5556
18361	6.0000	0.6667
18651	7.0000	0.7778
18741	8.0000	0.8889
18781	9.0000	1.0000
3981	1.0000	1.0000
9831	1.0000	1.0000
15271	1.0000	0.1000
15291	2.0000	0.2000
15611	3.0000	0.3000
15631	4.0000	0.4000
15691	5.0000	0.5000
15821	6.0000	0.6000
16011	7.0000	0.7000
6800	8.0000	0.8000
16731	9.0000	0.9000
17731	10.0000	1.0000
19671	1.0000	0.0769
19681	2.0000	0.1538
19711	3.0000	0.2308
7440	4.0000	0.3077
7590	5.0000	0.3846
19741	6.0000	0.4615
7600	7.0000	0.5385
7670	8.0000	0.6154
19761	9.0000	0.6923
19781	10.0000	0.7692
19791	11.0000	0.8462
7470	12.0000	0.9231
7490	13.0000	1.0000
611	1.0000	0.1250
651	2.0000	0.2500
110	3.0000	0.3750
500	4.0000	0.5000
741	5.0000	0.6250
100	6.0000	0.7500
1781	7.0000	0.8750
490	8.0000	1.0000
6921	1.0000	0.3333
7041	2.0000	0.6667
7051	3.0000	1.0000
12451	1.0000	0.5000
12631	2.0000	1.0000
17651	1.0000	0.0588
17701	2.0000	0.1176
17721	3.0000	0.1765
17821	4.0000	0.2353
7130	5.0000	0.2941
7250	6.0000	0.3529
17831	7.0000	0.4118
7080	8.0000	0.4706
18051	9.0000	0.5294
7120	10.0000	0.5882
18371	11.0000	0.6471
7210	12.0000	0.7059
18431	13.0000	0.7647
7220	14.0000	0.8235
7240	15.0000	0.8824
7260	16.0000	0.9412
18831	17.0000	1.0000
3941	1.0000	0.5000
5051	2.0000	1.0000
9811	1.0000	0.1429
12951	2.0000	0.2857
13251	3.0000	0.4286
13271	4.0000	0.5714
14071	5.0000	0.7143
15261	6.0000	0.8571
15401	7.0000	1.0000
15251	1.0000	1.0000
19621	1.0000	0.5000
19841	2.0000	1.0000
601	1.0000	0.2000
951	2.0000	0.4000
1541	3.0000	0.6000
1551	4.0000	0.8000
2451	5.0000	1.0000
6901	1.0000	0.2000
6931	2.0000	0.4000
7021	3.0000	0.6000
7701	4.0000	0.8000
7771	5.0000	1.0000
12361	1.0000	1.0000
17621	1.0000	0.1111
17661	2.0000	0.2222
17671	3.0000	0.3333
17771	4.0000	0.4444
7290	5.0000	0.5556
18991	6.0000	0.6667
19021	7.0000	0.7778
7330	8.0000	0.8889
19041	9.0000	1.0000
3701	1.0000	0.0400
4031	2.0000	0.0800
12201	3.0000	0.1200
12501	4.0000	0.1600
12511	5.0000	0.2000
4860	6.0000	0.2400
5160	7.0000	0.2800
12621	8.0000	0.3200
4980	9.0000	0.3600
5020	10.0000	0.4000
5150	11.0000	0.4400
12851	12.0000	0.4800
5620	13.0000	0.5200
12961	14.0000	0.5600
13581	15.0000	0.6000
5730	16.0000	0.6400
5860	17.0000	0.6800
13821	18.0000	0.7200
6380	19.0000	0.7600
6400	20.0000	0.8000
6410	21.0000	0.8400
14241	22.0000	0.8800
15311	23.0000	0.9200
15331	24.0000	0.9600
21061	25.0000	1.0000
9781	1.0000	0.2000
9851	2.0000	0.4000
9861	3.0000	0.6000
3630	4.0000	0.8000
10081	5.0000	1.0000
15211	1.0000	0.1000
15301	2.0000	0.2000
15411	3.0000	0.3000
6360	4.0000	0.4000
15591	5.0000	0.5000
16871	6.0000	0.6000
7090	7.0000	0.7000
7100	8.0000	0.8000
16921	9.0000	0.9000
21071	10.0000	1.0000
19591	1.0000	0.2000
19651	2.0000	0.4000
19721	3.0000	0.6000
19811	4.0000	0.8000
20011	5.0000	1.0000
581	1.0000	0.3333
661	2.0000	0.6667
2741	3.0000	1.0000
6801	1.0000	1.0000
12311	1.0000	0.1250
12591	2.0000	0.2500
13111	3.0000	0.3750
5350	4.0000	0.5000
5360	5.0000	0.6250
7810	6.0000	0.7500
13151	7.0000	0.8750
5340	8.0000	1.0000
17611	1.0000	0.0769
17711	2.0000	0.1538
17751	3.0000	0.2308
7640	4.0000	0.3077
7650	5.0000	0.3846
17941	6.0000	0.4615
17991	7.0000	0.5385
7660	8.0000	0.6154
20611	9.0000	0.6923
7700	10.0000	0.7692
7710	11.0000	0.8462
20631	12.0000	0.9231
20701	13.0000	1.0000
3601	1.0000	0.1667
3781	2.0000	0.3333
950	3.0000	0.5000
6591	4.0000	0.6667
2000	5.0000	0.8333
6631	6.0000	1.0000
9661	1.0000	0.1111
9691	2.0000	0.2222
3400	3.0000	0.3333
3770	4.0000	0.4444
3780	5.0000	0.5556
9711	6.0000	0.6667
10281	7.0000	0.7778
10301	8.0000	0.8889
10441	9.0000	1.0000
15181	1.0000	0.0714
15201	2.0000	0.1429
6320	3.0000	0.2143
6770	4.0000	0.2857
7070	5.0000	0.3571
16941	6.0000	0.4286
17001	7.0000	0.5000
17171	8.0000	0.5714
6890	9.0000	0.6429
6900	10.0000	0.7143
6920	11.0000	0.7857
17191	12.0000	0.8571
17841	13.0000	0.9286
18731	14.0000	1.0000
19561	1.0000	0.5000
19751	2.0000	1.0000
551	1.0000	0.0500
3041	2.0000	0.1000
680	3.0000	0.1500
3761	4.0000	0.2000
1360	5.0000	0.2500
1880	6.0000	0.3000
4441	7.0000	0.3500
1220	8.0000	0.4000
4641	9.0000	0.4500
4920	10.0000	0.5000
4651	11.0000	0.5500
3740	12.0000	0.6000
4801	13.0000	0.6500
5181	14.0000	0.7000
7101	15.0000	0.7500
7141	16.0000	0.8000
2240	17.0000	0.8500
12531	18.0000	0.9000
12601	19.0000	0.9500
18841	20.0000	1.0000
6781	1.0000	0.2500
10031	2.0000	0.5000
10061	3.0000	0.7500
10381	4.0000	1.0000
12161	1.0000	0.0312
12171	2.0000	0.0625
5260	3.0000	0.0938
12221	4.0000	0.1250
12231	5.0000	0.1562
4940	6.0000	0.1875
12261	7.0000	0.2188
4600	8.0000	0.2500
4760	9.0000	0.2812
5090	10.0000	0.3125
5240	11.0000	0.3438
5250	12.0000	0.3750
5270	13.0000	0.4062
5470	14.0000	0.4375
12271	15.0000	0.4688
12351	16.0000	0.5000
12411	17.0000	0.5312
12461	18.0000	0.5625
12581	19.0000	0.5938
12691	20.0000	0.6250
5010	21.0000	0.6562
5280	22.0000	0.6875
5480	23.0000	0.7188
5810	24.0000	0.7500
12711	25.0000	0.7812
12751	26.0000	0.8125
12891	27.0000	0.8438
5120	28.0000	0.8750
5130	29.0000	0.9062
13201	30.0000	0.9375
13321	31.0000	0.9688
13591	32.0000	1.0000
17501	1.0000	1.0000
3371	1.0000	0.2000
3411	2.0000	0.4000
1990	3.0000	0.6000
3451	4.0000	0.8000
1460	5.0000	1.0000
9641	1.0000	1.0000
15131	1.0000	0.1667
15151	2.0000	0.3333
15161	3.0000	0.5000
6270	4.0000	0.6667
15191	5.0000	0.8333
6300	6.0000	1.0000
19481	1.0000	0.2500
19731	2.0000	0.5000
21851	3.0000	0.7500
7900	4.0000	1.0000
541	1.0000	0.5000
751	2.0000	1.0000
6681	1.0000	0.2500
6721	2.0000	0.5000
6751	3.0000	0.7500
6771	4.0000	1.0000
12071	1.0000	0.3333
12181	2.0000	0.6667
12701	3.0000	1.0000
17481	1.0000	1.0000
3311	1.0000	0.0625
3321	2.0000	0.1250
3991	3.0000	0.1875
4211	4.0000	0.2500
4411	5.0000	0.3125
4471	6.0000	0.3750
4661	7.0000	0.4375
4831	8.0000	0.5000
4861	9.0000	0.5625
4871	10.0000	0.6250
4901	11.0000	0.6875
4911	12.0000	0.7500
5681	13.0000	0.8125
5721	14.0000	0.8750
1610	15.0000	0.9375
5861	16.0000	1.0000
9551	1.0000	0.3333
10311	2.0000	0.6667
10361	3.0000	1.0000
15091	1.0000	1.0000
19431	1.0000	0.0625
19451	2.0000	0.1250
19491	3.0000	0.1875
19501	4.0000	0.2500
19521	5.0000	0.3125
19531	6.0000	0.3750
19541	7.0000	0.4375
7400	8.0000	0.5000
19551	9.0000	0.5625
19581	10.0000	0.6250
7520	11.0000	0.6875
7530	12.0000	0.7500
20001	13.0000	0.8125
20511	14.0000	0.8750
7690	15.0000	0.9375
20691	16.0000	1.0000
531	1.0000	0.5000
761	2.0000	1.0000
6441	1.0000	0.0455
8571	2.0000	0.0909
8641	3.0000	0.1364
8751	4.0000	0.1818
8871	5.0000	0.2273
9491	6.0000	0.2727
9921	7.0000	0.3182
10161	8.0000	0.3636
10191	9.0000	0.4091
10201	10.0000	0.4545
10211	11.0000	0.5000
10221	12.0000	0.5455
10241	13.0000	0.5909
10771	14.0000	0.6364
10801	15.0000	0.6818
10871	16.0000	0.7273
11121	17.0000	0.7727
11161	18.0000	0.8182
11771	19.0000	0.8636
21841	20.0000	0.9091
22041	21.0000	0.9545
22151	22.0000	1.0000
12061	1.0000	0.1111
12091	2.0000	0.2222
12101	3.0000	0.3333
12111	4.0000	0.4444
12401	5.0000	0.5556
13011	6.0000	0.6667
14301	7.0000	0.7778
14671	8.0000	0.8889
14711	9.0000	1.0000
17471	1.0000	1.0000
3231	1.0000	1.0000
9531	1.0000	0.5000
9761	2.0000	1.0000
15021	1.0000	0.0667
15031	2.0000	0.1333
15051	3.0000	0.2000
6220	4.0000	0.2667
6230	5.0000	0.3333
6240	6.0000	0.4000
6430	7.0000	0.4667
15341	8.0000	0.5333
6450	9.0000	0.6000
15381	10.0000	0.6667
15471	11.0000	0.7333
15481	12.0000	0.8000
6370	13.0000	0.8667
6390	14.0000	0.9333
16461	15.0000	1.0000
19411	1.0000	0.1667
19881	2.0000	0.3333
7480	3.0000	0.5000
19901	4.0000	0.6667
19931	5.0000	0.8333
20381	6.0000	1.0000
521	1.0000	0.1667
591	2.0000	0.3333
901	3.0000	0.5000
1571	4.0000	0.6667
2341	5.0000	0.8333
4331	6.0000	1.0000
6331	1.0000	0.2500
6341	2.0000	0.5000
6481	3.0000	0.7500
6661	4.0000	1.0000
12041	1.0000	0.2500
12081	2.0000	0.5000
12121	3.0000	0.7500
12191	4.0000	1.0000
17361	1.0000	0.3333
17421	2.0000	0.6667
17441	3.0000	1.0000
3221	1.0000	0.0270
3421	2.0000	0.0541
1450	3.0000	0.0811
3441	4.0000	0.1081
1240	5.0000	0.1351
4011	6.0000	0.1622
1280	7.0000	0.1892
4141	8.0000	0.2162
1200	9.0000	0.2432
1250	10.0000	0.2703
4381	11.0000	0.2973
4541	12.0000	0.3243
1260	13.0000	0.3514
4611	14.0000	0.3784
1270	15.0000	0.4054
1300	16.0000	0.4324
1700	17.0000	0.4595
4631	18.0000	0.4865
5171	19.0000	0.5135
5231	20.0000	0.5405
1490	21.0000	0.5676
1500	22.0000	0.5946
1580	23.0000	0.6216
1680	24.0000	0.6486
1860	25.0000	0.6757
5491	26.0000	0.7027
1570	27.0000	0.7297
1780	28.0000	0.7568
5551	29.0000	0.7838
1710	30.0000	0.8108
5561	31.0000	0.8378
1770	32.0000	0.8649
6141	33.0000	0.8919
6511	34.0000	0.9189
7061	35.0000	0.9459
8331	36.0000	0.9730
12971	37.0000	1.0000
9501	1.0000	0.2500
9721	2.0000	0.5000
3530	3.0000	0.7500
3580	4.0000	1.0000
14991	1.0000	0.1429
15141	2.0000	0.2857
15281	3.0000	0.4286
15711	4.0000	0.5714
15861	5.0000	0.7143
16301	6.0000	0.8571
6750	7.0000	1.0000
19371	1.0000	0.5000
19391	2.0000	1.0000
511	1.0000	0.3333
571	2.0000	0.6667
2421	3.0000	1.0000
6261	1.0000	1.0000
12031	1.0000	0.1429
13001	2.0000	0.2857
18151	3.0000	0.4286
18241	4.0000	0.5714
19321	5.0000	0.7143
19381	6.0000	0.8571
7410	7.0000	1.0000
17351	1.0000	0.3333
17811	2.0000	0.6667
20771	3.0000	1.0000
3191	1.0000	1.0000
9401	1.0000	0.2000
9631	2.0000	0.4000
9771	3.0000	0.6000
9791	4.0000	0.8000
3900	5.0000	1.0000
14941	1.0000	0.2500
15061	2.0000	0.5000
15071	3.0000	0.7500
15081	4.0000	1.0000
19361	1.0000	1.0000
461	1.0000	0.3333
491	2.0000	0.6667
781	3.0000	1.0000
6211	1.0000	0.0500
6601	2.0000	0.1000
6641	3.0000	0.1500
7001	4.0000	0.2000
2060	5.0000	0.2500
2260	6.0000	0.3000
7421	7.0000	0.3500
2280	8.0000	0.4000
7741	9.0000	0.4500
8841	10.0000	0.5000
13491	11.0000	0.5500
13691	12.0000	0.6000
14001	13.0000	0.6500
16701	14.0000	0.7000
7150	15.0000	0.7500
17121	16.0000	0.8000
7340	17.0000	0.8500
17681	18.0000	0.9000
19231	19.0000	0.9500
19301	20.0000	1.0000
12011	1.0000	0.3333
12051	2.0000	0.6667
13351	3.0000	1.0000
17341	1.0000	1.0000
2921	1.0000	0.5000
3271	2.0000	1.0000
9351	1.0000	0.2000
9361	2.0000	0.4000
9391	3.0000	0.6000
9441	4.0000	0.8000
9451	5.0000	1.0000
14881	1.0000	0.2000
14891	2.0000	0.4000
14901	3.0000	0.6000
6160	4.0000	0.8000
15241	5.0000	1.0000
19211	1.0000	0.3333
19291	2.0000	0.6667
7350	3.0000	1.0000
421	1.0000	0.0769
791	2.0000	0.1538
2781	3.0000	0.2308
690	4.0000	0.3077
720	5.0000	0.3846
850	6.0000	0.4615
920	7.0000	0.5385
930	8.0000	0.6154
3101	9.0000	0.6923
3151	10.0000	0.7692
8291	11.0000	0.8462
8391	12.0000	0.9231
3670	13.0000	1.0000
6051	1.0000	0.3333
6111	2.0000	0.6667
6491	3.0000	1.0000
11981	1.0000	0.1429
12001	2.0000	0.2857
12281	3.0000	0.4286
12881	4.0000	0.5714
12911	5.0000	0.7143
13101	6.0000	0.8571
13211	7.0000	1.0000
17321	1.0000	1.0000
2631	1.0000	0.3333
11941	2.0000	0.6667
11951	3.0000	1.0000
9281	1.0000	0.2500
9381	2.0000	0.5000
9731	3.0000	0.7500
9821	4.0000	1.0000
14851	1.0000	0.2000
15121	2.0000	0.4000
6280	3.0000	0.6000
6290	4.0000	0.8000
15171	5.0000	1.0000
19201	1.0000	0.0667
19221	2.0000	0.1333
7360	3.0000	0.2000
7380	4.0000	0.2667
7390	5.0000	0.3333
7420	6.0000	0.4000
7450	7.0000	0.4667
19311	8.0000	0.5333
19331	9.0000	0.6000
19341	10.0000	0.6667
19351	11.0000	0.7333
19421	12.0000	0.8000
19471	13.0000	0.8667
19861	14.0000	0.9333
7460	15.0000	1.0000
381	1.0000	0.1667
831	2.0000	0.3333
1001	3.0000	0.5000
3571	4.0000	0.6667
3621	5.0000	0.8333
7251	6.0000	1.0000
5961	1.0000	0.0833
5981	2.0000	0.1667
1890	3.0000	0.2500
6061	4.0000	0.3333
6101	5.0000	0.4167
6311	6.0000	0.5000
6321	7.0000	0.5833
7071	8.0000	0.6667
7191	9.0000	0.7500
7221	10.0000	0.8333
7411	11.0000	0.9167
8271	12.0000	1.0000
11971	1.0000	1.0000
17291	1.0000	0.0714
17311	2.0000	0.1429
17331	3.0000	0.2143
17431	4.0000	0.2857
17451	5.0000	0.3571
17531	6.0000	0.4286
17551	7.0000	0.5000
17571	8.0000	0.5714
17641	9.0000	0.6429
17781	10.0000	0.7143
17791	11.0000	0.7857
7060	12.0000	0.8571
17951	13.0000	0.9286
18311	14.0000	1.0000
2381	1.0000	0.0294
4171	2.0000	0.0588
1330	3.0000	0.0882
1440	4.0000	0.1176
1510	5.0000	0.1471
1650	6.0000	0.1765
1900	7.0000	0.2059
4261	8.0000	0.2353
1320	9.0000	0.2647
4271	10.0000	0.2941
1150	11.0000	0.3235
1730	12.0000	0.3529
1920	13.0000	0.3824
4080	14.0000	0.4118
4321	15.0000	0.4412
1160	16.0000	0.4706
4681	17.0000	0.5000
1310	18.0000	0.5294
1560	19.0000	0.5588
4701	20.0000	0.5882
4961	21.0000	0.6176
5011	22.0000	0.6471
5521	23.0000	0.6765
5771	24.0000	0.7059
5791	25.0000	0.7353
5901	26.0000	0.7647
6011	27.0000	0.7941
6191	28.0000	0.8235
6371	29.0000	0.8529
7791	30.0000	0.8824
2480	31.0000	0.9118
8021	32.0000	0.9412
8521	33.0000	0.9706
8611	34.0000	1.0000
9251	1.0000	0.5000
9271	2.0000	1.0000
14741	1.0000	0.1667
14801	2.0000	0.3333
14841	3.0000	0.5000
15321	4.0000	0.6667
15601	5.0000	0.8333
16841	6.0000	1.0000
19171	1.0000	1.0000
291	1.0000	0.1000
341	2.0000	0.2000
30	3.0000	0.3000
40	4.0000	0.4000
431	5.0000	0.5000
441	6.0000	0.6000
801	7.0000	0.7000
1051	8.0000	0.8000
3691	9.0000	0.9000
7381	10.0000	1.0000
5951	1.0000	0.5000
6151	2.0000	1.0000
11911	1.0000	1.0000
17231	1.0000	0.1429
17261	2.0000	0.2857
17271	3.0000	0.4286
17301	4.0000	0.5714
17461	5.0000	0.7143
17491	6.0000	0.8571
17591	7.0000	1.0000
2171	1.0000	0.2000
2691	2.0000	0.4000
800	3.0000	0.6000
2711	4.0000	0.8000
2771	5.0000	1.0000
9211	1.0000	0.0667
9481	2.0000	0.1333
9541	3.0000	0.2000
9681	4.0000	0.2667
4250	5.0000	0.3333
9701	6.0000	0.4000
3450	7.0000	0.4667
9881	8.0000	0.5333
9901	9.0000	0.6000
10981	10.0000	0.6667
4750	11.0000	0.7333
11171	12.0000	0.8000
11231	13.0000	0.8667
11281	14.0000	0.9333
12641	15.0000	1.0000
14681	1.0000	1.0000
19081	1.0000	0.1250
20141	2.0000	0.2500
20201	3.0000	0.3750
20351	4.0000	0.5000
7610	5.0000	0.6250
7620	6.0000	0.7500
7680	7.0000	0.8750
20521	8.0000	1.0000
281	1.0000	0.1429
941	2.0000	0.2857
971	3.0000	0.4286
2141	4.0000	0.5714
4851	5.0000	0.7143
8111	6.0000	0.8571
8131	7.0000	1.0000
5931	1.0000	0.1250
6121	2.0000	0.2500
1940	3.0000	0.3750
7031	4.0000	0.5000
8261	5.0000	0.6250
2630	6.0000	0.7500
2650	7.0000	0.8750
8401	8.0000	1.0000
11901	1.0000	0.3333
14021	2.0000	0.6667
14421	3.0000	1.0000
17211	1.0000	0.0556
17241	2.0000	0.1111
17251	3.0000	0.1667
7050	4.0000	0.2222
17281	5.0000	0.2778
17411	6.0000	0.3333
17541	7.0000	0.3889
6990	8.0000	0.4444
7000	9.0000	0.5000
17601	10.0000	0.5556
17861	11.0000	0.6111
17911	12.0000	0.6667
18021	13.0000	0.7222
18041	14.0000	0.7778
18081	15.0000	0.8333
18281	16.0000	0.8889
7190	17.0000	0.9444
18291	18.0000	1.0000
2051	1.0000	0.0345
2281	2.0000	0.0690
1810	3.0000	0.1034
2180	4.0000	0.1379
2961	5.0000	0.1724
1820	6.0000	0.2069
3211	7.0000	0.2414
3301	8.0000	0.2759
1830	9.0000	0.3103
3741	10.0000	0.3448
1760	11.0000	0.3793
1790	12.0000	0.4138
4041	13.0000	0.4483
4051	14.0000	0.4828
1800	15.0000	0.5172
4091	16.0000	0.5517
4391	17.0000	0.5862
4421	18.0000	0.6207
4981	19.0000	0.6552
5071	20.0000	0.6897
1840	21.0000	0.7241
5851	22.0000	0.7586
1960	23.0000	0.7931
6201	24.0000	0.8276
1850	25.0000	0.8621
1930	26.0000	0.8966
1950	27.0000	0.9310
6381	28.0000	0.9655
2150	29.0000	1.0000
9081	1.0000	0.0244
9291	2.0000	0.0488
3120	3.0000	0.0732
3170	4.0000	0.0976
3180	5.0000	0.1220
3190	6.0000	0.1463
3210	7.0000	0.1707
9331	8.0000	0.1951
3290	9.0000	0.2195
3350	10.0000	0.2439
3440	11.0000	0.2683
9371	12.0000	0.2927
3700	13.0000	0.3171
9561	14.0000	0.3415
9611	15.0000	0.3659
9671	16.0000	0.3902
3260	17.0000	0.4146
3360	18.0000	0.4390
9741	19.0000	0.4634
3370	20.0000	0.4878
3390	21.0000	0.5122
3410	22.0000	0.5366
3420	23.0000	0.5610
3430	24.0000	0.5854
3470	25.0000	0.6098
9841	26.0000	0.6341
3520	27.0000	0.6585
3620	28.0000	0.6829
9911	29.0000	0.7073
3600	30.0000	0.7317
3610	31.0000	0.7561
9981	32.0000	0.7805
3730	33.0000	0.8049
3750	34.0000	0.8293
9991	35.0000	0.8537
10171	36.0000	0.8780
10431	37.0000	0.9024
3810	38.0000	0.9268
3830	39.0000	0.9512
10591	40.0000	0.9756
10611	41.0000	1.0000
14651	1.0000	0.1667
14661	2.0000	0.3333
14701	3.0000	0.5000
14811	4.0000	0.6667
14821	5.0000	0.8333
14831	6.0000	1.0000
19071	1.0000	0.1429
19121	2.0000	0.2857
19701	3.0000	0.4286
19771	4.0000	0.5714
20731	5.0000	0.7143
21101	6.0000	0.8571
7870	7.0000	1.0000
271	1.0000	0.0556
361	2.0000	0.1111
401	3.0000	0.1667
821	4.0000	0.2222
1251	5.0000	0.2778
830	6.0000	0.3333
1590	7.0000	0.3889
3501	8.0000	0.4444
870	9.0000	0.5000
5641	10.0000	0.5556
9871	11.0000	0.6111
5970	12.0000	0.6667
11211	13.0000	0.7222
12991	14.0000	0.7778
13411	15.0000	0.8333
13761	16.0000	0.8889
13781	17.0000	0.9444
14481	18.0000	1.0000
5921	1.0000	0.5000
6131	2.0000	1.0000
11881	1.0000	0.0714
11891	2.0000	0.1429
12651	3.0000	0.2143
5070	4.0000	0.2857
5410	5.0000	0.3571
5540	6.0000	0.4286
12831	7.0000	0.5000
5200	8.0000	0.5714
5220	9.0000	0.6429
13171	10.0000	0.7143
5210	11.0000	0.7857
5230	12.0000	0.8571
5910	13.0000	0.9286
5920	14.0000	1.0000
17161	1.0000	1.0000
2041	1.0000	0.0526
2431	2.0000	0.1053
2761	3.0000	0.1579
2821	4.0000	0.2105
3121	5.0000	0.2632
3521	6.0000	0.3158
3591	7.0000	0.3684
3651	8.0000	0.4211
3661	9.0000	0.4737
3751	10.0000	0.5263
3771	11.0000	0.5789
960	12.0000	0.6316
2080	13.0000	0.6842
3821	14.0000	0.7368
4121	15.0000	0.7895
4501	16.0000	0.8421
5631	17.0000	0.8947
6361	18.0000	0.9474
6611	19.0000	1.0000
9061	1.0000	0.2500
9101	2.0000	0.5000
2940	3.0000	0.7500
2960	4.0000	1.0000
14631	1.0000	0.5000
16741	2.0000	1.0000
18981	1.0000	0.1250
19871	2.0000	0.2500
7500	3.0000	0.3750
7540	4.0000	0.5000
7550	5.0000	0.6250
20031	6.0000	0.7500
7570	7.0000	0.8750
20421	8.0000	1.0000
241	1.0000	0.1250
411	2.0000	0.2500
60	3.0000	0.3750
70	4.0000	0.5000
80	5.0000	0.6250
861	6.0000	0.7500
6620	7.0000	0.8750
15851	8.0000	1.0000
5781	1.0000	0.1250
9651	2.0000	0.2500
13031	3.0000	0.3750
15571	4.0000	0.5000
16911	5.0000	0.6250
18141	6.0000	0.7500
19031	7.0000	0.8750
20711	8.0000	1.0000
11851	1.0000	1.0000
17111	1.0000	0.2500
17141	2.0000	0.5000
17631	3.0000	0.7500
17851	4.0000	1.0000
2021	1.0000	1.0000
9021	1.0000	0.1667
9041	2.0000	0.3333
3220	3.0000	0.5000
3380	4.0000	0.6667
9621	5.0000	0.8333
13661	6.0000	1.0000
14501	1.0000	1.0000
18961	1.0000	0.5000
19141	2.0000	1.0000
231	1.0000	0.3333
501	2.0000	0.6667
771	3.0000	1.0000
5751	1.0000	1.0000
11801	1.0000	0.1111
11811	2.0000	0.2222
4230	3.0000	0.3333
11821	4.0000	0.4444
4710	5.0000	0.5556
12211	6.0000	0.6667
5180	7.0000	0.7778
5610	8.0000	0.8889
12661	9.0000	1.0000
17031	1.0000	0.3333
17061	2.0000	0.6667
6870	3.0000	1.0000
2011	1.0000	1.0000
8981	1.0000	0.3333
9141	2.0000	0.6667
9431	3.0000	1.0000
14491	1.0000	0.0909
14611	2.0000	0.1818
14691	3.0000	0.2727
6050	4.0000	0.3636
6130	5.0000	0.4545
6150	6.0000	0.5455
14981	7.0000	0.6364
6190	8.0000	0.7273
15011	9.0000	0.8182
6610	10.0000	0.9091
15361	11.0000	1.0000
18941	1.0000	1.0000
221	1.0000	0.1429
331	2.0000	0.2857
471	3.0000	0.4286
1801	4.0000	0.5714
2101	5.0000	0.7143
740	6.0000	0.8571
3681	7.0000	1.0000
5741	1.0000	0.1111
5911	2.0000	0.2222
6251	3.0000	0.3333
6281	4.0000	0.4444
6411	5.0000	0.5556
6561	6.0000	0.6667
11091	7.0000	0.7778
12291	8.0000	0.8889
4890	9.0000	1.0000
11791	1.0000	0.0625
11841	2.0000	0.1250
4340	3.0000	0.1875
11921	4.0000	0.2500
4330	5.0000	0.3125
4410	6.0000	0.3750
4450	7.0000	0.4375
4470	8.0000	0.5000
12131	9.0000	0.5625
12151	10.0000	0.6250
4590	11.0000	0.6875
12421	12.0000	0.7500
4740	13.0000	0.8125
4960	14.0000	0.8750
12781	15.0000	0.9375
5040	16.0000	1.0000
17011	1.0000	0.5000
17081	2.0000	1.0000
1981	1.0000	1.0000
8931	1.0000	0.1111
8941	2.0000	0.2222
8971	3.0000	0.3333
9051	4.0000	0.4444
3080	5.0000	0.5556
9301	6.0000	0.6667
9311	7.0000	0.7778
3110	8.0000	0.8889
3130	9.0000	1.0000
14461	1.0000	0.1000
14471	2.0000	0.2000
14551	3.0000	0.3000
14781	4.0000	0.4000
15621	5.0000	0.5000
6590	6.0000	0.6000
15671	7.0000	0.7000
15941	8.0000	0.8000
16381	9.0000	0.9000
16411	10.0000	1.0000
18931	1.0000	0.2500
19051	2.0000	0.5000
21111	3.0000	0.7500
21321	4.0000	1.0000
191	1.0000	0.0833
391	2.0000	0.1667
50	3.0000	0.2500
481	4.0000	0.3333
621	5.0000	0.4167
330	6.0000	0.5000
631	7.0000	0.5833
360	8.0000	0.6667
671	9.0000	0.7500
921	10.0000	0.8333
961	11.0000	0.9167
340	12.0000	1.0000
5671	1.0000	1.0000
11761	1.0000	1.0000
16881	1.0000	1.0000
1871	1.0000	0.0164
2061	2.0000	0.0328
750	3.0000	0.0492
2860	4.0000	0.0656
2111	5.0000	0.0820
760	6.0000	0.0984
2581	7.0000	0.1148
2681	8.0000	0.1311
770	9.0000	0.1475
2721	10.0000	0.1639
2751	11.0000	0.1803
780	12.0000	0.1967
2811	13.0000	0.2131
2831	14.0000	0.2295
1230	15.0000	0.2459
2851	16.0000	0.2623
2861	17.0000	0.2787
3111	18.0000	0.2951
3171	19.0000	0.3115
3541	20.0000	0.3279
3631	21.0000	0.3443
3731	22.0000	0.3607
3871	23.0000	0.3770
3901	24.0000	0.3934
1010	25.0000	0.4098
1090	26.0000	0.4262
1100	27.0000	0.4426
1130	28.0000	0.4590
1170	29.0000	0.4754
1690	30.0000	0.4918
4021	31.0000	0.5082
4201	32.0000	0.5246
4241	33.0000	0.5410
1140	34.0000	0.5574
4371	35.0000	0.5738
1180	36.0000	0.5902
4401	37.0000	0.6066
4671	38.0000	0.6230
4691	39.0000	0.6393
4721	40.0000	0.6557
4741	41.0000	0.6721
2850	42.0000	0.6885
2890	43.0000	0.7049
4821	44.0000	0.7213
4881	45.0000	0.7377
1470	46.0000	0.7541
5021	47.0000	0.7705
1410	48.0000	0.7869
5101	49.0000	0.8033
5221	50.0000	0.8197
5281	51.0000	0.8361
5591	52.0000	0.8525
5801	53.0000	0.8689
5821	54.0000	0.8852
5881	55.0000	0.9016
1910	56.0000	0.9180
5891	57.0000	0.9344
5941	58.0000	0.9508
6181	59.0000	0.9672
6231	60.0000	0.9836
6531	61.0000	1.0000
8861	1.0000	0.1667
9001	2.0000	0.3333
9091	3.0000	0.5000
9121	4.0000	0.6667
10451	5.0000	0.8333
10491	6.0000	1.0000
14401	1.0000	0.3333
15231	2.0000	0.6667
6480	3.0000	1.0000
18911	1.0000	0.3333
19061	2.0000	0.6667
19131	3.0000	1.0000
181	1.0000	0.0833
251	2.0000	0.1667
311	3.0000	0.2500
371	4.0000	0.3333
240	5.0000	0.4167
991	6.0000	0.5000
250	7.0000	0.5833
1021	8.0000	0.6667
260	9.0000	0.7500
1331	10.0000	0.8333
270	11.0000	0.9167
1611	12.0000	1.0000
5621	1.0000	0.0714
6811	2.0000	0.1429
2160	3.0000	0.2143
2170	4.0000	0.2857
2360	5.0000	0.3571
6911	6.0000	0.4286
6941	7.0000	0.5000
6951	8.0000	0.5714
6961	9.0000	0.6429
6971	10.0000	0.7143
6981	11.0000	0.7857
2220	12.0000	0.8571
7751	13.0000	0.9286
7871	14.0000	1.0000
11421	1.0000	0.0227
11431	2.0000	0.0455
4160	3.0000	0.0682
11441	4.0000	0.0909
4180	5.0000	0.1136
4240	6.0000	0.1364
4440	7.0000	0.1591
4460	8.0000	0.1818
4480	9.0000	0.2045
4510	10.0000	0.2273
4690	11.0000	0.2500
11451	12.0000	0.2727
11461	13.0000	0.2955
4210	14.0000	0.3182
4520	15.0000	0.3409
5500	16.0000	0.3636
11471	17.0000	0.3864
11481	18.0000	0.4091
4220	19.0000	0.4318
4550	20.0000	0.4545
5510	21.0000	0.4773
11491	22.0000	0.5000
11511	23.0000	0.5227
4370	24.0000	0.5455
4570	25.0000	0.5682
11531	26.0000	0.5909
4380	27.0000	0.6136
4610	28.0000	0.6364
11541	29.0000	0.6591
4620	30.0000	0.6818
11551	31.0000	0.7045
4400	32.0000	0.7273
4630	33.0000	0.7500
11561	34.0000	0.7727
4390	35.0000	0.7955
4640	36.0000	0.8182
11571	37.0000	0.8409
12251	38.0000	0.8636
4680	39.0000	0.8864
4910	40.0000	0.9091
4970	41.0000	0.9318
5100	42.0000	0.9545
5110	43.0000	0.9773
5600	44.0000	1.0000
16671	1.0000	0.1429
16711	2.0000	0.2857
16981	3.0000	0.4286
6910	4.0000	0.5714
6970	5.0000	0.7143
17221	6.0000	0.8571
17401	7.0000	1.0000
1841	1.0000	0.0769
1971	2.0000	0.1538
2001	3.0000	0.2308
2131	4.0000	0.3077
2191	5.0000	0.3846
2641	6.0000	0.4615
3811	7.0000	0.5385
3921	8.0000	0.6154
4151	9.0000	0.6923
7361	10.0000	0.7692
15731	11.0000	0.8462
15891	12.0000	0.9231
15901	13.0000	1.0000
8851	1.0000	0.2500
9171	2.0000	0.5000
4070	3.0000	0.7500
9231	4.0000	1.0000
14381	1.0000	0.2500
14531	2.0000	0.5000
14571	3.0000	0.7500
15101	4.0000	1.0000
18821	1.0000	0.5000
19281	2.0000	1.0000
161	1.0000	1.0000
5571	1.0000	1.0000
11411	1.0000	0.3333
11731	2.0000	0.6667
4320	3.0000	1.0000
16641	1.0000	0.2000
16781	2.0000	0.4000
16901	3.0000	0.6000
17761	4.0000	0.8000
7140	5.0000	1.0000
1771	1.0000	0.2500
1831	2.0000	0.5000
510	3.0000	0.7500
640	4.0000	1.0000
8731	1.0000	0.3333
8781	2.0000	0.6667
8791	3.0000	1.0000
14371	1.0000	1.0000
18801	1.0000	0.2000
19161	2.0000	0.4000
19241	3.0000	0.6000
19271	4.0000	0.8000
20791	5.0000	1.0000
151	1.0000	0.2500
871	2.0000	0.5000
881	3.0000	0.7500
3711	4.0000	1.0000
5531	1.0000	1.0000
11331	1.0000	0.0323
11351	2.0000	0.0645
4350	3.0000	0.0968
4360	4.0000	0.1290
4780	5.0000	0.1613
4820	6.0000	0.1935
4830	7.0000	0.2258
4850	8.0000	0.2581
11361	9.0000	0.2903
4840	10.0000	0.3226
11401	11.0000	0.3548
11581	12.0000	0.3871
11601	13.0000	0.4194
11631	14.0000	0.4516
11641	15.0000	0.4839
4800	16.0000	0.5161
11671	17.0000	0.5484
11691	18.0000	0.5806
11711	19.0000	0.6129
12481	20.0000	0.6452
12521	21.0000	0.6774
13231	22.0000	0.7097
13531	23.0000	0.7419
5450	24.0000	0.7742
13541	25.0000	0.8065
5460	26.0000	0.8387
13561	27.0000	0.8710
5530	28.0000	0.9032
5550	29.0000	0.9355
5640	30.0000	0.9677
5850	31.0000	1.0000
16631	1.0000	1.0000
1751	1.0000	0.5000
4931	2.0000	1.0000
8651	1.0000	0.5000
10141	2.0000	1.0000
14361	1.0000	0.5000
15391	2.0000	1.0000
18791	1.0000	1.0000
141	1.0000	0.2000
451	2.0000	0.4000
130	3.0000	0.6000
180	4.0000	0.8000
1221	5.0000	1.0000
5481	1.0000	0.1667
5511	2.0000	0.3333
5871	3.0000	0.5000
6041	4.0000	0.6667
6301	5.0000	0.8333
6521	6.0000	1.0000
11271	1.0000	1.0000
16601	1.0000	0.1250
16961	2.0000	0.2500
16971	3.0000	0.3750
16991	4.0000	0.5000
17041	5.0000	0.6250
6850	6.0000	0.7500
17101	7.0000	0.8750
17561	8.0000	1.0000
1731	1.0000	1.0000
8561	1.0000	0.3333
8901	2.0000	0.6667
8991	3.0000	1.0000
14351	1.0000	0.0667
14431	2.0000	0.1333
14721	3.0000	0.2000
6640	4.0000	0.2667
6660	5.0000	0.3333
14861	6.0000	0.4000
6650	7.0000	0.4667
14871	8.0000	0.5333
14921	9.0000	0.6000
6170	10.0000	0.6667
15551	11.0000	0.7333
6500	12.0000	0.8000
6570	13.0000	0.8667
6600	14.0000	0.9333
15811	15.0000	1.0000
18671	1.0000	0.2500
18681	2.0000	0.5000
18691	3.0000	0.7500
18921	4.0000	1.0000
131	1.0000	0.1667
2071	2.0000	0.3333
2881	3.0000	0.5000
3791	4.0000	0.6667
4521	5.0000	0.8333
1210	6.0000	1.0000
5471	1.0000	0.2000
5661	2.0000	0.4000
1600	3.0000	0.6000
5701	4.0000	0.8000
5761	5.0000	1.0000
11221	1.0000	0.2000
11301	2.0000	0.4000
11381	3.0000	0.6000
4120	4.0000	0.8000
4150	5.0000	1.0000
16571	1.0000	0.5000
16751	2.0000	1.0000
1691	1.0000	0.0714
1861	2.0000	0.1429
610	3.0000	0.2143
6260	4.0000	0.2857
6630	5.0000	0.3571
1911	6.0000	0.4286
1961	7.0000	0.5000
600	8.0000	0.5714
2601	9.0000	0.6429
8091	10.0000	0.7143
2620	11.0000	0.7857
2760	12.0000	0.8571
5560	13.0000	0.9286
8681	14.0000	1.0000
8411	1.0000	0.2000
8451	2.0000	0.4000
8551	3.0000	0.6000
8581	4.0000	0.8000
9461	5.0000	1.0000
14271	1.0000	0.1667
14791	2.0000	0.3333
6110	3.0000	0.5000
6120	4.0000	0.6667
6140	5.0000	0.8333
14971	6.0000	1.0000
18661	1.0000	0.1429
18701	2.0000	0.2857
18721	3.0000	0.4286
18861	4.0000	0.5714
18881	5.0000	0.7143
18891	6.0000	0.8571
18951	7.0000	1.0000
121	1.0000	0.0263
171	2.0000	0.0526
10	3.0000	0.0789
150	4.0000	0.1053
170	5.0000	0.1316
670	6.0000	0.1579
2250	7.0000	0.1842
2300	8.0000	0.2105
201	9.0000	0.2368
20	10.0000	0.2632
220	11.0000	0.2895
430	12.0000	0.3158
480	13.0000	0.3421
650	14.0000	0.3684
2330	15.0000	0.3947
211	16.0000	0.4211
261	17.0000	0.4474
321	18.0000	0.4737
351	19.0000	0.5000
90	20.0000	0.5263
1321	21.0000	0.5526
2801	22.0000	0.5789
1750	23.0000	0.6053
2230	24.0000	0.6316
2320	25.0000	0.6579
2420	26.0000	0.6842
5991	27.0000	0.7105
7081	28.0000	0.7368
7111	29.0000	0.7632
2140	30.0000	0.7895
7581	31.0000	0.8158
2290	32.0000	0.8421
2350	33.0000	0.8684
7711	34.0000	0.8947
2390	35.0000	0.9211
8921	36.0000	0.9474
2910	37.0000	0.9737
9031	38.0000	1.0000
5451	1.0000	0.1111
5611	2.0000	0.2222
5651	3.0000	0.3333
1870	4.0000	0.4444
5831	5.0000	0.5556
5841	6.0000	0.6667
6161	7.0000	0.7778
6171	8.0000	0.8889
6571	9.0000	1.0000
11191	1.0000	0.0192
11201	2.0000	0.0385
4100	3.0000	0.0577
4140	4.0000	0.0769
4490	5.0000	0.0962
11371	6.0000	0.1154
4130	7.0000	0.1346
4300	8.0000	0.1538
11591	9.0000	0.1731
5030	10.0000	0.1923
5290	11.0000	0.2115
11611	12.0000	0.2308
6090	13.0000	0.2500
11621	14.0000	0.2692
4420	15.0000	0.2885
11721	16.0000	0.3077
5300	17.0000	0.3269
5330	18.0000	0.3462
5520	19.0000	0.3654
5880	20.0000	0.3846
11741	21.0000	0.4038
4500	22.0000	0.4231
11931	23.0000	0.4423
4280	24.0000	0.4615
12371	25.0000	0.4808
4870	26.0000	0.5000
4880	27.0000	0.5192
4900	28.0000	0.5385
5000	29.0000	0.5577
5830	30.0000	0.5769
6010	31.0000	0.5962
12561	32.0000	0.6154
13081	33.0000	0.6346
13281	34.0000	0.6538
13341	35.0000	0.6731
5580	36.0000	0.6923
13511	37.0000	0.7115
13671	38.0000	0.7308
13791	39.0000	0.7500
5690	40.0000	0.7692
14281	41.0000	0.7885
5900	42.0000	0.8077
5990	43.0000	0.8269
14291	44.0000	0.8462
6100	45.0000	0.8654
14541	46.0000	0.8846
14561	47.0000	0.9038
6000	48.0000	0.9231
14601	49.0000	0.9423
14641	50.0000	0.9615
14761	51.0000	0.9808
14771	52.0000	1.0000
16561	1.0000	0.1000
16721	2.0000	0.2000
16761	3.0000	0.3000
16771	4.0000	0.4000
16791	5.0000	0.5000
16821	6.0000	0.6000
16951	7.0000	0.7000
6940	8.0000	0.8000
17511	9.0000	0.9000
17521	10.0000	1.0000
1671	1.0000	0.0500
2201	2.0000	0.1000
2271	3.0000	0.1500
2441	4.0000	0.2000
2471	5.0000	0.2500
2561	6.0000	0.3000
2621	7.0000	0.3500
660	8.0000	0.4000
1430	9.0000	0.4500
4581	10.0000	0.5000
6081	11.0000	0.5500
2010	12.0000	0.6000
2070	13.0000	0.6500
11061	14.0000	0.7000
11241	15.0000	0.7500
14171	16.0000	0.8000
5840	17.0000	0.8500
14511	18.0000	0.9000
7310	19.0000	0.9500
7320	20.0000	1.0000
8361	1.0000	0.3333
8381	2.0000	0.6667
8831	3.0000	1.0000
14221	1.0000	0.3333
14341	2.0000	0.6667
14581	3.0000	1.0000
18611	1.0000	0.3333
19001	2.0000	0.6667
7300	3.0000	1.0000
111	1.0000	1.0000
5381	1.0000	0.3333
6621	2.0000	0.6667
2030	3.0000	1.0000
11181	1.0000	0.5000
11261	2.0000	1.0000
16551	1.0000	1.0000
21861	1.0000	0.5000
21891	2.0000	1.0000
1531	1.0000	0.2000
1591	2.0000	0.4000
2161	3.0000	0.6000
3281	4.0000	0.8000
3841	5.0000	1.0000
8341	1.0000	0.3333
9341	2.0000	0.6667
9411	3.0000	1.0000
14191	1.0000	0.3333
14211	2.0000	0.6667
5960	3.0000	1.0000
18581	1.0000	0.2500
19251	2.0000	0.5000
20451	3.0000	0.7500
20541	4.0000	1.0000
101	1.0000	1.0000
5371	1.0000	1.0000
11131	1.0000	0.3333
12771	2.0000	0.6667
12901	3.0000	1.0000
16531	1.0000	1.0000
21811	1.0000	0.2500
21821	2.0000	0.5000
21871	3.0000	0.7500
21881	4.0000	1.0000
1521	1.0000	0.0909
1561	2.0000	0.1818
840	3.0000	0.2727
860	4.0000	0.3636
1651	5.0000	0.4545
940	6.0000	0.5455
1721	7.0000	0.6364
1811	8.0000	0.7273
3511	9.0000	0.8182
3561	10.0000	0.9091
3721	11.0000	1.0000
8301	1.0000	0.2500
8351	2.0000	0.5000
8721	3.0000	0.7500
13121	4.0000	1.0000
14121	1.0000	1.0000
18571	1.0000	0.1000
18591	2.0000	0.2000
18601	3.0000	0.3000
18641	4.0000	0.4000
18711	5.0000	0.5000
18751	6.0000	0.6000
18771	7.0000	0.7000
18811	8.0000	0.8000
18851	9.0000	0.9000
18871	10.0000	1.0000
91	1.0000	1.0000
5321	1.0000	0.5000
5391	2.0000	1.0000
11111	1.0000	0.2000
13721	2.0000	0.4000
5590	3.0000	0.6000
13811	4.0000	0.8000
5740	5.0000	1.0000
16481	1.0000	0.5000
17201	2.0000	1.0000
21771	1.0000	0.2500
21781	2.0000	0.5000
21791	3.0000	0.7500
21801	4.0000	1.0000
1491	1.0000	0.0769
2401	2.0000	0.1538
4791	3.0000	0.2308
6741	4.0000	0.3077
2040	5.0000	0.3846
7861	6.0000	0.4615
2460	7.0000	0.5385
8031	8.0000	0.6154
2470	9.0000	0.6923
12301	10.0000	0.7692
4530	11.0000	0.8462
7730	12.0000	0.9231
15841	13.0000	1.0000
8281	1.0000	0.5000
8771	2.0000	1.0000
14031	1.0000	0.1000
14061	2.0000	0.2000
5750	3.0000	0.3000
14151	4.0000	0.4000
14181	5.0000	0.5000
14201	6.0000	0.6000
14251	7.0000	0.7000
5870	8.0000	0.8000
5890	9.0000	0.9000
16661	10.0000	1.0000
18561	1.0000	0.5000
21561	2.0000	1.0000
81	1.0000	1.0000
5261	1.0000	0.0556
6461	2.0000	0.1111
6471	3.0000	0.1667
7121	4.0000	0.2222
2100	5.0000	0.2778
2130	6.0000	0.3333
2190	7.0000	0.3889
2340	8.0000	0.4444
3310	9.0000	0.5000
7161	10.0000	0.5556
10841	11.0000	0.6111
3970	12.0000	0.6667
11071	13.0000	0.7222
11751	14.0000	0.7778
6720	15.0000	0.8333
12341	16.0000	0.8889
12791	17.0000	0.9444
5050	18.0000	1.0000
11101	1.0000	0.3333
11291	2.0000	0.6667
15351	3.0000	1.0000
16471	1.0000	0.2000
16611	2.0000	0.4000
16681	3.0000	0.6000
16801	4.0000	0.8000
16891	5.0000	1.0000
21751	1.0000	0.3333
21921	2.0000	0.6667
22091	3.0000	1.0000
1481	1.0000	1.0000
8181	1.0000	0.3333
8741	2.0000	0.6667
3340	3.0000	1.0000
14011	1.0000	0.0526
14051	2.0000	0.1053
5710	3.0000	0.1579
5760	4.0000	0.2105
5770	5.0000	0.2632
5780	6.0000	0.3158
6460	7.0000	0.3684
14111	8.0000	0.4211
14161	9.0000	0.4737
6470	10.0000	0.5263
6490	11.0000	0.5789
6540	12.0000	0.6316
6930	13.0000	0.6842
15701	14.0000	0.7368
6550	15.0000	0.7895
6560	16.0000	0.8421
15721	17.0000	0.8947
17131	18.0000	0.9474
17371	19.0000	1.0000
18521	1.0000	0.5000
18541	2.0000	1.0000
71	1.0000	1.0000
5211	1.0000	0.5000
5241	2.0000	1.0000
10971	1.0000	1.0000
16291	1.0000	0.2000
16451	2.0000	0.4000
16521	3.0000	0.6000
16581	4.0000	0.8000
16931	5.0000	1.0000
21661	1.0000	0.5000
21701	2.0000	1.0000
1461	1.0000	0.2000
2731	2.0000	0.4000
3091	3.0000	0.6000
3391	4.0000	0.8000
3471	5.0000	1.0000
8121	1.0000	0.1429
8151	2.0000	0.2857
8221	3.0000	0.4286
8231	4.0000	0.5714
8491	5.0000	0.7143
8761	6.0000	0.8571
8821	7.0000	1.0000
13981	1.0000	0.2000
14081	2.0000	0.4000
14231	3.0000	0.6000
14731	4.0000	0.8000
15561	5.0000	1.0000
18511	1.0000	0.3333
18531	2.0000	0.6667
7270	3.0000	1.0000
61	1.0000	1.0000
5151	1.0000	0.1250
5161	2.0000	0.2500
5251	3.0000	0.3750
1520	4.0000	0.5000
5291	5.0000	0.6250
5331	6.0000	0.7500
5351	7.0000	0.8750
1550	8.0000	1.0000
10901	1.0000	0.5000
11141	2.0000	1.0000
16281	1.0000	0.1667
16361	2.0000	0.3333
6790	3.0000	0.5000
16401	4.0000	0.6667
16431	5.0000	0.8333
16621	6.0000	1.0000
21641	1.0000	0.2500
21711	2.0000	0.5000
21721	3.0000	0.7500
21741	4.0000	1.0000
1431	1.0000	0.2000
2311	2.0000	0.4000
2671	3.0000	0.6000
3531	4.0000	0.8000
5401	5.0000	1.0000
8081	1.0000	0.5000
8211	2.0000	1.0000
13961	1.0000	0.0588
13991	2.0000	0.1176
14041	3.0000	0.1765
5720	4.0000	0.2353
6020	5.0000	0.2941
6060	6.0000	0.3529
6070	7.0000	0.4118
6080	8.0000	0.4706
6510	9.0000	0.5294
6580	10.0000	0.5882
14141	11.0000	0.6471
5790	12.0000	0.7059
5800	13.0000	0.7647
6030	14.0000	0.8235
6040	15.0000	0.8824
6520	16.0000	0.9412
15751	17.0000	1.0000
18501	1.0000	1.0000
51	1.0000	1.0000
5121	1.0000	0.2000
5501	2.0000	0.4000
1720	3.0000	0.6000
5581	4.0000	0.8000
5601	5.0000	1.0000
10861	1.0000	0.5000
10911	2.0000	1.0000
16271	1.0000	0.2000
16351	2.0000	0.4000
16371	3.0000	0.6000
16651	4.0000	0.8000
6810	5.0000	1.0000
21571	1.0000	1.0000
1421	1.0000	0.1667
5441	2.0000	0.3333
1540	3.0000	0.5000
6761	4.0000	0.6667
2430	5.0000	0.8333
4950	6.0000	1.0000
7991	1.0000	1.0000
13861	1.0000	0.3333
13881	2.0000	0.6667
14131	3.0000	1.0000
18491	1.0000	1.0000
41	1.0000	1.0000
5111	1.0000	0.0455
5141	2.0000	0.0909
5191	3.0000	0.1364
5201	4.0000	0.1818
6091	5.0000	0.2273
6671	6.0000	0.2727
6831	7.0000	0.3182
7401	8.0000	0.3636
7891	9.0000	0.4091
9201	10.0000	0.4545
3200	11.0000	0.5000
3500	12.0000	0.5455
3510	13.0000	0.5909
3760	14.0000	0.6364
3890	15.0000	0.6818
9581	16.0000	0.7273
3490	17.0000	0.7727
3590	18.0000	0.8182
10811	19.0000	0.8636
17391	20.0000	0.9091
18071	21.0000	0.9545
21761	22.0000	1.0000
10831	1.0000	0.5000
11311	2.0000	1.0000
16141	1.0000	0.1111
16211	2.0000	0.2222
16221	3.0000	0.3333
6740	4.0000	0.4444
16231	5.0000	0.5556
6760	6.0000	0.6667
16241	7.0000	0.7778
16691	8.0000	0.8889
16811	9.0000	1.0000
21391	1.0000	0.2500
21431	2.0000	0.5000
21491	3.0000	0.7500
7920	4.0000	1.0000
1311	1.0000	0.0909
1361	2.0000	0.1818
1391	3.0000	0.2727
290	4.0000	0.3636
1951	5.0000	0.4545
2571	6.0000	0.5455
630	7.0000	0.6364
2841	8.0000	0.7273
2110	9.0000	0.8182
11661	10.0000	0.9091
4990	11.0000	1.0000
7981	1.0000	0.2500
8061	2.0000	0.5000
8251	3.0000	0.7500
8541	4.0000	1.0000
13801	1.0000	0.1250
13831	2.0000	0.2500
5630	3.0000	0.3750
13841	4.0000	0.5000
5650	5.0000	0.6250
7430	6.0000	0.7500
7820	7.0000	0.8750
21091	8.0000	1.0000
18441	1.0000	0.3333
18471	2.0000	0.6667
18621	3.0000	1.0000
31	1.0000	1.0000
5081	1.0000	1.0000
10761	1.0000	0.3333
10951	2.0000	0.6667
11321	3.0000	1.0000
16111	1.0000	0.1429
21051	2.0000	0.2857
21121	3.0000	0.4286
7830	4.0000	0.5714
7840	5.0000	0.7143
21241	6.0000	0.8571
7910	7.0000	1.0000
21341	1.0000	0.5000
21691	2.0000	1.0000
1241	1.0000	0.5000
3261	2.0000	1.0000
7931	1.0000	1.0000
13601	1.0000	0.1000
13621	2.0000	0.2000
13631	3.0000	0.3000
13911	4.0000	0.4000
5670	5.0000	0.5000
5700	6.0000	0.6000
14391	7.0000	0.7000
14411	8.0000	0.8000
5940	9.0000	0.9000
5950	10.0000	1.0000
18421	1.0000	0.5000
18451	2.0000	1.0000
5061	1.0000	0.3333
5091	2.0000	0.6667
5421	3.0000	1.0000
10681	1.0000	0.2500
10701	2.0000	0.5000
11831	3.0000	0.7500
12141	4.0000	1.0000
16101	1.0000	0.1111
16151	2.0000	0.2222
16201	3.0000	0.3333
6780	4.0000	0.4444
7010	5.0000	0.5556
16391	6.0000	0.6667
16851	7.0000	0.7778
18901	8.0000	0.8889
20751	9.0000	1.0000
21311	1.0000	0.5000
21331	2.0000	1.0000
1231	1.0000	0.1667
1301	2.0000	0.3333
1411	3.0000	0.5000
1501	4.0000	0.6667
1511	5.0000	0.8333
3351	6.0000	1.0000
7821	1.0000	0.2000
7971	2.0000	0.4000
9751	3.0000	0.6000
10181	4.0000	0.8000
3710	5.0000	1.0000
13551	1.0000	0.5000
14091	2.0000	1.0000
18391	1.0000	1.0000
11	1.0000	1.0000
5001	1.0000	0.5000
5691	2.0000	1.0000
10641	1.0000	0.5000
10651	2.0000	1.0000
16081	1.0000	1.0000
21201	1.0000	0.1667
21221	2.0000	0.3333
21231	3.0000	0.5000
7850	4.0000	0.6667
21371	5.0000	0.8333
21631	6.0000	1.0000
1201	1.0000	0.3333
1211	2.0000	0.6667
4781	3.0000	1.0000
7731	1.0000	1.0000
13451	1.0000	0.1667
13471	2.0000	0.3333
13481	3.0000	0.5000
5420	4.0000	0.6667
13651	5.0000	0.8333
13731	6.0000	1.0000
