ID	DIC	FILLERS	
4991	74.8571	0.0000	
10631	79.7101	0.0000	
11001	75.3846	0.0000	
11011	78.3654	0.0000	
12021	54.5455	0.0000	
16061	67.0000	0.0000	
20851	84.6154	0.0000	
20861	81.3725	0.0000	
7790	81.4815	0.0000	
1171	81.2500	0.0000	
1291	92.5926	0.0000	
570	80.0000	0.0000	
1401	80.2469	0.0000	
300	85.1064	0.0000	
370	87.5000	0.0000	
390	68.0982	0.0000	
400	86.0000	0.0000	
5930	87.9310	0.0000	
6340	83.9286	0.0000	
6840	79.2271	0.0000	
1581	70.0000	0.0000	
1621	56.8182	0.0000	
350	71.4286	0.0000	
470	80.0000	0.0000	
730	58.4416	0.0000	
1761	73.9130	0.0000	
2081	42.0000	0.0000	
2211	69.6429	0.0000	
2651	83.3333	0.0000	
2911	73.3333	0.0000	
3161	83.3333	0.0000	
3241	77.7778	0.0000	
6880	72.2222	0.0000	
3341	85.9649	0.0000	
790	89.8734	0.0000	
1050	87.0968	0.0000	
3401	80.0000	0.0000	
10781	57.1429	0.0000	
17151	84.7458	0.0000	
17381	66.6667	0.0000	
7721	87.7551	0.0000	
7911	90.4762	0.0000	
7941	60.0000	0.0000	
7961	85.2941	0.0000	
2750	85.4167	0.0000	
8041	75.8242	0.0000	
2510	87.5000	0.0000	
2520	72.7273	0.0000	
2590	72.5000	0.0000	
2600	50.0000	0.0000	
2610	50.0000	0.0000	
2720	78.0822	0.0000	
2730	85.1351	0.0000	
2870	73.8462	0.0000	
2880	72.2222	0.0000	
8071	84.2105	0.0000	
2640	90.9091	0.0000	
8161	89.0411	0.0000	
2550	84.9462	0.0000	
8191	93.5484	0.0000	
2580	92.5926	0.0000	
8371	82.6087	0.0000	
3020	91.6667	0.0000	
3040	84.0000	0.0000	
3820	81.2500	0.0000	
8511	86.7257	0.0000	
3050	70.9677	0.0000	
8531	79.4872	0.0000	
3060	75.7576	0.0000	
3850	74.5902	0.0000	
3870	88.8889	0.0000	
3880	79.7203	0.0000	
8591	74.0741	0.0000	
8621	72.4138	0.0000	
3070	81.8182	0.0000	
3140	70.1031	0.0000	
8631	82.3529	0.0000	
2780	88.2353	0.0000	
2900	76.9231	0.0000	
8671	84.5070	0.0000	
2950	90.0000	0.0000	
8711	93.3333	0.0000	
8891	80.4878	0.0000	
3240	60.0000	0.0000	
3250	72.7273	0.0000	
3270	82.0513	0.0000	
3460	60.0000	0.0000	
3860	70.0000	0.0000	
9011	93.3333	0.0000	
9161	66.6667	0.0000	
9191	79.2453	0.0000	
3010	92.5000	0.0000	
3030	79.4118	0.0000	
9221	89.7436	0.0000	
9241	74.0741	0.0000	
9261	78.0702	0.0000	
9521	66.9421	0.0000	
3230	84.6154	0.0000	
3280	75.0000	0.0000	
3300	84.0000	0.0000	
3320	85.7143	0.0000	
9891	78.9474	0.0000	
3560	71.8750	0.0000	
10011	90.0000	0.0000	
10151	77.5000	0.0000	
10371	89.2857	0.0000	
13441	76.5625	0.0000	
13501	92.8571	0.0000	
5430	56.2500	0.0000	
6310	80.0000	0.0000	
6350	56.7568	0.0000	
13751	78.7879	0.0000	
5980	69.6970	0.0000	
14311	61.7647	0.0000	
18271	25.8065	0.0000	
4971	88.8889	0.0000	
5271	82.4561	0.0000	
5301	62.5000	0.0000	
6691	82.1429	0.0000	
2020	88.8889	0.0000	
6791	90.9091	0.0000	
10601	72.0588	0.0000	
10721	58.6207	0.0000	
10751	81.8182	0.0000	
12741	70.1493	0.0000	
12861	76.9231	0.0000	
16051	71.1230	0.0000	
17021	86.6667	0.0000	
17051	100.0000	0.0000	
17071	86.1111	0.0000	
6860	76.2712	0.0000	
7170	84.6154	0.0000	
20621	67.8161	0.0000	
20761	91.8919	0.0000	
7740	83.8150	0.0000	
20871	88.3721	0.0000	
7750	83.4862	0.0000	
20941	86.1111	0.0000	
7760	92.0000	0.0000	
20951	87.4126	0.0000	
20961	82.6087	0.0000	
21251	80.5556	0.0000	
21261	86.9565	0.0000	
21281	84.0000	0.0000	
21421	88.6792	0.0000	
21461	75.0000	0.0000	
22111	75.0000	0.0000	
1151	81.9672	0.0000	
1181	67.1429	0.0000	
200	86.3636	0.0000	
210	75.0000	0.0000	
1371	76.0274	0.0000	
1381	41.1765	0.0000	
280	80.0000	0.0000	
520	80.5556	0.0000	
1380	75.0000	0.0000	
4451	63.9175	0.0000	
4461	76.0870	0.0000	
6431	80.4348	0.0000	
7671	76.7857	0.0000	
7691	76.5957	0.0000	
8001	77.6119	0.0000	
8241	79.2350	0.0000	
2670	63.6364	0.0000	
2700	40.0000	0.0000	
8311	79.8319	0.0000	
2680	73.3333	0.0000	
2710	77.2727	0.0000	
8321	71.4286	0.0000	
2690	60.0000	0.0000	
8471	83.5052	0.0000	
8501	56.0976	0.0000	
8661	70.5882	0.0000	
2820	90.9091	0.0000	
3160	75.0000	0.0000	
8801	78.0000	0.0000	
3090	50.0000	0.0000	
3100	84.1463	0.0000	
3150	85.2941	0.0000	
3330	75.0000	0.0000	
8811	64.7887	0.0000	
8911	82.1429	0.0000	
9111	81.9149	0.0000	
9471	75.6345	0.0000	
13401	92.9412	0.0000	
13461	80.0000	0.0000	
13701	77.7778	0.0000	
13951	93.1034	0.0000	
14951	76.6667	0.0000	
6210	92.8571	0.0000	
15001	80.0000	0.0000	
15041	100.0000	0.0000	
6250	100.0000	0.0000	
15111	75.0000	0.0000	
15421	80.0000	0.0000	
18261	78.0488	0.0000	
18331	55.5556	0.0000	
4941	76.0000	0.0000	
10561	62.9032	0.0000	
10671	64.7059	0.0000	
16021	62.9213	0.0000	
16031	71.4286	0.0000	
16041	0.0000	0.0000	
16071	100.0000	0.0000	
16091	100.0000	0.0000	
16121	90.0000	0.0000	
16181	50.0000	0.0000	
16251	71.4286	0.0000	
16311	76.1905	0.0000	
16341	50.0000	0.0000	
16441	81.8182	0.0000	
16491	0.0000	0.0000	
16501	50.0000	0.0000	
16511	87.5000	0.0000	
16541	72.7273	0.0000	
16591	85.7143	0.0000	
16831	100.0000	0.0000	
20591	81.0526	0.0000	
20681	86.8421	0.0000	
7770	81.1429	0.0000	
20801	89.5238	0.0000	
20881	89.6552	0.0000	
20891	77.7251	0.0000	
21001	84.9398	0.0000	
7800	84.8352	0.0000	
1141	83.3333	0.0000	
4531	83.3333	0.0000	
7571	70.7965	0.0000	
7651	80.0000	0.0000	
2740	91.3043	0.0000	
8421	88.4615	0.0000	
8431	86.9565	0.0000	
8441	83.3333	0.0000	
10041	77.7778	0.0000	
13381	70.0000	0.0000	
13421	75.4386	0.0000	
5400	66.9118	0.0000	
18251	50.5882	0.0000	
18341	75.7576	0.0000	
18401	76.4706	0.0000	
18411	62.2642	0.0000	
4921	78.9474	0.0000	
5041	85.7143	0.0000	
1480	88.2353	0.0000	
5131	85.0000	0.0000	
5311	93.3333	0.0000	
5341	80.6452	0.0000	
6501	86.6667	0.0000	
6551	100.0000	0.0000	
10541	86.4035	0.0000	
10551	82.3848	0.0000	
10931	83.8710	0.0000	
11021	68.0000	0.0000	
4090	86.4865	0.0000	
11501	84.9462	0.0000	
11521	84.6154	0.0000	
4110	79.1667	0.0000	
4650	84.9462	0.0000	
4720	86.4286	0.0000	
11781	64.4068	0.0000	
11961	81.8182	0.0000	
12331	80.0000	0.0000	
4730	71.4286	0.0000	
12441	85.7143	0.0000	
15931	93.1034	0.0000	
18971	91.6667	0.0000	
7940	93.3333	0.0000	
19011	75.0000	0.0000	
19111	94.8718	0.0000	
19151	87.7551	0.0000	
19181	66.6667	0.0000	
7580	88.8889	0.0000	
19191	84.0000	0.0000	
19401	88.2353	0.0000	
19441	86.3636	0.0000	
19511	90.3704	0.0000	
19571	85.9155	0.0000	
19601	95.2381	0.0000	
19611	87.2340	0.0000	
19631	90.0000	0.0000	
19641	93.7500	0.0000	
19661	81.6176	0.0000	
19691	85.1852	0.0000	
19821	89.4737	0.0000	
19851	100.0000	0.0000	
19891	86.8421	0.0000	
7510	64.7059	0.0000	
19921	66.6667	0.0000	
19941	86.8421	0.0000	
7860	76.1905	0.0000	
20061	91.3043	0.0000	
20081	91.3043	0.0000	
20121	83.3333	0.0000	
20131	90.0000	0.0000	
20151	76.7677	0.0000	
20181	85.7143	0.0000	
20191	75.4717	0.0000	
20211	95.2381	0.0000	
20221	90.9091	0.0000	
20231	82.6087	0.0000	
20251	67.5676	0.0000	
20261	86.9565	0.0000	
20281	87.0968	0.0000	
20301	93.3333	0.0000	
20311	90.3846	0.0000	
20321	80.0000	0.0000	
20331	91.1111	0.0000	
20361	89.1892	0.0000	
20371	91.9355	0.0000	
20401	89.4737	0.0000	
20461	85.1852	0.0000	
20471	21.8750	0.0000	
20651	87.5000	0.0000	
20661	85.0000	0.0000	
20671	83.3333	0.0000	
20831	81.0811	0.0000	
20911	94.4444	0.0000	
21011	100.0000	0.0000	
21021	86.0215	0.0000	
21031	75.6757	0.0000	
21131	78.5714	0.0000	
21141	100.0000	0.0000	
21151	85.5556	0.0000	
21161	94.5946	0.0000	
21171	85.7143	0.0000	
21181	81.8182	0.0000	
21191	75.0000	0.0000	
21211	86.6667	0.0000	
21271	85.4167	0.0000	
21291	96.8750	0.0000	
21301	91.6667	0.0000	
21351	92.3077	0.0000	
21361	77.5281	0.0000	
21401	86.9565	0.0000	
21411	79.3103	0.0000	
21501	93.5065	0.0000	
21511	81.8182	0.0000	
21521	86.6667	0.0000	
21541	96.4286	0.0000	
21581	81.7308	0.0000	
21591	91.6667	0.0000	
21601	95.6522	0.0000	
21621	77.7778	0.0000	
21651	70.4225	0.0000	
21671	82.6923	0.0000	
21681	90.3226	0.0000	
21831	76.5432	0.0000	
21901	100.0000	0.0000	
21941	85.7143	0.0000	
21991	89.1304	0.0000	
22001	90.2655	0.0000	
22011	88.0000	0.0000	
22021	93.4426	0.0000	
22031	92.4812	0.0000	
22061	86.0000	0.0000	
22071	82.3129	0.0000	
22081	82.9787	0.0000	
22101	87.8049	0.0000	
22121	88.8889	0.0000	
22131	89.8551	0.0000	
22141	87.2340	0.0000	
7950	83.3333	0.0000	
20561	90.2439	0.0000	
20841	66.6667	0.0000	
7780	76.9231	0.0000	
7880	88.8889	0.0000	
7890	80.0000	0.0000	
20901	70.0000	0.0000	
20921	65.6250	0.0000	
20931	93.7500	0.0000	
20971	79.6610	0.0000	
20981	75.0000	0.0000	
20991	37.5000	0.0000	
21081	70.8333	0.0000	
21381	81.0345	0.0000	
21441	93.3333	0.0000	
21451	90.9091	0.0000	
21471	95.4545	0.0000	
21481	88.8889	0.0000	
21731	81.8182	0.0000	
21911	100.0000	0.0000	
21931	100.0000	0.0000	
21951	85.1064	0.0000	
21961	86.1111	0.0000	
21971	85.4167	0.0000	
21981	50.0000	0.0000	
1091	83.5443	0.0000	
1121	91.6667	0.0000	
1191	78.3784	0.0000	
310	85.7143	0.0000	
1341	58.3333	0.0000	
7441	74.4318	0.0000	
7781	100.0000	0.0000	
2930	70.0000	0.0000	
3680	57.1429	0.0000	
4200	95.6522	0.0000	
4290	88.2353	0.0000	
4660	87.5000	0.0000	
4670	88.1818	0.0000	
4700	78.9474	0.0000	
8011	78.8462	0.0000	
2490	90.9091	0.0000	
2660	95.0000	0.0000	
3540	82.0896	0.0000	
3550	83.8710	0.0000	
8141	88.6792	0.0000	
4170	72.3684	0.0000	
4190	83.8028	0.0000	
8171	83.3333	0.0000	
2570	84.0000	0.0000	
2800	80.7692	0.0000	
2840	76.4706	0.0000	
8691	71.4286	0.0000	
2790	69.2308	0.0000	
8701	91.6667	0.0000	
8881	33.3333	0.0000	
9071	77.7778	0.0000	
2970	66.6667	0.0000	
2980	71.6667	0.0000	
3000	57.1429	0.0000	
9131	88.2353	0.0000	
2990	100.0000	0.0000	
9151	100.0000	0.0000	
9181	66.6667	0.0000	
9321	85.0000	0.0000	
9421	80.0000	0.0000	
9571	80.0000	0.0000	
9591	88.8889	0.0000	
9931	70.5882	0.0000	
3570	74.5455	0.0000	
4030	79.5918	0.0000	
9971	66.6667	0.0000	
10001	66.6667	0.0000	
10261	88.5714	0.0000	
10621	93.3333	0.0000	
10731	68.4211	0.0000	
11031	80.7692	0.0000	
11081	92.3077	0.0000	
11871	75.0000	0.0000	
4260	82.0000	0.0000	
4310	94.2857	0.0000	
4540	94.0000	0.0000	
4580	97.4359	0.0000	
5820	86.6667	0.0000	
12431	78.8889	0.0000	
4790	85.1852	0.0000	
15221	100.0000	0.0000	
13161	75.0000	0.0000	
18211	70.7071	0.0000	
4771	75.7576	0.0000	
4841	85.2273	0.0000	
13131	78.3133	0.0000	
10521	87.2881	0.0000	
10711	82.4324	0.0000	
4020	80.0000	0.0000	
11051	84.0580	0.0000	
15871	76.9231	0.0000	
15881	44.9198	0.0000	
20551	81.7610	0.0000	
20601	77.6471	0.0000	
1071	31.2500	0.0000	
1111	72.0000	0.0000	
1601	85.7143	0.0000	
320	82.7586	0.0000	
1661	67.7419	0.0000	
380	78.5714	0.0000	
7391	70.0980	0.0000	
7431	69.3182	0.0000	
7461	81.9328	0.0000	
7521	75.0000	0.0000	
7551	47.0588	0.0000	
2810	75.2688	0.0000	
7661	68.5950	0.0000	
7761	75.9690	0.0000	
7831	68.4729	0.0000	
7921	80.3738	0.0000	
2830	26.8293	0.0000	
8601	63.8889	0.0000	
13091	77.4648	0.0000	
13191	72.1030	0.0000	
13261	87.0000	0.0000	
13371	78.9062	0.0000	
5390	77.7778	0.0000	
13431	70.5882	0.0000	
14441	89.0411	0.0000	
18181	33.3333	0.0000	
4751	48.2759	0.0000	
10501	73.5294	0.0000	
15831	55.4054	0.0000	
20341	56.7568	0.0000	
20411	80.0000	0.0000	
20481	66.6667	0.0000	
20531	83.6735	0.0000	
20571	71.4286	0.0000	
1061	77.2727	0.0000	
1131	69.3548	0.0000	
1441	72.9730	0.0000	
1451	85.1852	0.0000	
2291	80.2817	0.0000	
7371	84.0426	0.0000	
13051	80.1242	0.0000	
13571	75.0000	0.0000	
18161	78.1991	0.0000	
18171	81.8182	0.0000	
7160	76.9231	0.0000	
18191	80.0000	0.0000	
18201	80.7229	0.0000	
18231	75.6757	0.0000	
18381	80.8000	0.0000	
20741	80.5556	0.0000	
4711	80.5556	0.0000	
10481	73.6364	0.0000	
10511	54.0541	0.0000	
3840	100.0000	0.0000	
10531	64.1026	0.0000	
15781	68.4211	0.0000	
17871	69.6078	0.0000	
20241	67.6190	0.0000	
20391	87.0968	0.0000	
7630	85.3659	0.0000	
1041	71.9298	0.0000	
1081	69.2308	0.0000	
120	80.0000	0.0000	
140	92.8571	0.0000	
1101	74.1379	0.0000	
160	80.5556	0.0000	
230	100.0000	0.0000	
7321	89.7436	0.0000	
7331	82.3529	0.0000	
7351	100.0000	0.0000	
7451	88.8889	0.0000	
7501	86.2069	0.0000	
7631	71.4286	0.0000	
13041	83.9416	0.0000	
13071	86.2500	0.0000	
5490	90.9091	0.0000	
13361	88.7097	0.0000	
14961	89.1304	0.0000	
18121	71.7391	0.0000	
4601	81.2500	0.0000	
10471	86.5979	0.0000	
11651	79.5031	0.0000	
11991	69.9301	0.0000	
4430	75.0000	0.0000	
12381	72.3684	0.0000	
12391	83.3333	0.0000	
4770	86.3636	0.0000	
6330	72.0000	0.0000	
6950	86.9347	0.0000	
6960	83.7104	0.0000	
6980	79.7101	0.0000	
14751	86.4706	0.0000	
6180	79.4872	0.0000	
6200	76.4706	0.0000	
6730	90.6250	0.0000	
16191	81.2500	0.0000	
16321	77.7778	0.0000	
16861	88.7500	0.0000	
17181	85.0746	0.0000	
7030	88.6598	0.0000	
17581	83.8323	0.0000	
7020	74.1935	0.0000	
7040	86.7403	0.0000	
17691	90.1961	0.0000	
15741	71.6814	0.0000	
15761	59.0909	0.0000	
15791	90.6250	0.0000	
15801	100.0000	0.0000	
6820	93.1818	0.0000	
15971	80.0000	0.0000	
15991	80.9524	0.0000	
6710	89.7959	0.0000	
6830	78.0000	0.0000	
16001	75.3623	0.0000	
6700	80.9524	0.0000	
18131	86.6667	0.0000	
20171	84.4660	0.0000	
1031	89.0909	0.0000	
1261	76.4706	0.0000	
1271	78.5714	0.0000	
1681	70.0000	0.0000	
560	63.6364	0.0000	
880	94.1176	0.0000	
1640	88.8889	0.0000	
1980	83.3333	0.0000	
1701	76.0000	0.0000	
2050	88.8889	0.0000	
1791	73.3333	0.0000	
450	62.5000	0.0000	
990	100.0000	0.0000	
1370	42.6667	0.0000	
1851	64.7059	0.0000	
1891	82.3529	0.0000	
460	90.0000	0.0000	
1030	76.2500	0.0000	
1931	64.7059	0.0000	
890	80.9524	0.0000	
1941	78.5714	0.0000	
1040	78.1818	0.0000	
1110	70.1754	0.0000	
1740	80.3030	0.0000	
1991	75.0000	0.0000	
2031	77.2727	0.0000	
2181	80.7692	0.0000	
1060	94.4444	0.0000	
2231	92.1053	0.0000	
2241	76.4706	0.0000	
2251	75.0000	0.0000	
2261	81.4433	0.0000	
2301	82.2581	0.0000	
1070	66.6667	0.0000	
1530	50.0000	0.0000	
2321	76.0000	0.0000	
900	80.0000	0.0000	
970	88.8889	0.0000	
2331	85.1852	0.0000	
580	88.8889	0.0000	
590	54.5455	0.0000	
1340	64.9123	0.0000	
1630	78.2609	0.0000	
2351	78.7234	0.0000	
2361	70.5882	0.0000	
1670	85.7143	0.0000	
2371	74.0741	0.0000	
2411	81.6901	0.0000	
2461	76.1905	0.0000	
2501	74.6032	0.0000	
2511	60.5263	0.0000	
2521	73.6842	0.0000	
2531	81.4815	0.0000	
2541	85.4545	0.0000	
2551	86.9565	0.0000	
2591	70.8333	0.0000	
2611	76.9231	0.0000	
2661	80.0000	0.0000	
2701	77.7778	0.0000	
2871	88.7097	0.0000	
2891	77.0833	0.0000	
2901	66.6667	0.0000	
1970	56.0976	0.0000	
2931	73.6842	0.0000	
2941	50.0000	0.0000	
2951	64.4444	0.0000	
2971	78.5714	0.0000	
2981	77.2727	0.0000	
700	66.6667	0.0000	
2991	58.7302	0.0000	
3001	83.4862	0.0000	
3011	85.2941	0.0000	
3021	85.9375	0.0000	
810	33.3333	0.0000	
3031	89.4737	0.0000	
3051	75.0000	0.0000	
3061	76.9231	0.0000	
3071	82.0513	0.0000	
820	50.0000	0.0000	
3081	86.4865	0.0000	
3131	82.5581	0.0000	
3141	72.0000	0.0000	
1660	76.0000	0.0000	
3181	71.8750	0.0000	
3201	69.5652	0.0000	
980	68.4211	0.0000	
1290	54.5455	0.0000	
3251	84.3137	0.0000	
3291	72.5490	0.0000	
3361	82.6923	0.0000	
3381	80.2326	0.0000	
910	76.0000	0.0000	
1420	63.8889	0.0000	
3431	75.5906	0.0000	
3461	79.6610	0.0000	
3481	73.9130	0.0000	
3491	65.2174	0.0000	
3551	82.0896	0.0000	
3581	84.4444	0.0000	
3611	83.7500	0.0000	
3641	76.0870	0.0000	
3671	78.3133	0.0000	
3801	95.2381	0.0000	
3831	77.5000	0.0000	
3861	75.0000	0.0000	
3891	75.8621	0.0000	
3911	71.6981	0.0000	
1000	72.4138	0.0000	
1020	67.7778	0.0000	
3951	75.7576	0.0000	
1080	88.4615	0.0000	
1120	95.0000	0.0000	
3961	81.4815	0.0000	
3971	89.0909	0.0000	
4001	79.7753	0.0000	
4061	72.2222	0.0000	
4071	66.6667	0.0000	
4081	88.0000	0.0000	
4161	83.3333	0.0000	
4181	73.6111	0.0000	
4221	76.9231	0.0000	
4281	86.2069	0.0000	
4291	72.7273	0.0000	
4761	78.2609	0.0000	
4811	73.6842	0.0000	
5361	78.7129	0.0000	
5411	77.5862	0.0000	
5541	81.1321	0.0000	
5711	85.7143	0.0000	
5811	89.1304	0.0000	
5971	85.5556	0.0000	
6001	74.3590	0.0000	
6021	73.3333	0.0000	
6031	72.9730	0.0000	
6071	77.1429	0.0000	
6241	83.0508	0.0000	
6291	82.5397	0.0000	
6351	76.2712	0.0000	
6401	76.6990	0.0000	
6421	86.6667	0.0000	
6451	74.2424	0.0000	
6581	75.6272	0.0000	
6701	84.9057	0.0000	
6711	85.0000	0.0000	
6731	79.4118	0.0000	
6821	79.6610	0.0000	
6841	81.8182	0.0000	
6871	75.3425	0.0000	
6881	83.7398	0.0000	
6891	84.8485	0.0000	
7311	64.6154	0.0000	
8481	78.5714	0.0000	
12731	87.5000	0.0000	
12931	75.0000	0.0000	
14931	72.6190	0.0000	
18091	57.1429	0.0000	
4591	86.2069	0.0000	
10401	86.1111	0.0000	
15661	65.7895	0.0000	
15681	84.8485	0.0000	
15771	66.1290	0.0000	
20111	84.9057	0.0000	
20491	76.1905	0.0000	
20581	66.6667	0.0000	
20721	77.7778	0.0000	
20811	91.4062	0.0000	
22051	88.4211	0.0000	
1011	76.0000	0.0000	
7301	54.9020	0.0000	
7901	82.0513	0.0000	
2530	77.7778	0.0000	
2540	84.6154	0.0000	
8201	90.9091	0.0000	
12871	82.7338	0.0000	
12981	71.7073	0.0000	
13021	41.2270	0.0000	
5190	70.1149	0.0000	
13921	72.9730	0.0000	
18031	83.3333	0.0000	
4571	74.4526	0.0000	
5431	90.0000	0.0000	
5461	62.5000	0.0000	
10341	84.0000	0.0000	
10351	83.3333	0.0000	
15651	84.2932	0.0000	
20091	64.0000	0.0000	
21531	92.4051	0.0000	
21611	76.9231	0.0000	
911	59.5745	0.0000	
931	57.8947	0.0000	
7261	68.1818	0.0000	
12801	91.5663	0.0000	
12821	82.3529	0.0000	
5060	87.5000	0.0000	
5080	83.8710	0.0000	
12841	84.7826	0.0000	
13851	100.0000	0.0000	
18001	78.9474	0.0000	
18101	84.4444	0.0000	
18301	79.2453	0.0000	
7180	61.4458	0.0000	
18461	86.2069	0.0000	
18481	89.4737	0.0000	
4491	88.4211	0.0000	
6541	78.4615	0.0000	
10251	73.5294	0.0000	
10291	81.9444	0.0000	
10331	83.2258	0.0000	
3910	66.6667	0.0000	
4010	82.8431	0.0000	
10661	71.1111	0.0000	
3920	77.7778	0.0000	
3930	83.0189	0.0000	
10691	73.1343	0.0000	
3940	83.8710	0.0000	
10741	81.7814	0.0000	
3950	75.0000	0.0000	
10881	88.7097	0.0000	
10961	88.5496	0.0000	
3980	92.8571	0.0000	
4000	80.6452	0.0000	
10991	81.5951	0.0000	
15581	80.3279	0.0000	
19991	71.4286	0.0000	
811	73.0769	0.0000	
1281	86.0465	0.0000	
410	83.3333	0.0000	
1471	71.5686	0.0000	
420	50.0000	0.0000	
2391	84.6154	0.0000	
8101	88.6792	0.0000	
2560	50.0000	0.0000	
7231	63.1579	0.0000	
7281	72.7273	0.0000	
7291	73.9130	0.0000	
7471	85.0000	0.0000	
7481	68.4211	0.0000	
7511	88.6364	0.0000	
7601	56.4516	0.0000	
2310	69.4444	0.0000	
2380	86.0000	0.0000	
2450	77.7778	0.0000	
7641	80.0000	0.0000	
7681	71.4286	0.0000	
2370	82.3529	0.0000	
2400	100.0000	0.0000	
7811	90.9091	0.0000	
7951	83.3333	0.0000	
2770	86.1538	0.0000	
2920	85.7143	0.0000	
8051	100.0000	0.0000	
12761	66.9725	0.0000	
12921	76.9231	0.0000	
5140	80.0000	0.0000	
5660	80.0000	0.0000	
12941	87.5000	0.0000	
5170	80.0000	0.0000	
13061	83.3333	0.0000	
13221	80.0000	0.0000	
13241	75.0000	0.0000	
13711	84.6154	0.0000	
13741	93.3333	0.0000	
13771	50.0000	0.0000	
13891	93.7500	0.0000	
13901	78.5714	0.0000	
13931	70.5882	0.0000	
13941	91.6667	0.0000	
13971	92.9487	0.0000	
14261	82.3529	0.0000	
14321	75.8621	0.0000	
14331	0.0000	0.0000	
14451	88.2353	0.0000	
14521	86.2069	0.0000	
14591	84.6154	0.0000	
14621	81.8182	0.0000	
15951	80.6452	0.0000	
6670	82.3529	0.0000	
6680	90.0000	0.0000	
6690	65.2174	0.0000	
16131	84.3137	0.0000	
16261	41.6667	0.0000	
17971	63.6364	0.0000	
18221	50.0000	0.0000	
4301	74.5455	0.0000	
4341	77.2727	0.0000	
10231	84.4828	0.0000	
15531	69.3878	0.0000	
19961	90.0000	0.0000	
20021	82.8571	0.0000	
20271	90.9091	0.0000	
731	78.3784	0.0000	
851	54.5455	0.0000	
1161	71.7949	0.0000	
190	77.6371	0.0000	
1190	79.6296	0.0000	
1351	65.2308	0.0000	
530	71.4286	0.0000	
1631	81.8182	0.0000	
550	71.4286	0.0000	
1711	73.2877	0.0000	
540	73.4043	0.0000	
2121	74.4681	0.0000	
710	81.3953	0.0000	
3331	58.4906	0.0000	
4561	82.1429	0.0000	
4891	63.4146	0.0000	
4951	73.5294	0.0000	
6221	75.2809	0.0000	
6651	69.9301	0.0000	
6851	74.1935	0.0000	
6861	100.0000	0.0000	
10391	82.0225	0.0000	
10411	72.9730	0.0000	
11701	58.5366	0.0000	
7211	85.4610	0.0000	
7531	81.8182	0.0000	
7561	75.0000	0.0000	
7611	75.0000	0.0000	
10461	84.6154	0.0000	
12681	60.0000	0.0000	
13141	65.5172	0.0000	
13611	70.5882	0.0000	
13641	65.5556	0.0000	
5570	96.7742	0.0000	
17961	86.6667	0.0000	
18631	90.0000	0.0000	
7370	78.1250	0.0000	
18761	93.2203	0.0000	
7280	82.7586	0.0000	
19261	94.4444	0.0000	
4231	76.7918	0.0000	
4251	78.4615	0.0000	
4361	73.6842	0.0000	
4481	83.7838	0.0000	
4551	95.0000	0.0000	
4621	93.3333	0.0000	
7151	100.0000	0.0000	
7181	86.9565	0.0000	
10051	85.1852	0.0000	
10101	75.4717	0.0000	
10581	76.9231	0.0000	
15451	57.1429	0.0000	
15491	78.5714	0.0000	
15501	75.0000	0.0000	
15911	72.0000	0.0000	
15921	73.3333	0.0000	
15961	80.0000	0.0000	
15981	85.8974	0.0000	
16161	67.3913	0.0000	
16421	83.3333	0.0000	
19951	69.5652	0.0000	
20161	82.3529	0.0000	
20501	100.0000	0.0000	
20781	76.0563	0.0000	
20821	80.0000	0.0000	
21551	70.4082	0.0000	
701	0.0000	0.0000	
721	55.5556	0.0000	
1641	0.0000	0.0000	
1741	0.0000	0.0000	
1821	0.0000	0.0000	
1901	0.0000	0.0000	
1921	0.0000	0.0000	
2151	50.0000	0.0000	
3931	0.0000	0.0000	
4511	0.0000	0.0000	
1620	0.0000	0.0000	
5731	0.0000	0.0000	
8461	0.0000	0.0000	
10821	0.0000	0.0000	
10891	71.4286	0.0000	
4270	80.7692	0.0000	
12321	0.0000	0.0000	
12541	0.0000	0.0000	
4930	25.0000	0.0000	
12551	50.0000	0.0000	
7201	89.0688	0.0000	
7241	78.9474	0.0000	
3650	75.5556	0.0000	
7541	82.1429	0.0000	
2410	100.0000	0.0000	
7621	77.7778	0.0000	
7841	75.3086	0.0000	
4050	86.4865	0.0000	
7851	88.0000	0.0000	
9801	80.0000	0.0000	
3480	93.3333	0.0000	
3660	87.1429	0.0000	
3960	73.1183	0.0000	
9961	82.8947	0.0000	
10111	88.5246	0.0000	
10121	89.1892	0.0000	
10131	66.6667	0.0000	
10321	89.2562	0.0000	
3790	100.0000	0.0000	
11041	79.1667	0.0000	
4040	87.1795	0.0000	
12671	85.0000	0.0000	
17921	77.2727	0.0000	
17931	83.3333	0.0000	
17981	100.0000	0.0000	
4191	82.1429	0.0000	
10021	14.2857	0.0000	
10271	0.0000	0.0000	
10421	0.0000	0.0000	
10791	15.8416	0.0000	
10921	14.2857	0.0000	
10941	19.6078	0.0000	
11151	12.5000	0.0000	
13681	17.5439	0.0000	
14101	15.0000	0.0000	
15441	77.0115	0.0000	
15511	82.8571	0.0000	
6420	71.3178	0.0000	
6440	46.6667	0.0000	
15541	77.9661	0.0000	
19911	72.6190	0.0000	
691	55.5556	0.0000	
7171	62.0370	0.0000	
11251	52.2388	0.0000	
11391	90.9091	0.0000	
12571	82.9268	0.0000	
12611	70.7921	0.0000	
17891	67.5926	0.0000	
18011	66.2500	0.0000	
18061	81.2500	0.0000	
4111	77.7778	0.0000	
9951	68.9655	0.0000	
10071	74.0260	0.0000	
10091	74.0000	0.0000	
3640	76.6234	0.0000	
3690	76.6234	0.0000	
3720	78.2609	0.0000	
3990	72.9167	0.0000	
15431	69.6970	0.0000	
15461	62.5000	0.0000	
15521	71.1111	0.0000	
19831	69.6203	0.0000	
20051	73.9130	0.0000	
681	70.0535	0.0000	
981	61.1111	0.0000	
1881	85.7143	0.0000	
440	46.6667	0.0000	
7131	82.3529	0.0000	
20431	79.6992	0.0000	
20441	81.2749	0.0000	
12491	89.0244	0.0000	
17881	71.8750	0.0000	
4101	77.5194	0.0000	
4131	87.5000	0.0000	
4311	69.7674	0.0000	
4351	68.6567	0.0000	
1350	75.8621	0.0000	
1390	82.3529	0.0000	
15371	83.6066	0.0000	
15641	57.5758	0.0000	
19801	92.5926	0.0000	
20041	90.1639	0.0000	
20071	86.6667	0.0000	
20101	83.9286	0.0000	
20641	93.1034	0.0000	
641	70.0000	0.0000	
711	88.2353	0.0000	
841	82.3529	0.0000	
891	74.2138	0.0000	
5031	74.6269	0.0000	
1400	86.9822	0.0000	
2090	93.2692	0.0000	
2200	82.8125	0.0000	
7091	74.1935	0.0000	
2120	78.1250	0.0000	
2210	77.0270	0.0000	
6530	85.7143	0.0000	
7271	82.9876	0.0000	
6991	73.5294	0.0000	
7011	78.2946	0.0000	
7341	71.2766	0.0000	
7881	75.6554	0.0000	
12471	60.2941	0.0000	
12721	97.1429	0.0000	
12811	91.6667	0.0000	
7200	52.5000	0.0000	
18551	86.3636	0.0000	
17741	56.7568	0.0000	
17801	85.3659	0.0000	
7230	73.3333	0.0000	
17901	88.0000	0.0000	
18321	33.3333	0.0000	
18361	0.0000	0.0000	
18651	77.7778	0.0000	
18741	0.0000	0.0000	
18781	80.9524	0.0000	
3981	66.6667	0.0000	
9831	82.7586	0.0000	
15271	71.0744	0.0000	
15291	84.8485	0.0000	
15611	88.3721	0.0000	
15631	80.0000	0.0000	
15691	89.7436	0.0000	
15821	82.8431	0.0000	
16011	82.6087	0.0000	
6800	83.3333	0.0000	
16731	76.9231	0.0000	
17731	87.1795	0.0000	
19671	78.5714	0.0000	
19681	83.3333	0.0000	
19711	79.1667	0.0000	
7440	77.7778	0.0000	
7590	88.8889	0.0000	
19741	81.8182	0.0000	
7600	72.7273	0.0000	
7670	77.7778	0.0000	
19761	80.7692	0.0000	
19781	85.1852	0.0000	
19791	86.1538	0.0000	
7470	82.6531	0.0000	
7490	84.6154	0.0000	
611	82.0513	0.0000	
651	77.2727	0.0000	
110	84.2105	0.0000	
500	76.1905	0.0000	
741	55.5556	0.0000	
100	80.0000	0.0000	
1781	72.0930	0.0000	
490	8.6957	0.0000	
6921	65.8120	0.0000	
7041	75.6757	0.0000	
7051	64.4444	0.0000	
12451	74.0741	0.0000	
12631	82.6087	0.0000	
17651	95.7447	0.0000	
17701	97.7778	0.0000	
17721	84.2857	0.0000	
17821	81.9672	0.0000	
7130	76.1905	0.0000	
7250	75.0000	0.0000	
17831	84.2105	0.0000	
7080	89.6552	0.0000	
18051	87.6543	0.0000	
7120	91.4286	0.0000	
18371	87.6190	0.0000	
7210	84.2105	0.0000	
18431	89.6552	0.0000	
7220	93.7500	0.0000	
7240	85.9375	0.0000	
7260	94.7368	0.0000	
18831	85.7143	0.0000	
3941	96.1538	0.0000	
5051	83.9286	0.0000	
9811	83.3333	0.0000	
12951	77.7778	0.0000	
13251	68.7500	0.0000	
13271	85.4369	0.0000	
14071	79.3103	0.0000	
15261	74.3590	0.0000	
15401	84.2105	0.0000	
15251	73.0769	0.0000	
19621	91.1111	0.0000	
19841	83.3333	0.0000	
601	79.5455	0.0000	
951	80.2198	0.0000	
1541	78.5714	0.0000	
1551	68.1818	0.0000	
2451	80.4348	0.0000	
6901	73.8516	0.0000	
6931	70.0000	0.0000	
7021	83.3333	0.0000	
7701	80.0000	0.0000	
7771	83.3333	0.0000	
12361	61.7647	0.0000	
17621	77.4775	0.0000	
17661	83.1633	0.0000	
17671	72.9730	0.0000	
17771	91.3043	0.0000	
7290	91.6667	0.0000	
18991	86.5385	0.0000	
19021	90.3226	0.0000	
7330	100.0000	0.0000	
19041	90.4762	0.0000	
3701	85.5856	0.0000	
4031	93.2584	0.0000	
12201	87.2727	0.0000	
12501	100.0000	0.0000	
12511	74.0000	0.0000	
4860	97.1429	0.0000	
5160	89.0411	0.0000	
12621	94.1176	0.0000	
4980	94.7368	0.0000	
5020	76.9231	0.0000	
5150	50.0000	0.0000	
12851	85.1064	0.0000	
5620	100.0000	0.0000	
12961	86.3636	0.0000	
13581	85.3659	0.0000	
5730	81.0345	0.0000	
5860	84.3137	0.0000	
13821	96.8750	0.0000	
6380	83.0508	0.0000	
6400	88.8889	0.0000	
6410	83.9416	0.0000	
14241	100.0000	0.0000	
15311	96.8750	0.0000	
15331	85.9259	0.0000	
21061	77.7778	0.0000	
9781	74.0741	0.0000	
9851	20.0000	0.0000	
9861	73.2558	0.0000	
3630	90.9091	0.0000	
10081	97.9592	0.0000	
15211	83.8095	0.0000	
15301	83.8710	0.0000	
15411	89.8876	0.0000	
6360	85.7988	0.0000	
15591	96.1538	0.0000	
16871	82.6347	0.0000	
7090	76.3441	0.0000	
7100	69.5652	0.0000	
16921	91.2621	0.0000	
21071	77.7778	0.0000	
19591	79.3103	0.0000	
19651	72.7273	0.0000	
19721	89.1304	0.0000	
19811	85.3659	0.0000	
20011	82.8571	0.0000	
581	33.3333	0.0000	
661	69.5652	0.0000	
2741	80.0000	0.0000	
6801	81.0000	0.0000	
12311	70.8772	0.0000	
12591	79.2683	0.0000	
13111	76.7442	0.0000	
5350	69.2737	0.0000	
5360	83.0189	0.0000	
7810	78.2609	0.0000	
13151	76.0000	0.0000	
5340	73.9130	0.0000	
17611	85.3333	0.0000	
17711	75.0000	0.0000	
17751	84.7619	0.0000	
7640	94.4444	0.0000	
7650	88.2353	0.0000	
17941	91.2621	0.0000	
17991	83.5052	0.0000	
7660	73.0769	0.0000	
20611	82.3708	0.0000	
7700	75.3695	0.0000	
7710	84.2105	0.0000	
20631	87.1560	0.0000	
20701	80.0000	0.0000	
3601	78.6885	0.0000	
3781	72.9167	0.0000	
950	77.2727	0.0000	
6591	85.8491	0.0000	
2000	100.0000	0.0000	
6631	76.4706	0.0000	
9661	73.0769	0.0000	
9691	60.7735	0.0000	
3400	88.8889	0.0000	
3770	78.0142	0.0000	
3780	83.3333	0.0000	
9711	100.0000	0.0000	
10281	72.7273	0.0000	
10301	86.3636	0.0000	
10441	72.7273	0.0000	
15181	85.4430	0.0000	
15201	89.3333	0.0000	
6320	95.4545	0.0000	
6770	81.5385	0.0000	
7070	82.6923	0.0000	
16941	91.2621	0.0000	
17001	89.1892	0.0000	
17171	90.0826	0.0000	
6890	78.4615	0.0000	
6900	83.3333	0.0000	
6920	84.3049	0.0000	
17191	87.5000	0.0000	
17841	87.5000	0.0000	
18731	87.8261	0.0000	
19561	46.8354	0.0000	
19751	63.0769	0.0000	
551	83.8710	0.0000	
3041	89.4737	0.0000	
680	88.5714	0.0000	
3761	92.0000	0.0000	
1360	64.2857	0.0000	
1880	75.0000	0.0000	
4441	88.2353	0.0000	
1220	100.0000	0.0000	
4641	81.6092	0.0000	
4920	57.8947	0.0000	
4651	75.5556	0.0000	
3740	75.0000	0.0000	
4801	100.0000	0.0000	
5181	76.9231	0.0000	
7101	82.2222	0.0000	
7141	75.0000	0.0000	
2240	100.0000	0.0000	
12531	80.0000	0.0000	
12601	92.1875	0.0000	
18841	58.2278	0.0000	
6781	92.4242	0.0000	
10031	87.5000	0.0000	
10061	86.6667	0.0000	
10381	89.2857	0.0000	
12161	83.3333	0.0000	
12171	50.0000	0.0000	
5260	85.0000	0.0000	
12221	87.3239	0.0000	
12231	79.6296	0.0000	
4940	82.5397	0.0000	
12261	79.6703	0.0000	
4600	79.2453	0.0000	
4760	62.5000	0.0000	
5090	90.9091	0.0000	
5240	88.2353	0.0000	
5250	80.0000	0.0000	
5270	85.5556	0.0000	
5470	81.2785	0.0000	
12271	90.2439	0.0000	
12351	89.7059	0.0000	
12411	81.4516	0.0000	
12461	86.2903	0.0000	
12581	77.7778	0.0000	
12691	38.5965	0.0000	
5010	100.0000	0.0000	
5280	50.0000	0.0000	
5480	91.1765	0.0000	
5810	81.0345	0.0000	
12711	87.5000	0.0000	
12751	83.3333	0.0000	
12891	51.6129	0.0000	
5120	90.0000	0.0000	
5130	76.4706	0.0000	
13201	60.8696	0.0000	
13321	80.0000	0.0000	
13591	81.9672	0.0000	
17501	66.8675	0.0000	
3371	79.8077	0.0000	
3411	82.2222	0.0000	
1990	85.3333	0.0000	
3451	80.0000	0.0000	
1460	65.0000	0.0000	
9641	76.1905	0.0000	
15131	70.1031	0.0000	
15151	81.8182	0.0000	
15161	75.0000	0.0000	
6270	88.0000	0.0000	
15191	76.0000	0.0000	
6300	77.1084	0.0000	
19481	82.7586	0.0000	
19731	71.4286	0.0000	
21851	96.7742	0.0000	
7900	81.6667	0.0000	
541	83.3333	0.0000	
751	55.0000	0.0000	
6681	78.0488	0.0000	
6721	60.4651	0.0000	
6751	75.0000	0.0000	
6771	66.6667	0.0000	
12071	58.8235	0.0000	
12181	30.7692	0.0000	
12701	92.8571	0.0000	
17481	82.1429	0.0000	
3311	83.1461	0.0000	
3321	82.1918	0.0000	
3991	84.8485	0.0000	
4211	71.7949	0.0000	
4411	89.4737	0.0000	
4471	69.1589	0.0000	
4661	82.3529	0.0000	
4831	86.4198	0.0000	
4861	80.1653	0.0000	
4871	82.6087	0.0000	
4901	81.2500	0.0000	
4911	100.0000	0.0000	
5681	21.4286	0.0000	
5721	76.3158	0.0000	
1610	76.7932	0.0000	
5861	84.7826	0.0000	
9551	84.5238	0.0000	
10311	96.4912	0.0000	
10361	76.4706	0.0000	
15091	78.3784	0.0000	
19431	80.0000	0.0000	
19451	88.8889	0.0000	
19491	96.7213	0.0000	
19501	97.2222	0.0000	
19521	88.8889	0.0000	
19531	80.0000	0.0000	
19541	78.5714	0.0000	
7400	97.5000	0.0000	
19551	91.6667	0.0000	
19581	88.4615	0.0000	
7520	100.0000	0.0000	
7530	88.2353	0.0000	
20001	82.8571	0.0000	
20511	90.9091	0.0000	
7690	100.0000	0.0000	
20691	82.3529	0.0000	
531	90.0000	0.0000	
761	55.0000	0.0000	
6441	81.4815	0.0000	
8571	72.0000	0.0000	
8641	80.5556	0.0000	
8751	81.4815	0.0000	
8871	71.1538	0.0000	
9491	72.3404	0.0000	
9921	60.0000	0.0000	
10161	90.0000	0.0000	
10191	79.4118	0.0000	
10201	66.6667	0.0000	
10211	70.0000	0.0000	
10221	80.0000	0.0000	
10241	50.0000	0.0000	
10771	50.0000	0.0000	
10801	74.2857	0.0000	
10871	66.6667	0.0000	
11121	75.0000	0.0000	
11161	84.6154	0.0000	
11771	76.1194	0.0000	
21841	76.6667	0.0000	
22041	69.3878	0.0000	
22151	68.5714	0.0000	
12061	33.3333	0.0000	
12091	60.6061	0.0000	
12101	67.8571	0.0000	
12111	75.5556	0.0000	
12401	70.7865	0.0000	
13011	78.0488	0.0000	
14301	71.8750	0.0000	
14671	68.0000	0.0000	
14711	83.3333	0.0000	
17471	60.9756	0.0000	
3231	79.4521	0.0000	
9531	85.8974	0.0000	
9761	70.0000	0.0000	
15021	80.0000	0.0000	
15031	77.7778	0.0000	
15051	53.6585	0.0000	
6220	84.3750	0.0000	
6230	92.3077	0.0000	
6240	86.3636	0.0000	
6430	90.4762	0.0000	
15341	82.7586	0.0000	
6450	84.3750	0.0000	
15381	81.2500	0.0000	
15471	81.2500	0.0000	
15481	80.7143	0.0000	
6370	84.1727	0.0000	
6390	86.7403	0.0000	
16461	38.8889	0.0000	
19411	81.6568	0.0000	
19881	82.4324	0.0000	
7480	71.8919	0.0000	
19901	75.4011	0.0000	
19931	82.3529	0.0000	
20381	82.9787	0.0000	
521	73.5632	0.0000	
591	82.8125	0.0000	
901	78.5714	0.0000	
1571	67.7966	0.0000	
2341	72.7273	0.0000	
4331	69.2308	0.0000	
6331	89.3617	0.0000	
6341	82.6087	0.0000	
6481	100.0000	0.0000	
6661	86.0465	0.0000	
12041	83.0000	0.0000	
12081	68.0000	0.0000	
12121	80.0000	0.0000	
12191	95.9184	0.0000	
17361	37.0370	0.0000	
17421	37.5000	0.0000	
17441	100.0000	0.0000	
3221	77.5194	0.0000	
3421	87.9310	0.0000	
1450	77.7778	0.0000	
3441	75.2809	0.0000	
1240	77.6860	0.0000	
4011	77.2152	0.0000	
1280	71.0744	0.0000	
4141	71.5328	0.0000	
1200	85.4545	0.0000	
1250	72.5806	0.0000	
4381	78.6885	0.0000	
4541	62.2222	0.0000	
1260	79.7101	0.0000	
4611	82.2464	0.0000	
1270	89.7959	0.0000	
1300	79.5699	0.0000	
1700	85.7143	0.0000	
4631	80.0000	0.0000	
5171	85.1064	0.0000	
5231	79.0614	0.0000	
1490	79.7872	0.0000	
1500	73.7968	0.0000	
1580	84.0580	0.0000	
1680	78.3784	0.0000	
1860	75.2809	0.0000	
5491	83.5735	0.0000	
1570	81.0811	0.0000	
1780	76.5957	0.0000	
5551	76.4151	0.0000	
1710	71.9101	0.0000	
5561	80.2198	0.0000	
1770	92.3077	0.0000	
6141	79.6610	0.0000	
6511	78.4810	0.0000	
7061	71.1864	0.0000	
8331	78.4091	0.0000	
12971	88.0282	0.0000	
9501	75.6410	0.0000	
9721	86.3636	0.0000	
3530	83.3333	0.0000	
3580	63.6364	0.0000	
14991	62.0690	0.0000	
15141	88.0000	0.0000	
15281	78.7879	0.0000	
15711	89.1892	0.0000	
15861	82.7586	0.0000	
16301	87.5000	0.0000	
6750	83.3333	0.0000	
19371	69.7917	0.0000	
19391	71.6418	0.0000	
511	83.8235	0.0000	
571	77.5510	0.0000	
2421	80.5556	0.0000	
6261	91.3043	0.0000	
12031	74.4186	0.0000	
13001	95.8333	0.0000	
18151	75.0000	0.0000	
18241	90.3226	0.0000	
19321	75.4098	0.0000	
19381	67.7419	0.0000	
7410	88.5714	0.0000	
17351	82.2581	0.0000	
17811	70.5882	0.0000	
20771	80.7292	0.0000	
3191	80.4878	0.0000	
9401	35.7143	0.0000	
9631	71.4286	0.0000	
9771	88.4615	0.0000	
9791	84.2105	0.0000	
3900	83.3333	0.0000	
14941	81.4607	0.0000	
15061	82.6625	0.0000	
15071	79.4014	0.0000	
15081	75.1748	0.0000	
19361	69.2308	0.0000	
461	81.2500	0.0000	
491	83.3333	0.0000	
781	57.1429	0.0000	
6211	73.9130	0.0000	
6601	80.9524	0.0000	
6641	68.8889	0.0000	
7001	79.3103	0.0000	
2060	64.7059	0.0000	
2260	81.8182	0.0000	
7421	84.4828	0.0000	
2280	74.6154	0.0000	
7741	84.4444	0.0000	
8841	0.0000	0.0000	
13491	69.2308	0.0000	
13691	75.0000	0.0000	
14001	73.6842	0.0000	
16701	77.3438	0.0000	
7150	52.4272	0.0000	
17121	79.8246	0.0000	
7340	80.0000	0.0000	
17681	71.4286	0.0000	
19231	76.6990	0.0000	
19301	67.8571	0.0000	
12011	69.9301	0.0000	
12051	75.0000	0.0000	
13351	91.2281	0.0000	
17341	72.7273	0.0000	
2921	96.0000	0.0000	
3271	75.0000	0.0000	
9351	83.3333	0.0000	
9361	75.0000	0.0000	
9391	80.0000	0.0000	
9441	72.7273	0.0000	
9451	75.0000	0.0000	
14881	78.8732	0.0000	
14891	75.8621	0.0000	
14901	75.0000	0.0000	
6160	70.0000	0.0000	
15241	84.4037	0.0000	
19211	80.4511	0.0000	
19291	74.1996	0.0000	
7350	74.6032	0.0000	
421	87.6404	0.0000	
791	54.5455	0.0000	
2781	84.6154	0.0000	
690	80.0000	0.0000	
720	78.6667	0.0000	
850	85.7143	0.0000	
920	85.5072	0.0000	
930	86.8182	0.0000	
3101	78.3133	0.0000	
3151	81.8182	0.0000	
8291	92.8571	0.0000	
8391	84.2105	0.0000	
3670	55.5556	0.0000	
6051	81.7308	0.0000	
6111	71.4286	0.0000	
6491	70.2703	0.0000	
11981	71.7949	0.0000	
12001	75.0000	0.0000	
12281	90.9091	0.0000	
12881	72.9730	0.0000	
12911	72.0930	0.0000	
13101	65.2778	0.0000	
13211	75.0000	0.0000	
17321	37.5000	0.0000	
2631	68.0723	0.0000	
11941	36.4238	0.0000	
11951	75.0000	0.0000	
9281	67.7966	0.0000	
9381	80.7692	0.0000	
9731	63.2653	0.0000	
9821	90.0000	0.0000	
14851	87.5000	0.0000	
15121	91.4894	0.0000	
6280	88.2353	0.0000	
6290	80.5556	0.0000	
15171	72.7273	0.0000	
19201	81.6514	0.0000	
19221	91.3978	0.0000	
7360	83.0769	0.0000	
7380	87.9227	0.0000	
7390	81.9277	0.0000	
7420	81.9277	0.0000	
7450	100.0000	0.0000	
19311	90.8257	0.0000	
19331	91.6667	0.0000	
19341	90.4762	0.0000	
19351	86.9565	0.0000	
19421	96.1538	0.0000	
19471	88.0952	0.0000	
19861	86.6337	0.0000	
7460	97.2222	0.0000	
381	80.9524	0.0000	
831	54.5455	0.0000	
1001	75.8621	0.0000	
3571	42.8571	0.0000	
3621	50.0000	0.0000	
7251	55.5556	0.0000	
5961	82.7160	0.0000	
5981	82.1053	0.0000	
1890	83.1461	0.0000	
6061	83.0189	0.0000	
6101	80.9689	0.0000	
6311	86.7596	0.0000	
6321	88.2114	0.0000	
7071	86.5854	0.0000	
7191	90.7216	0.0000	
7221	85.3659	0.0000	
7411	87.3874	0.0000	
8271	92.6573	0.0000	
11971	90.0000	0.0000	
17291	75.6098	0.0000	
17311	50.0000	0.0000	
17331	0.0000	0.0000	
17431	100.0000	0.0000	
17451	75.0000	0.0000	
17531	100.0000	0.0000	
17551	86.6667	0.0000	
17571	88.4058	0.0000	
17641	93.7500	0.0000	
17781	50.0000	0.0000	
17791	75.0000	0.0000	
7060	57.1429	0.0000	
17951	100.0000	0.0000	
18311	40.0000	0.0000	
2381	86.1953	0.0000	
4171	90.2439	0.0000	
1330	87.5000	0.0000	
1440	100.0000	0.0000	
1510	88.8889	0.0000	
1650	80.0000	0.0000	
1900	71.4286	0.0000	
4261	96.2963	0.0000	
1320	84.0000	0.0000	
4271	86.6667	0.0000	
1150	82.8125	0.0000	
1730	66.6667	0.0000	
1920	75.8621	0.0000	
4080	81.6514	0.0000	
4321	66.3551	0.0000	
1160	66.6667	0.0000	
4681	91.3043	0.0000	
1310	88.0000	0.0000	
1560	85.9649	0.0000	
4701	77.7778	0.0000	
4961	83.7838	0.0000	
5011	80.0000	0.0000	
5521	87.5000	0.0000	
5771	80.0000	0.0000	
5791	85.7143	0.0000	
5901	90.9091	0.0000	
6011	82.6087	0.0000	
6191	84.2105	0.0000	
6371	83.7838	0.0000	
7791	90.0000	0.0000	
2480	100.0000	0.0000	
8021	88.8889	0.0000	
8521	73.9130	0.0000	
8611	83.7209	0.0000	
9251	82.8283	0.0000	
9271	79.3478	0.0000	
14741	84.3882	0.0000	
14801	94.1748	0.0000	
14841	87.5912	0.0000	
15321	85.3659	0.0000	
15601	77.7778	0.0000	
16841	92.5926	0.0000	
19171	56.5217	0.0000	
291	81.4433	0.0000	
341	80.3738	0.0000	
30	71.4286	0.0000	
40	70.2970	0.0000	
431	84.6154	0.0000	
441	71.1864	0.0000	
801	54.5455	0.0000	
1051	95.3488	0.0000	
3691	83.3333	0.0000	
7381	79.7619	0.0000	
5951	88.0000	0.0000	
6151	87.8788	0.0000	
11911	75.0000	0.0000	
17231	93.3333	0.0000	
17261	84.6154	0.0000	
17271	0.0000	0.0000	
17301	88.8889	0.0000	
17461	100.0000	0.0000	
17491	84.6154	0.0000	
17591	66.6667	0.0000	
2171	80.4878	0.0000	
2691	72.5888	0.0000	
800	67.4847	0.0000	
2711	79.0323	0.0000	
2771	74.4444	0.0000	
9211	79.0698	0.0000	
9481	81.9277	0.0000	
9541	66.2252	0.0000	
9681	81.2500	0.0000	
4250	84.8485	0.0000	
9701	75.5102	0.0000	
3450	72.0930	0.0000	
9881	77.2277	0.0000	
9901	71.1864	0.0000	
10981	79.9043	0.0000	
4750	74.6667	0.0000	
11171	58.3333	0.0000	
11231	88.3721	0.0000	
11281	80.1587	0.0000	
12641	72.6087	0.0000	
14681	80.0000	0.0000	
19081	75.3247	0.0000	
20141	41.8605	0.0000	
20201	84.1004	0.0000	
20351	80.0000	0.0000	
7610	55.5556	0.0000	
7620	68.7500	0.0000	
7680	60.0000	0.0000	
20521	77.7778	0.0000	
281	68.0851	0.0000	
941	76.6234	0.0000	
971	71.2121	0.0000	
2141	59.2593	0.0000	
4851	80.0000	0.0000	
8111	63.1579	0.0000	
8131	69.6970	0.0000	
5931	74.5875	0.0000	
6121	61.5385	0.0000	
1940	87.5000	0.0000	
7031	77.7778	0.0000	
8261	84.1270	0.0000	
2630	76.4706	0.0000	
2650	78.0000	0.0000	
8401	91.3043	0.0000	
11901	86.3636	0.0000	
14021	66.6667	0.0000	
14421	100.0000	0.0000	
17211	74.4681	0.0000	
17241	80.5556	0.0000	
17251	30.4348	0.0000	
7050	76.9231	0.0000	
17281	81.6667	0.0000	
17411	86.1702	0.0000	
17541	83.3333	0.0000	
6990	81.8182	0.0000	
7000	84.6154	0.0000	
17601	80.3797	0.0000	
17861	73.4615	0.0000	
17911	79.8122	0.0000	
18021	77.3913	0.0000	
18041	77.6923	0.0000	
18081	87.3418	0.0000	
18281	70.5882	0.0000	
7190	94.4444	0.0000	
18291	72.5490	0.0000	
2051	76.1905	0.0000	
2281	75.6410	0.0000	
1810	70.5357	0.0000	
2180	74.0260	0.0000	
2961	87.7551	0.0000	
1820	74.7253	0.0000	
3211	75.8621	0.0000	
3301	83.4862	0.0000	
1830	83.0357	0.0000	
3741	74.5902	0.0000	
1760	80.4878	0.0000	
1790	80.4878	0.0000	
4041	86.2069	0.0000	
4051	80.0000	0.0000	
1800	63.8889	0.0000	
4091	76.4706	0.0000	
4391	83.3333	0.0000	
4421	74.4681	0.0000	
4981	82.5301	0.0000	
5071	75.4545	0.0000	
1840	83.0189	0.0000	
5851	62.5000	0.0000	
1960	58.3333	0.0000	
6201	78.9474	0.0000	
1850	88.4615	0.0000	
1930	100.0000	0.0000	
1950	0.0000	0.0000	
6381	80.0000	0.0000	
2150	88.0000	0.0000	
9081	73.7288	0.0000	
9291	57.1429	0.0000	
3120	57.7465	0.0000	
3170	81.0811	0.0000	
3180	90.0000	0.0000	
3190	92.0000	0.0000	
3210	89.4737	0.0000	
9331	82.8571	0.0000	
3290	54.1667	0.0000	
3350	79.3478	0.0000	
3440	66.6667	0.0000	
9371	81.4286	0.0000	
3700	63.2911	0.0000	
9561	67.3684	0.0000	
9611	63.8889	0.0000	
9671	41.6667	0.0000	
3260	73.0769	0.0000	
3360	70.0000	0.0000	
9741	61.5385	0.0000	
3370	89.5522	0.0000	
3390	70.0000	0.0000	
3410	76.6667	0.0000	
3420	83.3333	0.0000	
3430	100.0000	0.0000	
3470	50.0000	0.0000	
9841	45.7143	0.0000	
3520	71.4286	0.0000	
3620	77.1300	0.0000	
9911	72.3214	0.0000	
3600	73.0769	0.0000	
3610	93.3333	0.0000	
9981	66.6667	0.0000	
3730	67.1642	0.0000	
3750	79.5455	0.0000	
9991	82.6087	0.0000	
10171	92.3077	0.0000	
10431	78.4615	0.0000	
3810	78.7456	0.0000	
3830	84.6154	0.0000	
10591	87.0968	0.0000	
10611	83.3333	0.0000	
14651	78.2609	0.0000	
14661	85.7143	0.0000	
14701	72.9167	0.0000	
14811	77.2727	0.0000	
14821	100.0000	0.0000	
14831	30.0000	0.0000	
19071	70.2703	0.0000	
19121	72.4138	0.0000	
19701	90.4762	0.0000	
19771	74.5763	0.0000	
20731	75.0000	0.0000	
21101	69.5652	0.0000	
7870	83.3333	0.0000	
271	81.8182	0.0000	
361	76.1905	0.0000	
401	87.5000	0.0000	
821	54.5455	0.0000	
1251	33.3333	0.0000	
830	66.6667	0.0000	
1590	75.0000	0.0000	
3501	60.0000	0.0000	
870	66.6667	0.0000	
5641	66.6667	0.0000	
9871	66.6667	0.0000	
5970	88.8889	0.0000	
11211	66.6667	0.0000	
12991	78.9474	0.0000	
13411	83.3333	0.0000	
13761	80.0000	0.0000	
13781	80.0000	0.0000	
14481	66.6667	0.0000	
5921	78.7958	0.0000	
6131	81.1321	0.0000	
11881	71.1610	0.0000	
11891	63.8298	0.0000	
12651	62.4490	0.0000	
5070	73.0159	0.0000	
5410	67.6768	0.0000	
5540	89.4737	0.0000	
12831	65.6000	0.0000	
5200	69.7479	0.0000	
5220	81.5068	0.0000	
13171	63.4615	0.0000	
5210	76.0000	0.0000	
5230	61.5385	0.0000	
5910	73.3333	0.0000	
5920	54.3478	0.0000	
17161	79.1667	0.0000	
2041	72.5000	0.0000	
2431	90.6250	0.0000	
2761	75.0000	0.0000	
2821	68.0000	0.0000	
3121	73.4375	0.0000	
3521	77.4194	0.0000	
3591	83.3333	0.0000	
3651	85.7143	0.0000	
3661	40.0000	0.0000	
3751	70.5128	0.0000	
3771	83.7838	0.0000	
960	80.0000	0.0000	
2080	70.4545	0.0000	
3821	85.7143	0.0000	
4121	78.4483	0.0000	
4501	71.7391	0.0000	
5631	75.0000	0.0000	
6361	72.9167	0.0000	
6611	73.5294	0.0000	
9061	77.1429	0.0000	
9101	85.7143	0.0000	
2940	63.1579	0.0000	
2960	93.7500	0.0000	
14631	66.0714	0.0000	
16741	90.0000	0.0000	
18981	95.1220	0.0000	
19871	78.4314	0.0000	
7500	68.0723	0.0000	
7540	80.0000	0.0000	
7550	65.2174	0.0000	
20031	73.8220	0.0000	
7570	100.0000	0.0000	
20421	58.6207	0.0000	
241	84.8485	0.0000	
411	71.7949	0.0000	
60	80.0000	0.0000	
70	75.0000	0.0000	
80	71.4286	0.0000	
861	54.5455	0.0000	
6620	100.0000	0.0000	
15851	78.9474	0.0000	
5781	59.0909	0.0000	
9651	59.0909	0.0000	
13031	59.0909	0.0000	
15571	58.4615	0.0000	
16911	59.0909	0.0000	
18141	59.0909	0.0000	
19031	59.0909	0.0000	
20711	59.0909	0.0000	
11851	83.3333	0.0000	
17111	75.4098	0.0000	
17141	75.0000	0.0000	
17631	80.0000	0.0000	
17851	70.5882	0.0000	
2021	73.3333	0.0000	
9021	70.1754	0.0000	
9041	70.7317	0.0000	
3220	50.0000	0.0000	
3380	68.6275	0.0000	
9621	83.6735	0.0000	
13661	73.2323	0.0000	
14501	67.9104	0.0000	
18961	57.4468	0.0000	
19141	81.6993	0.0000	
231	77.7778	0.0000	
501	67.8571	0.0000	
771	57.1429	0.0000	
5751	33.3333	0.0000	
11801	82.8947	0.0000	
11811	100.0000	0.0000	
4230	88.0000	0.0000	
11821	76.5217	0.0000	
4710	64.2857	0.0000	
12211	82.1918	0.0000	
5180	100.0000	0.0000	
5610	89.4737	0.0000	
12661	83.3333	0.0000	
17031	64.2857	0.0000	
17061	63.0769	0.0000	
6870	37.6106	0.0000	
2011	75.0000	0.0000	
8981	70.0000	0.0000	
9141	89.6552	0.0000	
9431	80.0000	0.0000	
14491	82.0000	0.0000	
14611	100.0000	0.0000	
14691	79.8817	0.0000	
6050	76.8293	0.0000	
6130	82.8571	0.0000	
6150	78.0000	0.0000	
14981	83.6735	0.0000	
6190	83.1325	0.0000	
15011	84.1270	0.0000	
6610	94.1176	0.0000	
15361	95.6522	0.0000	
18941	80.7692	0.0000	
221	76.5625	0.0000	
331	63.8298	0.0000	
471	90.9091	0.0000	
1801	87.0968	0.0000	
2101	82.3529	0.0000	
740	88.8889	0.0000	
3681	92.0000	0.0000	
5741	90.9091	0.0000	
5911	87.8505	0.0000	
6251	90.0000	0.0000	
6281	60.0000	0.0000	
6411	84.0909	0.0000	
6561	88.1890	0.0000	
11091	87.0036	0.0000	
12291	85.2679	0.0000	
4890	69.6429	0.0000	
11791	79.6460	0.0000	
11841	76.9231	0.0000	
4340	77.2455	0.0000	
11921	75.2809	0.0000	
4330	77.7778	0.0000	
4410	79.3651	0.0000	
4450	72.2222	0.0000	
4470	76.7857	0.0000	
12131	60.0000	0.0000	
12151	77.3913	0.0000	
4590	81.8182	0.0000	
12421	75.0000	0.0000	
4740	81.3559	0.0000	
4960	67.9245	0.0000	
12781	73.7864	0.0000	
5040	68.8172	0.0000	
17011	75.7009	0.0000	
17081	79.1667	0.0000	
1981	85.0000	0.0000	
8931	43.6364	0.0000	
8941	66.6667	0.0000	
8971	66.6667	0.0000	
9051	72.7273	0.0000	
3080	85.1852	0.0000	
9301	66.6667	0.0000	
9311	74.2857	0.0000	
3110	43.3333	0.0000	
3130	60.0000	0.0000	
14461	73.8462	0.0000	
14471	74.6914	0.0000	
14551	86.4865	0.0000	
14781	80.9091	0.0000	
15621	65.0407	0.0000	
6590	83.3333	0.0000	
15671	61.5385	0.0000	
15941	75.0000	0.0000	
16381	58.3333	0.0000	
16411	80.0000	0.0000	
18931	66.1836	0.0000	
19051	100.0000	0.0000	
21111	84.0000	0.0000	
21321	88.0000	0.0000	
191	70.4545	0.0000	
391	73.3333	0.0000	
50	75.0000	0.0000	
481	62.5000	0.0000	
621	78.2609	0.0000	
330	88.8889	0.0000	
631	69.0000	0.0000	
360	63.1579	0.0000	
671	77.3585	0.0000	
921	72.3684	0.0000	
961	87.3239	0.0000	
340	77.7778	0.0000	
5671	87.0130	0.0000	
11761	66.2921	0.0000	
16881	81.3559	0.0000	
1871	84.6154	0.0000	
2061	81.4815	0.0000	
750	73.6842	0.0000	
2860	76.3636	0.0000	
2111	84.2105	0.0000	
760	82.3529	0.0000	
2581	70.5882	0.0000	
2681	84.6154	0.0000	
770	80.0000	0.0000	
2721	83.6066	0.0000	
2751	65.2174	0.0000	
780	84.3750	0.0000	
2811	78.3784	0.0000	
2831	70.7965	0.0000	
1230	84.6154	0.0000	
2851	73.5294	0.0000	
2861	71.4286	0.0000	
3111	87.0968	0.0000	
3171	81.8182	0.0000	
3541	82.0896	0.0000	
3631	81.6327	0.0000	
3731	79.3103	0.0000	
3871	76.7442	0.0000	
3901	78.0488	0.0000	
1010	76.1905	0.0000	
1090	42.1053	0.0000	
1100	78.5714	0.0000	
1130	71.6981	0.0000	
1170	50.0000	0.0000	
1690	66.6667	0.0000	
4021	82.3529	0.0000	
4201	77.1429	0.0000	
4241	79.6875	0.0000	
1140	84.0580	0.0000	
4371	87.0968	0.0000	
1180	61.5385	0.0000	
4401	80.9524	0.0000	
4671	76.8212	0.0000	
4691	89.3939	0.0000	
4721	91.3043	0.0000	
4741	79.3103	0.0000	
2850	85.1064	0.0000	
2890	88.3929	0.0000	
4821	87.0370	0.0000	
4881	77.0833	0.0000	
1470	80.0000	0.0000	
5021	89.2857	0.0000	
1410	50.0000	0.0000	
5101	84.7826	0.0000	
5221	65.5738	0.0000	
5281	83.1081	0.0000	
5591	73.1343	0.0000	
5801	72.1311	0.0000	
5821	81.3333	0.0000	
5881	89.4737	0.0000	
1910	78.1250	0.0000	
5891	81.8182	0.0000	
5941	75.0000	0.0000	
6181	82.3529	0.0000	
6231	82.6087	0.0000	
6531	78.9474	0.0000	
8861	77.3810	0.0000	
9001	70.3704	0.0000	
9091	62.9412	0.0000	
9121	64.1026	0.0000	
10451	77.8481	0.0000	
10491	74.8000	0.0000	
14401	77.1429	0.0000	
15231	50.0000	0.0000	
6480	70.7317	0.0000	
18911	85.9873	0.0000	
19061	74.5098	0.0000	
19131	92.6829	0.0000	
181	78.9189	0.0000	
251	0.0000	0.0000	
311	77.7778	0.0000	
371	87.3418	0.0000	
240	83.3333	0.0000	
991	50.0000	0.0000	
250	70.5882	0.0000	
1021	90.3226	0.0000	
260	70.2703	0.0000	
1331	81.0811	0.0000	
270	71.4286	0.0000	
1611	71.4286	0.0000	
5621	83.3333	0.0000	
6811	83.5821	0.0000	
2160	87.8049	0.0000	
2170	81.0127	0.0000	
2360	92.3077	0.0000	
6911	77.7778	0.0000	
6941	71.4286	0.0000	
6951	76.7442	0.0000	
6961	80.5556	0.0000	
6971	77.7778	0.0000	
6981	80.0000	0.0000	
2220	80.7692	0.0000	
7751	80.0000	0.0000	
7871	73.6842	0.0000	
11421	81.0127	0.0000	
11431	72.9730	0.0000	
4160	70.0000	0.0000	
11441	68.9655	0.0000	
4180	66.6667	0.0000	
4240	50.0000	0.0000	
4440	60.0000	0.0000	
4460	50.0000	0.0000	
4480	76.1905	0.0000	
4510	66.6667	0.0000	
4690	77.9817	0.0000	
11451	61.8421	0.0000	
11461	57.8947	0.0000	
4210	28.5714	0.0000	
4520	28.5714	0.0000	
5500	28.5714	0.0000	
11471	65.2941	0.0000	
11481	59.3750	0.0000	
4220	25.0000	0.0000	
4550	20.0000	0.0000	
5510	18.1818	0.0000	
11491	68.6667	0.0000	
11511	69.2308	0.0000	
4370	15.3846	0.0000	
4570	15.3846	0.0000	
11531	72.8571	0.0000	
4380	50.0000	0.0000	
4610	10.0000	0.0000	
11541	76.8116	0.0000	
4620	14.2857	0.0000	
11551	75.6098	0.0000	
4400	52.3810	0.0000	
4630	50.0000	0.0000	
11561	74.1573	0.0000	
4390	16.6667	0.0000	
4640	16.6667	0.0000	
11571	78.9474	0.0000	
12251	91.2088	0.0000	
4680	88.6364	0.0000	
4910	82.9268	0.0000	
4970	93.2642	0.0000	
5100	83.3333	0.0000	
5110	90.9091	0.0000	
5600	86.5169	0.0000	
16671	63.6364	0.0000	
16711	73.1707	0.0000	
16981	67.0455	0.0000	
6910	100.0000	0.0000	
6970	45.2381	0.0000	
17221	58.3333	0.0000	
17401	36.1111	0.0000	
1841	75.0000	0.0000	
1971	67.8571	0.0000	
2001	82.5243	0.0000	
2131	68.8525	0.0000	
2191	82.0513	0.0000	
2641	68.1319	0.0000	
3811	74.4186	0.0000	
3921	68.6047	0.0000	
4151	90.7407	0.0000	
7361	80.4348	0.0000	
15731	76.3441	0.0000	
15891	78.0000	0.0000	
15901	67.5000	0.0000	
8851	77.7778	0.0000	
9171	42.8571	0.0000	
4070	100.0000	0.0000	
9231	80.3922	0.0000	
14381	75.9615	0.0000	
14531	80.9524	0.0000	
14571	48.5714	0.0000	
15101	86.8421	0.0000	
18821	64.2857	0.0000	
19281	69.3878	0.0000	
161	50.0000	0.0000	
5571	83.8235	0.0000	
11411	90.9091	0.0000	
11731	66.0550	0.0000	
4320	100.0000	0.0000	
16641	69.8980	0.0000	
16781	73.0769	0.0000	
16901	73.1707	0.0000	
17761	76.9841	0.0000	
7140	78.4314	0.0000	
1771	75.0000	0.0000	
1831	70.6422	0.0000	
510	77.4648	0.0000	
640	84.7826	0.0000	
8731	74.0000	0.0000	
8781	81.5476	0.0000	
8791	80.8219	0.0000	
14371	87.3333	0.0000	
18801	77.0925	0.0000	
19161	73.9130	0.0000	
19241	83.3333	0.0000	
19271	78.5714	0.0000	
20791	79.7753	0.0000	
151	87.5000	0.0000	
871	54.5455	0.0000	
881	60.8696	0.0000	
3711	88.8889	0.0000	
5531	73.6842	0.0000	
11331	80.5556	0.0000	
11351	87.1429	0.0000	
4350	75.4808	0.0000	
4360	75.0000	0.0000	
4780	76.7677	0.0000	
4820	62.2807	0.0000	
4830	69.6133	0.0000	
4850	77.7778	0.0000	
11361	72.2727	0.0000	
4840	72.8261	0.0000	
11401	87.2093	0.0000	
11581	70.9845	0.0000	
11601	80.1802	0.0000	
11631	72.7723	0.0000	
11641	84.2640	0.0000	
4800	87.5000	0.0000	
11671	85.3081	0.0000	
11691	83.6364	0.0000	
11711	89.0000	0.0000	
12481	76.7677	0.0000	
12521	68.0000	0.0000	
13231	55.3957	0.0000	
13531	75.0000	0.0000	
5450	81.8182	0.0000	
13541	63.8243	0.0000	
5460	74.6269	0.0000	
13561	100.0000	0.0000	
5530	62.9630	0.0000	
5550	85.7143	0.0000	
5640	79.1667	0.0000	
5850	80.5970	0.0000	
16631	76.3158	0.0000	
1751	80.0000	0.0000	
4931	81.6327	0.0000	
8651	88.0000	0.0000	
10141	71.2871	0.0000	
14361	78.9474	0.0000	
15391	81.7391	0.0000	
18791	78.9474	0.0000	
141	79.8319	0.0000	
451	84.3750	0.0000	
130	77.0588	0.0000	
180	77.7027	0.0000	
1221	68.6131	0.0000	
5481	85.7143	0.0000	
5511	57.1429	0.0000	
5871	80.0000	0.0000	
6041	71.4286	0.0000	
6301	69.2308	0.0000	
6521	50.0000	0.0000	
11271	89.3617	0.0000	
16601	84.6154	0.0000	
16961	90.6977	0.0000	
16971	92.7273	0.0000	
16991	83.7838	0.0000	
17041	83.6066	0.0000	
6850	76.4331	0.0000	
17101	68.5714	0.0000	
17561	92.3077	0.0000	
1731	50.0000	0.0000	
8561	88.4615	0.0000	
8901	75.5102	0.0000	
8991	100.0000	0.0000	
14351	83.2618	0.0000	
14431	63.6364	0.0000	
14721	77.4194	0.0000	
6640	80.4598	0.0000	
6660	54.8387	0.0000	
14861	81.6327	0.0000	
6650	80.2239	0.0000	
14871	78.7879	0.0000	
14921	86.1314	0.0000	
6170	88.0000	0.0000	
15551	88.6957	0.0000	
6500	68.7500	0.0000	
6570	73.4375	0.0000	
6600	85.8974	0.0000	
15811	75.6757	0.0000	
18671	73.0337	0.0000	
18681	45.0000	0.0000	
18691	78.1250	0.0000	
18921	64.4444	0.0000	
131	75.0000	0.0000	
2071	93.7500	0.0000	
2881	66.6667	0.0000	
3791	82.3529	0.0000	
4521	61.9048	0.0000	
1210	90.9091	0.0000	
5471	81.5789	0.0000	
5661	40.8163	0.0000	
1600	50.0000	0.0000	
5701	80.0000	0.0000	
5761	77.2727	0.0000	
11221	82.4773	0.0000	
11301	75.2941	0.0000	
11381	73.3728	0.0000	
4120	68.1818	0.0000	
4150	56.6038	0.0000	
16571	88.0000	0.0000	
16751	81.2500	0.0000	
1691	89.0625	0.0000	
1861	77.5281	0.0000	
610	81.9444	0.0000	
6260	72.4138	0.0000	
6630	72.9167	0.0000	
1911	80.0000	0.0000	
1961	84.4444	0.0000	
600	74.0741	0.0000	
2601	81.6667	0.0000	
8091	86.6667	0.0000	
2620	77.8761	0.0000	
2760	89.2405	0.0000	
5560	61.2500	0.0000	
8681	84.0426	0.0000	
8411	88.8889	0.0000	
8451	92.8571	0.0000	
8551	90.9091	0.0000	
8581	100.0000	0.0000	
9461	87.8049	0.0000	
14271	64.2857	0.0000	
14791	87.9310	0.0000	
6110	67.5439	0.0000	
6120	78.3784	0.0000	
6140	87.7551	0.0000	
14971	81.0219	0.0000	
18661	75.7576	0.0000	
18701	86.3636	0.0000	
18721	93.3333	0.0000	
18861	67.6471	0.0000	
18881	54.5455	0.0000	
18891	88.8889	0.0000	
18951	79.0323	0.0000	
121	93.8272	0.0000	
171	81.8182	0.0000	
10	71.4286	0.0000	
150	91.6667	0.0000	
170	82.9268	0.0000	
670	87.1795	0.0000	
2250	77.7778	0.0000	
2300	92.3077	0.0000	
201	88.5714	0.0000	
20	72.4409	0.0000	
220	88.5714	0.0000	
430	76.4706	0.0000	
480	80.0000	0.0000	
650	85.9649	0.0000	
2330	79.1139	0.0000	
211	90.6250	0.0000	
261	82.6087	0.0000	
321	92.8571	0.0000	
351	88.5714	0.0000	
90	85.7143	0.0000	
1321	81.4815	0.0000	
2801	95.2381	0.0000	
1750	71.4286	0.0000	
2230	85.4839	0.0000	
2320	89.4737	0.0000	
2420	80.0000	0.0000	
5991	82.0144	0.0000	
7081	90.1961	0.0000	
7111	84.8649	0.0000	
2140	86.6667	0.0000	
7581	91.9355	0.0000	
2290	81.5789	0.0000	
2350	85.5932	0.0000	
7711	83.0688	0.0000	
2390	72.0000	0.0000	
8921	91.7647	0.0000	
2910	81.2500	0.0000	
9031	85.5856	0.0000	
5451	83.7838	0.0000	
5611	80.0000	0.0000	
5651	78.2609	0.0000	
1870	88.5714	0.0000	
5831	87.0968	0.0000	
5841	85.7143	0.0000	
6161	76.1905	0.0000	
6171	81.9209	0.0000	
6571	96.0784	0.0000	
11191	73.5849	0.0000	
11201	77.7778	0.0000	
4100	70.9677	0.0000	
4140	76.4706	0.0000	
4490	66.6667	0.0000	
11371	82.6087	0.0000	
4130	79.4872	0.0000	
4300	94.4444	0.0000	
11591	62.2642	0.0000	
5030	75.2941	0.0000	
5290	81.4815	0.0000	
11611	58.0645	0.0000	
6090	0.0000	0.0000	
11621	77.7778	0.0000	
4420	88.4615	0.0000	
11721	79.1045	0.0000	
5300	88.1356	0.0000	
5330	84.4444	0.0000	
5520	76.0563	0.0000	
5880	74.1176	0.0000	
11741	52.9412	0.0000	
4500	62.5000	0.0000	
11931	86.1538	0.0000	
4280	100.0000	0.0000	
12371	88.6525	0.0000	
4870	81.9048	0.0000	
4880	79.8077	0.0000	
4900	82.4742	0.0000	
5000	96.0000	0.0000	
5830	90.1639	0.0000	
6010	80.8219	0.0000	
12561	80.6122	0.0000	
13081	76.0000	0.0000	
13281	75.2688	0.0000	
13341	76.2500	0.0000	
5580	86.8687	0.0000	
13511	41.6667	0.0000	
13671	75.6098	0.0000	
13791	96.9697	0.0000	
5690	75.0000	0.0000	
14281	91.2281	0.0000	
5900	69.2308	0.0000	
5990	87.2340	0.0000	
14291	73.8095	0.0000	
6100	83.3333	0.0000	
14541	81.3333	0.0000	
14561	78.1250	0.0000	
6000	80.0000	0.0000	
14601	86.6667	0.0000	
14641	76.5957	0.0000	
14761	82.7586	0.0000	
14771	85.4167	0.0000	
16561	77.9412	0.0000	
16721	68.2927	0.0000	
16761	72.7273	0.0000	
16771	83.3333	0.0000	
16791	74.2857	0.0000	
16821	90.4762	0.0000	
16951	81.8182	0.0000	
6940	90.0000	0.0000	
17511	83.9286	0.0000	
17521	83.3333	0.0000	
1671	17.4603	0.0000	
2201	33.3333	0.0000	
2271	13.5135	0.0000	
2441	11.2782	0.0000	
2471	9.6774	0.0000	
2561	18.7500	0.0000	
2621	8.8889	0.0000	
660	25.0000	0.0000	
1430	14.2857	0.0000	
4581	15.7895	0.0000	
6081	14.7059	0.0000	
2010	15.7143	0.0000	
2070	19.5652	0.0000	
11061	21.5686	0.0000	
11241	11.5385	0.0000	
14171	13.1579	0.0000	
5840	10.5263	0.0000	
14511	14.2857	0.0000	
7310	12.8571	0.0000	
7320	8.6957	0.0000	
8361	88.7097	0.0000	
8381	86.7647	0.0000	
8831	87.3239	0.0000	
14221	88.5714	0.0000	
14341	80.0000	0.0000	
14581	100.0000	0.0000	
18611	88.7097	0.0000	
19001	82.2222	0.0000	
7300	76.5957	0.0000	
111	77.6119	0.0000	
5381	85.6287	0.0000	
6621	70.3125	0.0000	
2030	75.0000	0.0000	
11181	74.4395	0.0000	
11261	79.6117	0.0000	
16551	80.0000	0.0000	
21861	73.6842	0.0000	
21891	69.0821	0.0000	
1531	71.8750	0.0000	
1591	82.7027	0.0000	
2161	82.0652	0.0000	
3281	79.3651	0.0000	
3841	76.3158	0.0000	
8341	74.5614	0.0000	
9341	87.3016	0.0000	
9411	75.5906	0.0000	
14191	76.7568	0.0000	
14211	84.3750	0.0000	
5960	73.7864	0.0000	
18581	77.2727	0.0000	
19251	82.6087	0.0000	
20451	80.0000	0.0000	
20541	83.6066	0.0000	
101	78.1690	0.0000	
5371	78.9474	0.0000	
11131	80.0000	0.0000	
12771	100.0000	0.0000	
12901	93.7500	0.0000	
16531	84.3750	0.0000	
21811	84.0909	0.0000	
21821	100.0000	0.0000	
21871	100.0000	0.0000	
21881	80.3571	0.0000	
1521	76.0000	0.0000	
1561	80.5556	0.0000	
840	76.8868	0.0000	
860	77.7778	0.0000	
1651	78.6241	0.0000	
940	71.4286	0.0000	
1721	83.7209	0.0000	
1811	76.4912	0.0000	
3511	68.2759	0.0000	
3561	85.4460	0.0000	
3721	84.7826	0.0000	
8301	80.9783	0.0000	
8351	75.2336	0.0000	
8721	79.1667	0.0000	
13121	74.4186	0.0000	
14121	47.0000	0.0000	
18571	80.0000	0.0000	
18591	67.9245	0.0000	
18601	83.0769	0.0000	
18641	83.9378	0.0000	
18711	91.3043	0.0000	
18751	77.7778	0.0000	
18771	81.8182	0.0000	
18811	91.1765	0.0000	
18851	91.6667	0.0000	
18871	74.2857	0.0000	
91	81.2500	0.0000	
5321	78.4722	0.0000	
5391	77.2277	0.0000	
11111	53.6134	0.0000	
13721	70.0000	0.0000	
5590	77.0732	0.0000	
13811	76.6667	0.0000	
5740	78.0952	0.0000	
16481	81.8584	0.0000	
17201	90.4762	0.0000	
21771	86.4198	0.0000	
21781	85.1852	0.0000	
21791	82.2222	0.0000	
21801	97.8261	0.0000	
1491	87.0968	0.0000	
2401	89.5522	0.0000	
4791	63.6364	0.0000	
6741	92.0354	0.0000	
2040	85.3659	0.0000	
7861	95.0000	0.0000	
2460	77.9412	0.0000	
8031	85.1852	0.0000	
2470	80.5195	0.0000	
12301	86.9231	0.0000	
4530	84.3137	0.0000	
7730	81.5789	0.0000	
15841	87.1795	0.0000	
8281	77.9302	0.0000	
8771	83.4862	0.0000	
14031	83.7838	0.0000	
14061	64.0000	0.0000	
5750	81.8182	0.0000	
14151	78.7037	0.0000	
14181	87.5000	0.0000	
14201	53.7313	0.0000	
14251	48.7805	0.0000	
5870	78.1250	0.0000	
5890	52.3810	0.0000	
16661	69.4118	0.0000	
18561	86.6667	0.0000	
21561	68.0000	0.0000	
81	84.8739	0.0000	
5261	76.7442	0.0000	
6461	100.0000	0.0000	
6471	100.0000	0.0000	
7121	88.8889	0.0000	
2100	77.2727	0.0000	
2130	80.0000	0.0000	
2190	91.8033	0.0000	
2340	73.9130	0.0000	
3310	79.4118	0.0000	
7161	77.4194	0.0000	
10841	100.0000	0.0000	
3970	73.0769	0.0000	
11071	78.2609	0.0000	
11751	76.1905	0.0000	
6720	85.0000	0.0000	
12341	83.3333	0.0000	
12791	95.4545	0.0000	
5050	80.3571	0.0000	
11101	78.9474	0.0000	
11291	83.7838	0.0000	
15351	89.7959	0.0000	
16471	72.1649	0.0000	
16611	85.7143	0.0000	
16681	92.8571	0.0000	
16801	100.0000	0.0000	
16891	63.6364	0.0000	
21751	88.2353	0.0000	
21921	78.2609	0.0000	
22091	87.6106	0.0000	
1481	58.4906	0.0000	
8181	72.5000	0.0000	
8741	65.2893	0.0000	
3340	91.3043	0.0000	
14011	86.3636	0.0000	
14051	66.6667	0.0000	
5710	84.6154	0.0000	
5760	76.9231	0.0000	
5770	76.7442	0.0000	
5780	72.2222	0.0000	
6460	81.8182	0.0000	
14111	68.4211	0.0000	
14161	81.1321	0.0000	
6470	76.7123	0.0000	
6490	77.4194	0.0000	
6540	85.1852	0.0000	
6930	88.5714	0.0000	
15701	84.7826	0.0000	
6550	42.1053	0.0000	
6560	80.6122	0.0000	
15721	78.4314	0.0000	
17131	92.9825	0.0000	
17371	53.8462	0.0000	
18521	81.8182	0.0000	
18541	95.8333	0.0000	
71	84.7826	0.0000	
5211	73.2394	0.0000	
5241	75.0000	0.0000	
10971	57.9710	0.0000	
16291	76.1905	0.0000	
16451	88.0000	0.0000	
16521	100.0000	0.0000	
16581	92.4051	0.0000	
16931	91.2621	0.0000	
21661	88.2075	0.0000	
21701	88.3212	0.0000	
1461	80.4878	0.0000	
2731	75.0000	0.0000	
3091	83.0986	0.0000	
3391	76.4706	0.0000	
3471	72.2222	0.0000	
8121	77.1186	0.0000	
8151	80.3279	0.0000	
8221	84.5455	0.0000	
8231	81.0897	0.0000	
8491	88.0435	0.0000	
8761	76.3033	0.0000	
8821	77.1058	0.0000	
13981	66.6667	0.0000	
14081	85.7143	0.0000	
14231	80.9524	0.0000	
14731	83.3333	0.0000	
15561	84.0000	0.0000	
18511	84.6667	0.0000	
18531	95.8333	0.0000	
7270	100.0000	0.0000	
61	81.4286	0.0000	
5151	81.8182	0.0000	
5161	55.5556	0.0000	
5251	65.1515	0.0000	
1520	91.8919	0.0000	
5291	70.2703	0.0000	
5331	74.6032	0.0000	
5351	80.4878	0.0000	
1550	74.3590	0.0000	
10901	64.8649	0.0000	
11141	88.8889	0.0000	
16281	69.2308	0.0000	
16361	80.9524	0.0000	
6790	88.8889	0.0000	
16401	100.0000	0.0000	
16431	94.1176	0.0000	
16621	63.6364	0.0000	
21641	93.1034	0.0000	
21711	84.6154	0.0000	
21721	78.3784	0.0000	
21741	78.8571	0.0000	
1431	67.6471	0.0000	
2311	82.1918	0.0000	
2671	83.1461	0.0000	
3531	77.3585	0.0000	
5401	38.0952	0.0000	
8081	53.5714	0.0000	
8211	65.4545	0.0000	
13961	67.9775	0.0000	
13991	74.0506	0.0000	
14041	55.8824	0.0000	
5720	72.5000	0.0000	
6020	63.9175	0.0000	
6060	66.4000	0.0000	
6070	43.0556	0.0000	
6080	68.6869	0.0000	
6510	74.0741	0.0000	
6580	78.3333	0.0000	
14141	61.2903	0.0000	
5790	66.6667	0.0000	
5800	72.2222	0.0000	
6030	68.4211	0.0000	
6040	100.0000	0.0000	
6520	81.8182	0.0000	
15751	69.6078	0.0000	
18501	62.6506	0.0000	
51	80.9735	0.0000	
5121	76.0000	0.0000	
5501	84.1379	0.0000	
1720	90.9091	0.0000	
5581	79.4326	0.0000	
5601	71.7949	0.0000	
10861	66.1290	0.0000	
10911	68.1159	0.0000	
16271	84.4828	0.0000	
16351	69.5652	0.0000	
16371	85.7143	0.0000	
16651	69.4444	0.0000	
6810	84.7458	0.0000	
21571	68.7179	0.0000	
1421	85.2941	0.0000	
5441	88.8889	0.0000	
1540	75.0000	0.0000	
6761	61.3861	0.0000	
2430	76.3158	0.0000	
4950	72.1311	0.0000	
7991	75.3247	0.0000	
13861	89.4737	0.0000	
13881	100.0000	0.0000	
14131	74.0741	0.0000	
18491	82.7586	0.0000	
41	80.2575	0.0000	
5111	11.1111	0.0000	
5141	28.0000	0.0000	
5191	12.5000	0.0000	
5201	8.3333	0.0000	
6091	14.7059	0.0000	
6671	18.9189	0.0000	
6831	13.3333	0.0000	
7401	0.0000	0.0000	
7891	0.0000	0.0000	
9201	8.3333	0.0000	
3200	27.8261	0.0000	
3500	11.9565	0.0000	
3510	33.3333	0.0000	
3760	23.0769	0.0000	
3890	4.1667	0.0000	
9581	42.5000	0.0000	
3490	11.1111	0.0000	
3590	16.6667	0.0000	
10811	10.0000	0.0000	
17391	10.5263	0.0000	
18071	6.2500	0.0000	
21761	9.6154	0.0000	
10831	76.3158	0.0000	
11311	89.7959	0.0000	
16141	67.8571	0.0000	
16211	94.4444	0.0000	
16221	54.4041	0.0000	
6740	100.0000	0.0000	
16231	76.1905	0.0000	
6760	83.3333	0.0000	
16241	90.0000	0.0000	
16691	80.0000	0.0000	
16811	80.0000	0.0000	
21391	74.3902	0.0000	
21431	88.8889	0.0000	
21491	86.6667	0.0000	
7920	85.9375	0.0000	
1311	76.4543	0.0000	
1361	100.0000	0.0000	
1391	85.0000	0.0000	
290	83.3333	0.0000	
1951	61.5385	0.0000	
2571	90.7895	0.0000	
630	55.5556	0.0000	
2841	83.3333	0.0000	
2110	96.8750	0.0000	
11661	89.9225	0.0000	
4990	61.5385	0.0000	
7981	80.8081	0.0000	
8061	74.7126	0.0000	
8251	75.6757	0.0000	
8541	87.2340	0.0000	
13801	60.8696	0.0000	
13831	74.4275	0.0000	
5630	86.4198	0.0000	
13841	60.5442	0.0000	
5650	86.7925	0.0000	
7430	73.9130	0.0000	
7820	78.3133	0.0000	
21091	72.1519	0.0000	
18441	78.1116	0.0000	
18471	87.5000	0.0000	
18621	76.8844	0.0000	
31	81.1659	0.0000	
5081	83.0189	0.0000	
10761	59.2593	0.0000	
10951	78.4615	0.0000	
11321	100.0000	0.0000	
16111	84.3137	0.0000	
21051	77.7778	0.0000	
21121	93.3333	0.0000	
7830	100.0000	0.0000	
7840	100.0000	0.0000	
21241	86.6667	0.0000	
7910	50.0000	0.0000	
21341	80.4124	0.0000	
21691	66.6667	0.0000	
1241	74.7368	0.0000	
3261	88.2353	0.0000	
7931	74.0741	0.0000	
13601	54.2424	0.0000	
13621	100.0000	0.0000	
13631	80.0000	0.0000	
13911	100.0000	0.0000	
5670	93.3333	0.0000	
5700	88.8889	0.0000	
14391	100.0000	0.0000	
14411	94.7368	0.0000	
5940	92.8571	0.0000	
5950	83.9286	0.0000	
18421	75.0000	0.0000	
18451	42.1053	0.0000	
5061	81.0811	0.0000	
5091	96.2963	0.0000	
5421	69.6970	0.0000	
10681	77.9661	0.0000	
10701	87.5000	0.0000	
11831	80.0000	0.0000	
12141	81.3333	0.0000	
16101	75.9259	0.0000	
16151	85.7143	0.0000	
16201	64.5349	0.0000	
6780	76.6667	0.0000	
7010	88.4615	0.0000	
16391	93.3333	0.0000	
16851	84.3750	0.0000	
18901	54.6875	0.0000	
20751	80.0000	0.0000	
21311	91.4286	0.0000	
21331	70.2128	0.0000	
1231	77.2727	0.0000	
1301	90.0000	0.0000	
1411	74.4898	0.0000	
1501	56.5217	0.0000	
1511	63.2653	0.0000	
3351	68.9189	0.0000	
7821	73.3333	0.0000	
7971	75.7576	0.0000	
9751	69.3333	0.0000	
10181	52.1739	0.0000	
3710	67.2414	0.0000	
13551	65.3846	0.0000	
14091	100.0000	0.0000	
18391	65.7143	0.0000	
11	84.0000	0.0000	
5001	76.5714	0.0000	
5691	76.8116	0.0000	
10641	79.4872	0.0000	
10651	72.7273	0.0000	
16081	80.4348	0.0000	
21201	74.0741	0.0000	
21221	73.9130	0.0000	
21231	66.6667	0.0000	
7850	83.3333	0.0000	
21371	83.8710	0.0000	
21631	75.8621	0.0000	
1201	61.5385	0.0000	
1211	77.5510	0.0000	
4781	50.0000	0.0000	
7731	72.1854	0.0000	
13451	83.8235	0.0000	
13471	90.9091	0.0000	
13481	86.6667	0.0000	
5420	87.5000	0.0000	
13651	65.0000	0.0000	
13731	83.3333	0.0000	