ID	VOTES
4991	0
10631	2
11001	1
11011	3
12021	0
16061	0
20851	0
20861	0
7790	1
1171	5
1291	1
570	0
1401	3
300	0
370	0
390	0
400	1
5930	0
6340	0
6840	0
1581	0
1621	2
350	0
470	0
730	0
1761	0
2081	0
2211	1
2651	0
2911	0
3161	0
3241	0
6880	0
3341	7
790	0
1050	0
3401	0
10781	0
17151	0
17381	0
7721	16
7911	20
7941	-3
7961	8
2750	3
8041	5
2510	0
2520	0
2590	0
2600	0
2610	1
2720	0
2730	-3
2870	9
2880	0
8071	0
2640	13
8161	4
2550	7
8191	2
2580	17
8371	13
3020	4
3040	1
3820	0
8511	10
3050	6
8531	21
3060	7
3850	8
3870	3
3880	3
8591	2
8621	4
3070	0
3140	2
8631	1
2780	2
2900	0
8671	1
2950	0
8711	1
8891	5
3240	0
3250	0
3270	2
3460	1
3860	0
9011	2
9161	2
9191	1
3010	0
3030	0
9221	0
9241	2
9261	16
9521	1
3230	0
3280	0
3300	0
3320	0
9891	-4
3560	3
10011	0
10151	0
10371	0
13441	15
13501	2
5430	4
6310	0
6350	0
13751	2
5980	4
14311	0
18271	0
4971	0
5271	0
5301	0
6691	8
2020	1
6791	0
10601	0
10721	0
10751	0
12741	0
12861	0
16051	3
17021	0
17051	0
17071	0
6860	0
7170	0
20621	30
20761	3
7740	7
20871	2
7750	1
20941	2
7760	2
20951	1
20961	2
21251	2
21261	2
21281	2
21421	3
21461	2
22111	3
1151	2
1181	0
200	1
210	0
1371	5
1381	3
280	0
520	0
1380	0
4451	1
4461	0
6431	0
7671	4
7691	0
8001	1
8241	9
2670	1
2700	0
8311	0
2680	0
2710	0
8321	1
2690	0
8471	2
8501	0
8661	5
2820	0
3160	0
8801	0
3090	0
3100	0
3150	0
3330	0
8811	1
8911	0
9111	3
9471	1
13401	2
13461	2
13701	1
13951	1
14951	0
6210	0
15001	0
15041	0
6250	0
15111	0
15421	1
18261	1
18331	0
4941	0
10561	0
10671	0
16021	43
16031	2
16041	2
16071	2
16091	2
16121	2
16181	2
16251	2
16311	2
16341	2
16441	1
16491	1
16501	1
16511	2
16541	1
16591	1
16831	0
20591	5
20681	1
7770	0
20801	0
20881	4
20891	0
21001	0
7800	1
1141	0
4531	0
7571	17
7651	1
2740	0
8421	1
8431	2
8441	0
10041	0
13381	1
13421	1
5400	0
18251	2
18341	0
18401	0
18411	1
4921	0
5041	1
1480	0
5131	0
5311	0
5341	1
6501	1
6551	0
10541	4
10551	3
10931	0
11021	2
4090	0
11501	2
11521	5
4110	6
4650	3
4720	1
11781	0
11961	2
12331	0
4730	2
12441	0
15931	71
18971	21
7940	3
19011	30
19111	14
19151	18
19181	10
7580	0
19191	11
19401	12
19441	5
19511	6
19571	6
19601	6
19611	7
19631	5
19641	4
19661	2
19691	7
19821	5
19851	6
19891	8
7510	3
19921	6
19941	6
7860	2
20061	5
20081	5
20121	4
20131	4
20151	5
20181	4
20191	3
20211	4
20221	4
20231	4
20251	3
20261	3
20281	4
20301	4
20311	6
20321	1
20331	2
20361	2
20371	4
20401	3
20461	4
20471	2
20651	2
20661	3
20671	2
20831	2
20911	1
21011	1
21021	2
21031	1
21131	1
21141	1
21151	2
21161	1
21171	1
21181	1
21191	1
21211	1
21271	3
21291	1
21301	1
21351	1
21361	1
21401	1
21411	2
21501	2
21511	0
21521	0
21541	0
21581	1
21591	0
21601	2
21621	0
21651	1
21671	0
21681	0
21831	0
21901	0
21941	0
21991	1
22001	0
22011	0
22021	0
22031	0
22061	1
22071	0
22081	0
22101	0
22121	0
22131	0
22141	0
7950	0
20561	21
20841	15
7780	2
7880	6
7890	0
20901	2
20921	1
20931	3
20971	6
20981	6
20991	12
21081	1
21381	18
21441	0
21451	3
21471	0
21481	2
21731	2
21911	2
21931	0
21951	1
21961	2
21971	1
21981	3
1091	3
1121	0
1191	7
310	0
1341	1
7441	87
7781	2
2930	1
3680	0
4200	1
4290	1
4660	0
4670	3
4700	0
8011	2
2490	0
2660	0
3540	1
3550	1
8141	1
4170	1
4190	0
8171	0
2570	1
2800	1
2840	0
8691	0
2790	1
8701	1
8881	1
9071	2
2970	0
2980	1
3000	1
9131	2
2990	0
9151	1
9181	1
9321	1
9421	1
9571	1
9591	1
9931	1
3570	3
4030	1
9971	1
10001	1
10261	1
10621	1
10731	2
11031	1
11081	2
11871	0
4260	1
4310	0
4540	0
4580	1
5820	0
12431	2
4790	4
15221	1
13161	0
18211	0
4771	0
4841	0
13131	0
10521	1
10711	1
4020	0
11051	2
15871	1
15881	0
20551	1
20601	0
1071	0
1111	1
1601	0
320	0
1661	0
380	1
7391	3
7431	1
7461	0
7521	2
7551	2
2810	0
7661	2
7761	1
7831	1
7921	0
2830	0
8601	2
13091	0
13191	0
13261	0
13371	1
5390	0
13431	0
14441	0
18181	0
4751	0
10501	0
15831	0
20341	21
20411	1
20481	1
20531	2
20571	1
1061	0
1131	1
1441	0
1451	1
2291	0
7371	1
13051	0
13571	0
18161	2
18171	0
7160	0
18191	1
18201	0
18231	3
18381	0
20741	0
4711	1
10481	0
10511	0
3840	0
10531	0
15781	1
17871	1
20241	0
20391	0
7630	0
1041	0
1081	0
120	0
140	0
1101	2
160	0
230	0
7321	3
7331	3
7351	1
7451	2
7501	1
7631	1
13041	0
13071	3
5490	0
13361	1
14961	0
18121	0
4601	6
10471	40
11651	4
11991	-1
4430	2
12381	14
12391	15
4770	0
6330	3
6950	1
6960	0
6980	0
14751	6
6180	2
6200	1
6730	0
16191	0
16321	1
16861	4
17181	4
7030	0
17581	1
7020	0
7040	0
17691	0
15741	5
15761	0
15791	0
15801	0
6820	0
15971	1
15991	1
6710	2
6830	0
16001	1
6700	0
18131	1
20171	3
1031	0
1261	0
1271	0
1681	0
560	0
880	0
1640	0
1980	0
1701	0
2050	0
1791	0
450	0
990	0
1370	2
1851	0
1891	0
460	0
1030	0
1931	0
890	0
1941	0
1040	0
1110	0
1740	0
1991	1
2031	0
2181	0
1060	0
2231	0
2241	0
2251	0
2261	0
2301	0
1070	2
1530	0
2321	1
900	1
970	0
2331	1
580	0
590	3
1340	0
1630	1
2351	0
2361	0
1670	0
2371	0
2411	0
2461	0
2501	0
2511	0
2521	0
2531	0
2541	0
2551	0
2591	0
2611	0
2661	0
2701	0
2871	0
2891	0
2901	0
1970	0
2931	0
2941	0
2951	0
2971	0
2981	8
700	0
2991	0
3001	0
3011	0
3021	0
810	0
3031	0
3051	0
3061	1
3071	0
820	0
3081	0
3131	1
3141	0
1660	0
3181	0
3201	1
980	0
1290	0
3251	0
3291	0
3361	0
3381	0
910	0
1420	0
3431	0
3461	1
3481	0
3491	0
3551	0
3581	0
3611	0
3641	0
3671	0
3801	1
3831	1
3861	0
3891	0
3911	0
1000	0
1020	3
3951	0
1080	0
1120	0
3961	0
3971	0
4001	0
4061	0
4071	0
4081	0
4161	0
4181	0
4221	0
4281	0
4291	0
4761	0
4811	0
5361	0
5411	0
5541	0
5711	0
5811	0
5971	0
6001	0
6021	0
6031	0
6071	0
6241	0
6291	0
6351	0
6401	0
6421	0
6451	0
6581	0
6701	0
6711	0
6731	0
6821	0
6841	0
6871	0
6881	0
6891	0
7311	2
8481	0
12731	0
12931	0
14931	0
18091	0
4591	1
10401	7
15661	1
15681	0
15771	0
20111	7
20491	1
20581	2
20721	0
20811	0
22051	1
1011	0
7301	4
7901	0
2530	0
2540	0
8201	0
12871	0
12981	1
13021	1
5190	0
13921	0
18031	0
4571	4
5431	0
5461	0
10341	0
10351	0
15651	0
20091	2
21531	0
21611	1
911	0
931	0
7261	0
12801	0
12821	0
5060	1
5080	-2
12841	0
13851	1
18001	1
18101	0
18301	1
7180	1
18461	1
18481	0
4491	0
6541	0
10251	2
10291	4
10331	1
3910	0
4010	0
10661	1
3920	0
3930	0
10691	1
3940	0
10741	2
3950	0
10881	1
10961	1
3980	0
4000	1
10991	1
15581	0
19991	0
811	0
1281	0
410	0
1471	0
420	0
2391	0
8101	0
2560	0
7231	2
7281	0
7291	0
7471	0
7481	0
7511	0
7601	3
2310	1
2380	0
2450	0
7641	0
7681	1
2370	0
2400	0
7811	0
7951	0
2770	0
2920	0
8051	1
12761	74
12921	2
5140	0
5660	1
12941	2
5170	0
13061	2
13221	1
13241	1
13711	1
13741	1
13771	1
13891	1
13901	1
13931	1
13941	1
13971	3
14261	1
14321	1
14331	2
14451	2
14521	2
14591	2
14621	2
15951	1
6670	2
6680	0
6690	0
16131	0
16261	0
17971	2
18221	0
4301	0
4341	0
10231	0
15531	2
19961	0
20021	2
20271	0
731	12
851	0
1161	0
190	10
1190	5
1351	5
530	0
1631	0
550	0
1711	2
540	1
2121	0
710	0
3331	6
4561	3
4891	1
4951	3
6221	2
6651	1
6851	1
6861	0
10391	0
10411	0
11701	0
7211	0
7531	0
7561	0
7611	0
10461	4
12681	0
13141	1
13611	0
13641	3
5570	0
17961	2
18631	1
7370	0
18761	0
7280	0
19261	0
4231	14
4251	6
4361	1
4481	4
4551	1
4621	4
7151	0
7181	0
10051	1
10101	0
10581	0
15451	10
15491	0
15501	0
15911	1
15921	4
15961	1
15981	0
16161	0
16421	0
19951	1
20161	5
20501	0
20781	0
20821	0
21551	0
701	0
721	0
1641	0
1741	0
1821	0
1901	0
1921	0
2151	0
3931	0
4511	0
1620	0
5731	0
8461	0
10821	0
10891	0
4270	0
12321	0
12541	0
4930	0
12551	0
7201	0
7241	-2
3650	1
7541	14
2410	5
7621	4
7841	2
4050	0
7851	1
9801	3
3480	0
3660	1
3960	0
9961	3
10111	0
10121	0
10131	0
10321	5
3790	1
11041	0
4040	-1
12671	3
17921	0
17931	2
17981	0
4191	0
10021	0
10271	0
10421	0
10791	0
10921	0
10941	0
11151	0
13681	0
14101	0
15441	1
15511	1
6420	3
6440	0
15541	0
19911	0
691	1
7171	0
11251	2
11391	0
12571	1
12611	-1
17891	0
18011	0
18061	0
4111	0
9951	0
10071	0
10091	0
3640	0
3690	0
3720	0
3990	0
15431	0
15461	4
15521	4
19831	1
20051	0
681	0
981	0
1881	0
440	0
7131	-1
20431	-1
20441	2
12491	0
17881	1
4101	0
4131	2
4311	0
4351	1
1350	0
1390	0
15371	0
15641	0
19801	4
20041	3
20071	2
20101	2
20641	3
641	0
711	0
841	1
891	3
5031	0
1400	1
2090	0
2200	0
7091	0
2120	0
2210	0
6530	0
7271	4
6991	0
7011	0
7341	0
7881	0
12471	0
12721	0
12811	0
7200	0
18551	0
17741	32
17801	5
7230	1
17901	1
18321	2
18361	2
18651	1
18741	1
18781	3
3981	0
9831	0
15271	19
15291	2
15611	0
15631	1
15691	0
15821	0
16011	1
6800	0
16731	0
17731	0
19671	1
19681	0
19711	9
7440	0
7590	1
19741	7
7600	2
7670	0
19761	0
19781	5
19791	0
7470	1
7490	1
611	2
651	1
110	0
500	0
741	0
100	0
1781	0
490	0
6921	1
7041	0
7051	0
12451	5
12631	0
17651	5
17701	0
17721	0
17821	0
7130	2
7250	0
17831	0
7080	0
18051	2
7120	0
18371	1
7210	0
18431	0
7220	0
7240	0
7260	0
18831	0
3941	0
5051	0
9811	0
12951	0
13251	0
13271	0
14071	0
15261	0
15401	0
15251	0
19621	9
19841	1
601	1
951	1
1541	0
1551	1
2451	0
6901	1
6931	0
7021	1
7701	0
7771	0
12361	0
17621	1
17661	1
17671	1
17771	1
7290	0
18991	0
19021	1
7330	0
19041	1
3701	13
4031	7
12201	6
12501	2
12511	3
4860	1
5160	1
12621	3
4980	0
5020	0
5150	0
12851	6
5620	1
12961	3
13581	4
5730	2
5860	4
13821	1
6380	0
6400	1
6410	1
14241	2
15311	1
15331	0
21061	-1
9781	4
9851	-1
9861	4
3630	0
10081	2
15211	5
15301	5
15411	1
6360	3
15591	3
16871	2
7090	0
7100	0
16921	0
21071	-1
19591	9
19651	0
19721	0
19811	1
20011	3
581	0
661	0
2741	0
6801	0
12311	3
12591	1
13111	0
5350	0
5360	0
7810	0
13151	0
5340	0
17611	9
17711	4
17751	1
7640	0
7650	0
17941	2
17991	0
7660	0
20611	5
7700	5
7710	3
20631	10
20701	9
3601	0
3781	1
950	0
6591	1
2000	0
6631	0
9661	1
9691	20
3400	1
3770	0
3780	0
9711	0
10281	1
10301	0
10441	0
15181	4
15201	2
6320	2
6770	1
7070	-1
16941	1
17001	2
17171	3
6890	-2
6900	1
6920	-1
17191	2
17841	2
18731	0
19561	4
19751	2
551	12
3041	2
680	1
3761	4
1360	7
1880	0
4441	0
1220	2
4641	1
4920	0
4651	3
3740	0
4801	0
5181	1
7101	0
7141	3
2240	0
12531	0
12601	0
18841	0
6781	16
10031	2
10061	2
10381	2
12161	11
12171	1
5260	0
12221	1
12231	2
4940	1
12261	10
4600	1
4760	1
5090	0
5240	0
5250	0
5270	0
5470	1
12271	1
12351	1
12411	1
12461	2
12581	2
12691	1
5010	0
5280	2
5480	1
5810	0
12711	2
12751	1
12891	0
5120	0
5130	0
13201	2
13321	1
13591	-1
17501	0
3371	0
3411	0
1990	2
3451	0
1460	1
9641	1
15131	0
15151	0
15161	0
6270	0
15191	0
6300	0
19481	1
19731	1
21851	0
7900	1
541	1
751	0
6681	2
6721	2
6751	0
6771	0
12071	1
12181	0
12701	1
17481	0
3311	0
3321	0
3991	0
4211	4
4411	0
4471	0
4661	0
4831	1
4861	0
4871	0
4901	0
4911	0
5681	0
5721	0
1610	0
5861	0
9551	13
10311	4
10361	1
15091	0
19431	2
19451	2
19491	1
19501	0
19521	0
19531	0
19541	0
7400	1
19551	1
19581	3
7520	0
7530	0
20001	0
20511	0
7690	0
20691	0
531	1
761	0
6441	4
8571	2
8641	1
8751	1
8871	1
9491	1
9921	1
10161	1
10191	1
10201	1
10211	1
10221	1
10241	0
10771	0
10801	0
10871	0
11121	0
11161	0
11771	0
21841	0
22041	0
22151	0
12061	2
12091	0
12101	5
12111	0
12401	1
13011	0
14301	0
14671	0
14711	1
17471	0
3231	0
9531	0
9761	0
15021	0
15031	0
15051	0
6220	0
6230	0
6240	3
6430	1
15341	0
6450	0
15381	2
15471	0
15481	-2
6370	2
6390	2
16461	2
19411	2
19881	0
7480	0
19901	2
19931	0
20381	1
521	3
591	15
901	2
1571	0
2341	0
4331	-1
6331	0
6341	0
6481	0
6661	2
12041	3
12081	2
12121	0
12191	1
17361	6
17421	3
17441	0
3221	2
3421	0
1450	0
3441	2
1240	2
4011	1
1280	0
4141	5
1200	2
1250	3
4381	1
4541	2
1260	0
4611	2
1270	0
1300	5
1700	0
4631	2
5171	0
5231	2
1490	0
1500	0
1580	0
1680	0
1860	0
5491	1
1570	0
1780	0
5551	1
1710	0
5561	2
1770	0
6141	1
6511	0
7061	1
8331	0
12971	0
9501	0
9721	2
3530	0
3580	3
14991	3
15141	1
15281	2
15711	1
15861	0
16301	0
6750	0
19371	0
19391	1
511	0
571	0
2421	0
6261	1
12031	14
13001	4
18151	5
18241	3
19321	3
19381	1
7410	0
17351	2
17811	0
20771	0
3191	0
9401	2
9631	1
9771	0
9791	0
3900	0
14941	0
15061	2
15071	2
15081	0
19361	0
461	1
491	1
781	0
6211	13
6601	0
6641	5
7001	3
2060	4
2260	1
7421	3
2280	1
7741	0
8841	0
13491	0
13691	0
14001	6
16701	0
7150	1
17121	1
7340	1
17681	2
19231	0
19301	1
12011	0
12051	0
13351	0
17341	0
2921	0
3271	4
9351	0
9361	0
9391	0
9441	1
9451	0
14881	1
14891	0
14901	0
6160	1
15241	0
19211	2
19291	2
7350	2
421	5
791	0
2781	2
690	0
720	0
850	1
920	2
930	0
3101	0
3151	0
8291	0
8391	0
3670	0
6051	0
6111	1
6491	1
11981	0
12001	1
12281	0
12881	0
12911	0
13101	1
13211	0
17321	5
2631	0
11941	0
11951	0
9281	1
9381	0
9731	2
9821	0
14851	1
15121	0
6280	1
6290	0
15171	0
19201	2
19221	12
7360	0
7380	0
7390	1
7420	1
7450	0
19311	0
19331	0
19341	0
19351	0
19421	1
19471	0
19861	3
7460	0
381	1
831	0
1001	0
3571	0
3621	0
7251	0
5961	2
5981	7
1890	1
6061	1
6101	2
6311	0
6321	4
7071	3
7191	0
7221	0
7411	0
8271	2
11971	0
17291	30
17311	4
17331	3
17431	2
17451	3
17531	3
17551	4
17571	3
17641	0
17781	1
17791	1
7060	1
17951	0
18311	0
2381	80
4171	1
1330	0
1440	1
1510	1
1650	1
1900	1
4261	1
1320	0
4271	1
1150	1
1730	1
1920	1
4080	0
4321	4
1160	2
4681	2
1310	3
1560	1
4701	1
4961	1
5011	1
5521	1
5771	1
5791	1
5901	1
6011	1
6191	1
6371	1
7791	1
2480	0
8021	1
8521	1
8611	1
9251	0
9271	2
14741	1
14801	2
14841	2
15321	1
15601	1
16841	1
19171	2
291	2
341	0
30	0
40	0
431	0
441	0
801	0
1051	0
3691	0
7381	0
5951	-1
6151	1
11911	0
17231	7
17261	0
17271	0
17301	0
17461	0
17491	0
17591	0
2171	1
2691	1
800	0
2711	1
2771	1
9211	11
9481	2
9541	3
9681	2
4250	0
9701	0
3450	0
9881	1
9901	0
10981	0
4750	0
11171	0
11231	1
11281	1
12641	0
14681	4
19081	4
20141	1
20201	3
20351	0
7610	2
7620	1
7680	0
20521	2
281	1
941	1
971	2
2141	1
4851	1
8111	0
8131	0
5931	1
6121	1
1940	1
7031	0
8261	1
2630	0
2650	1
8401	0
11901	0
14021	1
14421	0
17211	0
17241	0
17251	2
7050	0
17281	0
17411	1
17541	0
6990	1
7000	0
17601	2
17861	5
17911	0
18021	0
18041	0
18081	0
18281	0
7190	0
18291	0
2051	1
2281	0
1810	0
2180	0
2961	0
1820	0
3211	0
3301	0
1830	0
3741	0
1760	0
1790	0
4041	1
4051	0
1800	0
4091	0
4391	0
4421	0
4981	0
5071	0
1840	0
5851	0
1960	0
6201	0
1850	1
1930	0
1950	0
6381	0
2150	0
9081	1
9291	0
3120	1
3170	6
3180	1
3190	0
3210	0
9331	1
3290	3
3350	4
3440	0
9371	0
3700	0
9561	5
9611	0
9671	1
3260	0
3360	0
9741	1
3370	0
3390	2
3410	0
3420	3
3430	0
3470	0
9841	1
3520	0
3620	2
9911	0
3600	1
3610	0
9981	0
3730	0
3750	0
9991	-6
10171	4
10431	0
3810	1
3830	0
10591	2
10611	2
14651	2
14661	1
14701	2
14811	0
14821	0
14831	0
19071	1
19121	0
19701	1
19771	1
20731	1
21101	1
7870	2
271	3
361	1
401	1
821	0
1251	0
830	1
1590	1
3501	1
870	1
5641	1
9871	1
5970	0
11211	0
12991	0
13411	0
13761	0
13781	0
14481	0
5921	2
6131	1
11881	4
11891	3
12651	3
5070	0
5410	2
5540	2
12831	0
5200	0
5220	0
13171	0
5210	0
5230	1
5910	0
5920	0
17161	0
2041	0
2431	0
2761	0
2821	0
3121	0
3521	0
3591	0
3651	0
3661	0
3751	0
3771	0
960	0
2080	0
3821	0
4121	0
4501	0
5631	0
6361	0
6611	0
9061	0
9101	0
2940	0
2960	0
14631	6
16741	1
18981	0
19871	0
7500	2
7540	0
7550	0
20031	6
7570	0
20421	2
241	1
411	13
60	0
70	0
80	0
861	2
6620	0
15851	0
5781	0
9651	0
13031	0
15571	0
16911	0
18141	0
19031	0
20711	0
11851	2
17111	0
17141	0
17631	0
17851	0
2021	1
9021	0
9041	0
3220	0
3380	0
9621	0
13661	1
14501	0
18961	1
19141	1
231	1
501	1
771	0
5751	1
11801	1
11811	0
4230	1
11821	0
4710	0
12211	1
5180	0
5610	0
12661	2
17031	0
17061	0
6870	1
2011	0
8981	0
9141	1
9431	0
14491	2
14611	0
14691	2
6050	0
6130	0
6150	0
14981	1
6190	0
15011	3
6610	1
15361	0
18941	0
221	12
331	0
471	2
1801	0
2101	10
740	1
3681	0
5741	3
5911	2
6251	0
6281	0
6411	0
6561	3
11091	0
12291	2
4890	0
11791	2
11841	2
4340	1
11921	3
4330	0
4410	0
4450	0
4470	0
12131	0
12151	0
4590	0
12421	4
4740	0
4960	0
12781	1
5040	0
17011	0
17081	0
1981	0
8931	2
8941	1
8971	1
9051	0
3080	0
9301	0
9311	0
3110	0
3130	0
14461	2
14471	0
14551	1
14781	0
15621	2
6590	0
15671	0
15941	1
16381	0
16411	0
18931	3
19051	2
21111	0
21321	0
191	1
391	4
50	2
481	0
621	3
330	0
631	1
360	0
671	0
921	6
961	0
340	1
5671	0
11761	0
16881	1
1871	1
2061	0
750	0
2860	1
2111	0
760	0
2581	0
2681	0
770	0
2721	1
2751	2
780	0
2811	0
2831	0
1230	0
2851	0
2861	0
3111	0
3171	0
3541	0
3631	0
3731	0
3871	0
3901	0
1010	1
1090	2
1100	0
1130	0
1170	0
1690	0
4021	0
4201	0
4241	0
1140	0
4371	0
1180	0
4401	0
4671	0
4691	0
4721	0
4741	0
2850	0
2890	0
4821	0
4881	1
1470	0
5021	0
1410	0
5101	0
5221	0
5281	0
5591	0
5801	0
5821	0
5881	0
1910	0
5891	0
5941	0
6181	0
6231	0
6531	0
8861	3
9001	0
9091	0
9121	1
10451	1
10491	1
14401	0
15231	2
6480	0
18911	6
19061	2
19131	2
181	5
251	3
311	0
371	5
240	3
991	4
250	0
1021	0
260	0
1331	7
270	0
1611	4
5621	0
6811	10
2160	0
2170	3
2360	0
6911	0
6941	0
6951	0
6961	0
6971	0
6981	0
2220	0
7751	0
7871	0
11421	2
11431	0
4160	0
11441	0
4180	0
4240	2
4440	1
4460	0
4480	0
4510	0
4690	0
11451	0
11461	0
4210	1
4520	0
5500	1
11471	3
11481	0
4220	0
4550	0
5510	1
11491	0
11511	0
4370	0
4570	0
11531	0
4380	0
4610	1
11541	0
4620	0
11551	0
4400	0
4630	0
11561	0
4390	0
4640	0
11571	0
12251	2
4680	0
4910	0
4970	0
5100	0
5110	0
5600	0
16671	1
16711	2
16981	1
6910	0
6970	1
17221	1
17401	1
1841	0
1971	0
2001	0
2131	0
2191	0
2641	0
3811	0
3921	0
4151	0
7361	0
15731	0
15891	0
15901	0
8851	1
9171	0
4070	1
9231	2
14381	2
14531	0
14571	3
15101	0
18821	1
19281	0
161	0
5571	0
11411	0
11731	1
4320	0
16641	2
16781	1
16901	2
17761	0
7140	0
1771	1
1831	1
510	0
640	0
8731	0
8781	1
8791	0
14371	5
18801	5
19161	2
19241	1
19271	3
20791	0
151	0
871	0
881	0
3711	0
5531	0
11331	3
11351	1
4350	3
4360	1
4780	1
4820	0
4830	2
4850	0
11361	0
4840	0
11401	0
11581	3
11601	0
11631	0
11641	0
4800	0
11671	0
11691	0
11711	1
12481	0
12521	0
13231	1
13531	0
5450	0
13541	0
5460	0
13561	0
5530	0
5550	1
5640	0
5850	0
16631	0
1751	0
4931	0
8651	1
10141	0
14361	0
15391	1
18791	9
141	3
451	0
130	0
180	2
1221	2
5481	0
5511	0
5871	0
6041	0
6301	0
6521	0
11271	0
16601	2
16961	1
16971	1
16991	0
17041	1
6850	1
17101	2
17561	0
1731	3
8561	1
8901	0
8991	0
14351	0
14431	3
14721	-2
6640	0
6660	0
14861	4
6650	0
14871	3
14921	2
6170	0
15551	0
6500	1
6570	1
6600	1
15811	0
18671	0
18681	1
18691	1
18921	0
131	6
2071	1
2881	0
3791	1
4521	0
1210	0
5471	0
5661	6
1600	0
5701	0
5761	0
11221	0
11301	0
11381	0
4120	0
4150	0
16571	0
16751	0
1691	2
1861	1
610	0
6260	0
6630	0
1911	0
1961	1
600	0
2601	1
8091	0
2620	0
2760	0
5560	0
8681	6
8411	3
8451	0
8551	0
8581	0
9461	0
14271	2
14791	0
6110	0
6120	0
6140	0
14971	2
18661	1
18701	0
18721	1
18861	0
18881	0
18891	0
18951	0
121	9
171	23
10	15
150	3
170	1
670	1
2250	4
2300	0
201	7
20	15
220	1
430	1
480	0
650	5
2330	0
211	1
261	1
321	8
351	6
90	0
1321	17
2801	8
1750	3
2230	0
2320	0
2420	1
5991	2
7081	4
7111	4
2140	3
7581	7
2290	0
2350	1
7711	2
2390	0
8921	-4
2910	0
9031	0
5451	1
5611	1
5651	1
1870	0
5831	1
5841	3
6161	1
6171	1
6571	0
11191	2
11201	1
4100	0
4140	0
4490	0
11371	0
4130	0
4300	0
11591	3
5030	0
5290	1
11611	5
6090	0
11621	2
4420	6
11721	-1
5300	2
5330	0
5520	0
5880	2
11741	0
4500	0
11931	0
4280	0
12371	-2
4870	1
4880	0
4900	0
5000	0
5830	2
6010	0
12561	0
13081	1
13281	1
13341	2
5580	0
13511	0
13671	0
13791	0
5690	0
14281	0
5900	1
5990	0
14291	1
6100	0
14541	1
14561	2
6000	0
14601	1
14641	0
14761	1
14771	0
16561	7
16721	0
16761	0
16771	1
16791	0
16821	0
16951	1
6940	0
17511	0
17521	0
1671	5
2201	0
2271	0
2441	0
2471	0
2561	0
2621	0
660	0
1430	0
4581	0
6081	0
2010	0
2070	0
11061	0
11241	0
14171	0
5840	0
14511	0
7310	0
7320	0
8361	0
8381	0
8831	0
14221	1
14341	0
14581	0
18611	0
19001	0
7300	0
111	0
5381	0
6621	0
2030	0
11181	0
11261	0
16551	0
21861	0
21891	0
1531	0
1591	0
2161	0
3281	1
3841	1
8341	2
9341	0
9411	1
14191	0
14211	2
5960	2
18581	0
19251	0
20451	0
20541	0
101	0
5371	0
11131	2
12771	0
12901	0
16531	4
21811	4
21821	1
21871	1
21881	4
1521	0
1561	1
840	0
860	0
1651	3
940	0
1721	0
1811	0
3511	0
3561	0
3721	0
8301	0
8351	3
8721	0
13121	0
14121	0
18571	4
18591	4
18601	1
18641	2
18711	1
18751	1
18771	2
18811	0
18851	0
18871	0
91	0
5321	1
5391	1
11111	7
13721	0
5590	1
13811	1
5740	0
16481	0
17201	0
21771	0
21781	0
21791	4
21801	0
1491	13
2401	7
4791	2
6741	3
2040	1
7861	1
2460	0
8031	2
2470	0
12301	2
4530	2
7730	0
15841	0
8281	1
8771	0
14031	1
14061	0
5750	0
14151	2
14181	0
14201	2
14251	0
5870	0
5890	0
16661	0
18561	1
21561	0
81	0
5261	1
6461	0
6471	0
7121	0
2100	0
2130	0
2190	0
2340	0
3310	0
7161	3
10841	0
3970	0
11071	0
11751	0
6720	0
12341	0
12791	0
5050	0
11101	0
11291	0
15351	0
16471	3
16611	1
16681	0
16801	0
16891	0
21751	0
21921	1
22091	0
1481	0
8181	0
8741	1
3340	0
14011	0
14051	0
5710	0
5760	0
5770	2
5780	1
6460	0
14111	1
14161	1
6470	0
6490	1
6540	1
6930	0
15701	0
6550	1
6560	1
15721	0
17131	0
17371	0
18521	0
18541	0
71	0
5211	1
5241	0
10971	0
16291	2
16451	0
16521	0
16581	0
16931	0
21661	1
21701	0
1461	0
2731	0
3091	0
3391	0
3471	0
8121	1
8151	1
8221	0
8231	1
8491	0
8761	1
8821	1
13981	0
14081	0
14231	0
14731	0
15561	0
18511	5
18531	3
7270	0
61	0
5151	0
5161	0
5251	1
1520	0
5291	3
5331	0
5351	0
1550	1
10901	7
11141	0
16281	0
16361	0
6790	0
16401	0
16431	0
16621	0
21641	0
21711	0
21721	0
21741	1
1431	0
2311	0
2671	0
3531	0
5401	0
8081	0
8211	0
13961	4
13991	0
14041	0
5720	3
6020	1
6060	1
6070	1
6080	1
6510	1
6580	0
14141	0
5790	2
5800	0
6030	0
6040	0
6520	0
15751	0
18501	0
51	0
5121	1
5501	2
1720	0
5581	0
5601	0
10861	2
10911	0
16271	2
16351	1
16371	1
16651	1
6810	1
21571	1
1421	1
5441	1
1540	1
6761	1
2430	0
4950	0
7991	0
13861	0
13881	0
14131	0
18491	0
41	0
5111	0
5141	0
5191	0
5201	0
6091	0
6671	0
6831	0
7401	0
7891	0
9201	0
3200	0
3500	0
3510	0
3760	0
3890	0
9581	0
3490	0
3590	0
10811	0
17391	0
18071	1
21761	0
10831	0
11311	0
16141	3
16211	0
16221	11
6740	0
16231	6
6760	0
16241	0
16691	0
16811	0
21391	1
21431	-1
21491	1
7920	0
1311	62
1361	4
1391	0
290	2
1951	1
2571	0
630	0
2841	1
2110	0
11661	0
4990	0
7981	0
8061	0
8251	3
8541	1
13801	2
13831	4
5630	0
13841	1
5650	0
7430	0
7820	0
21091	0
18441	0
18471	1
18621	1
31	0
5081	0
10761	0
10951	0
11321	0
16111	3
21051	-10
21121	6
7830	0
7840	-3
21241	0
7910	0
21341	2
21691	0
1241	1
3261	1
7931	1
13601	4
13621	0
13631	0
13911	0
5670	0
5700	4
14391	0
14411	0
5940	0
5950	0
18421	1
18451	1
5061	0
5091	0
5421	0
10681	5
10701	0
11831	0
12141	0
16101	3
16151	1
16201	2
6780	3
7010	0
16391	0
16851	0
18901	1
20751	0
21311	2
21331	0
1231	0
1301	0
1411	1
1501	2
1511	1
3351	2
7821	1
7971	0
9751	1
10181	0
3710	0
13551	0
14091	0
18391	0
11	0
5001	1
5691	0
10641	0
10651	0
16081	0
21201	3
21221	0
21231	0
7850	0
21371	0
21631	0
1201	1
1211	0
4781	0
7731	0
13451	0
13471	0
13481	0
5420	0
13651	1
13731	0
